INFO:root:Create log file at log/foursquare/foursquare-20000-cou-1788846571.047077.log
INFO:root:Command line executed: python main.py --dataset foursquare --beta 20000 --features count --channel awgn --snr_db 4
INFO:root:Full args parsed:
INFO:root:Namespace(dataset='foursquare', beta=20000, features='count', model='mlp', epochs=2000, lr=0.0001, setting='f', label_rate=0.1, ablation=0, seed=123, use_c=1, jobs=1, save_features=0, data_dir='./data/', log_dir='log', downsample=0, max_child_size=1, ext=0, channel='awgn', snr_db=4.0, channel_seed=123, max_background_pairs=10000)
INFO:root:Finish loading graphs.
INFO:root:Nodes train: 2356, test: 2334
INFO:root:Simplicies train: 1026, test: 1019
INFO:root:Channel awgn at 4.0 dB: test projection edges 38292 -> 34740
INFO:root:Start computing cliques
INFO:root:Couldn't find cache for max cliques train
INFO:root:Number of maximum cliques:9267
INFO:root:Couldn't find cache for max cliques test
INFO:root:Number of maximum cliques:19244068
INFO:root:test nodes 2334 hyperedges 1019 avg size 6.426889106967615 std 6.4961151853204555 avg degree 2.8059125964010283 max cliques 19244068
INFO:root:Breakdown of test hyperedges (max+small) 224 + 795
INFO:root:Intersection 220 out of 4681 19244068
INFO:root:support cliques train:930 - test: 4681
INFO:root:Optimizing clique sampler .. 
INFO:root:Found cache for rho.
INFO:root:[(52, 52), (44, 44), (39, 39), (37, 37), (36, 36), (35, 35), (32, 32), (31, 31), (30, 30), (27, 27), (26, 26), (25, 25), (24, 24), (23, 23), (22, 22), (21, 21), (20, 20), (19, 19), (18, 18), (17, 17), (2, 2), (1, 1), (14, 14), (16, 16), (15, 15), (13, 13), (11, 11), (12, 12), (10, 10), (9, 9), (35, 1), (8, 8), (52, 1), (31, 1), (7, 7), (23, 1), (39, 1), (27, 1), (3, 3), (2, 1), (20, 1), (6, 6), (21, 1), (5, 5), (22, 1), (24, 1), (30, 1), (4, 4), (36, 1), (44, 1), (14, 1), (25, 1), (32, 1), (11, 1), (3, 2), (16, 1), (17, 1), (12, 1), (15, 1), (10, 1), (13, 1), (35, 2), (9, 1)]
INFO:root:Optimize Clique Sampler: #hyperedges collected:967, recall: 0.942495126705653, efficiency:0.04835
INFO:root:Clique analysis done.
INFO:root:train: 15502 unique candidates out of 19994 sampled candidates
Note: to be able to use all crisp methods, you need to install some additional packages:  {'graph_tool', 'infomap', 'leidenalg', 'wurlitzer', 'bayanpy'}
Note: to be able to use all crisp methods, you need to install some additional packages:  {'ASLPAw', 'torch', 'pyclustering', 'hidef'}
Note: to be able to use all crisp methods, you need to install some additional packages:  {'wurlitzer', 'infomap', 'leidenalg', 'scikit-network'}
Sanity check failed, reindexing the hypergraphs ...
Sanity check failed, reindexing the hypergraphs ...
number of nodes in construct graph 2356
number of nodes in construct graph 2334
(0, 0), (1, 1), (2, 2), (3, 3), (4, 4), (5, 5), (6, 6), (8, 8), (9, 9), (10, 10), (11, 11), (13, 13), (17, 17), (22, 22), (27, 27), (34, 34), (41, 41), (51, 51), (59, 59), (65, 65), (72, 72), (146, 146), (165, 165), (194, 191), (213, 208), (227, 219), (248, 235), (303, 273), (344, 301), (425, 332), (586, 377), (621, 383), (939, 432), (991, 439), (1022, 443), (1764, 505), (1879, 514), (1918, 517), (1945, 519), (3331, 611), (3479, 620), (3679, 631), (5001, 699), (5148, 706), (7355, 795), (7509, 801), (7629, 805), (7659, 806), (10365, 889), (10401, 890), (10445, 891), (10851, 900), (10951, 902), (11015, 903), (11620, 910), (15778, 952), (16082, 955), (16201, 956), (16693, 959), (16903, 960), (17713, 963), (17986, 964), (18581, 965), 
(0, 0), (0, 0), (0, 0), (0, 0), (0, 0), (0, 0), (0, 0), (0, 0), (0, 0), (0, 0), (0, 0), (0, 0), (0, 0), (287, 0), (8507, 0), (112993, 0), (764361, 0), (2929615, 0), (7099702, 0), (12263291, 0), (16329855, 0), (16330942, 65), (16330952, 73), (16470687, 73), (18519283, 73), (19193797, 73), (19214585, 73), (19219702, 73), (19228060, 73), (19230668, 74), (19232575, 74), (19232575, 74), (19234374, 76), (19234374, 76), (19234374, 76), (19235841, 78), (19424901, 84), (19424901, 84), (19424901, 84), (19426825, 167), (19428999, 265), (62734079, 265), (62735285, 277), (76414013, 277), (76416155, 288), (78714847, 288), (78721735, 288), (78721735, 288), (78724690, 328), (78724690, 328), (78724690, 328), (80680980, 339), (80680980, 339), (80680980, 339), (80737267, 355), (80743039, 378), (113520575, 378), (182652163, 378), (182752459, 379), (192870169, 379), (192896249, 385), (193166493, 385), (193166493, 385), 

0it [00:00, ?it/s]
15502it [00:00, 191688.31it/s]
INFO:root:test: 19250992 unique candidates out of 193183296 sampled candidates

0it [00:00, ?it/s]
3837it [00:00, 38357.23it/s]
7716it [00:00, 38608.81it/s]
11613it [00:00, 38770.57it/s]
15500it [00:00, 38808.23it/s]
19418it [00:00, 38941.02it/s]
23336it [00:00, 39021.55it/s]
27240it [00:00, 39025.68it/s]
31143it [00:00, 38936.20it/s]
35054it [00:00, 38990.02it/s]
38963it [00:01, 39019.02it/s]
42904it [00:01, 39135.94it/s]
46826it [00:01, 39158.41it/s]
50742it [00:01, 39097.55it/s]
54652it [00:01, 39056.31it/s]
58582it [00:01, 39127.79it/s]
62495it [00:01, 38650.03it/s]
66443it [00:01, 38896.67it/s]
70380it [00:01, 39035.97it/s]
74356it [00:01, 39251.27it/s]
78321it [00:02, 39368.55it/s]
82259it [00:02, 39353.98it/s]
86213it [00:02, 39407.20it/s]
90158it [00:02, 39417.08it/s]
94100it [00:02, 39018.28it/s]
98082it [00:02, 39255.19it/s]
102057it [00:02, 39401.16it/s]
106026it [00:02, 39486.98it/s]
109995it [00:02, 39543.59it/s]
113950it [00:02, 39400.64it/s]
117925it [00:03, 39504.06it/s]
121876it [00:03, 39295.30it/s]
125872it [00:03, 39492.07it/s]
129822it [00:03, 39338.58it/s]
133804it [00:03, 39480.22it/s]
137758it [00:03, 39497.22it/s]
141743it [00:03, 39600.99it/s]
145757it [00:03, 39760.83it/s]
149734it [00:03, 39590.13it/s]
153730it [00:03, 39698.08it/s]
157738it [00:04, 39809.56it/s]
161720it [00:04, 39782.42it/s]
165730it [00:04, 39874.73it/s]
169748it [00:04, 39963.77it/s]
173763it [00:04, 40018.59it/s]
177765it [00:04, 39745.38it/s]
181740it [00:04, 39440.91it/s]
185686it [00:04, 39444.33it/s]
189659it [00:04, 39527.89it/s]
193635it [00:04, 39594.60it/s]
197598it [00:05, 39602.82it/s]
201578it [00:05, 39660.01it/s]
205545it [00:05, 39223.50it/s]
209536it [00:05, 39426.20it/s]
213526it [00:05, 39565.94it/s]
217500it [00:05, 39616.33it/s]
221507it [00:05, 39751.19it/s]
225493it [00:05, 39783.18it/s]
229491it [00:05, 39839.61it/s]
233476it [00:05, 39426.97it/s]
237486it [00:06, 39626.72it/s]
241492it [00:06, 39755.55it/s]
245514it [00:06, 39892.74it/s]
249526it [00:06, 39959.94it/s]
253541it [00:06, 40014.14it/s]
257543it [00:06, 39712.87it/s]
261515it [00:06, 39413.48it/s]
265510it [00:06, 39572.54it/s]
269507it [00:06, 39690.52it/s]
273503it [00:06, 39770.08it/s]
277488it [00:07, 39793.31it/s]
281496it [00:07, 39877.87it/s]
285498it [00:07, 39917.80it/s]
289490it [00:07, 39097.73it/s]
293407it [00:07, 39116.67it/s]
297329it [00:07, 39143.88it/s]
301260it [00:07, 39192.54it/s]
305215it [00:07, 39297.09it/s]
309163it [00:07, 39349.52it/s]
313099it [00:07, 39321.90it/s]
317044it [00:08, 39357.07it/s]
320981it [00:08, 38890.08it/s]
324886it [00:08, 38935.48it/s]
328781it [00:08, 38600.94it/s]
332693it [00:08, 38753.96it/s]
336633it [00:08, 38945.28it/s]
340572it [00:08, 39074.90it/s]
344481it [00:08, 39056.66it/s]
348388it [00:08, 38860.60it/s]
352344it [00:08, 39067.64it/s]
356313it [00:09, 39252.15it/s]
360302it [00:09, 39442.43it/s]
364309it [00:09, 39629.91it/s]
368273it [00:09, 39074.27it/s]
372211it [00:09, 39164.53it/s]
376129it [00:09, 38930.46it/s]
380079it [00:09, 39097.81it/s]
384079it [00:09, 39365.80it/s]
388098it [00:09, 39608.36it/s]
392114it [00:09, 39772.99it/s]
396092it [00:10, 39755.18it/s]
400068it [00:10, 39737.80it/s]
404043it [00:10, 39488.11it/s]
408050it [00:10, 39660.79it/s]
412017it [00:10, 39639.55it/s]
416095it [00:10, 39977.83it/s]
420180it [00:10, 40235.64it/s]
424268it [00:10, 40428.32it/s]
428366it [00:10, 40591.03it/s]
432426it [00:10, 40221.59it/s]
436531it [00:11, 40464.92it/s]
440637it [00:11, 40641.32it/s]
444725it [00:11, 40712.25it/s]
448831it [00:11, 40815.16it/s]
452937it [00:11, 40886.51it/s]
457050it [00:11, 40959.07it/s]
461177it [00:11, 41049.93it/s]
465283it [00:11, 39204.88it/s]
469359it [00:11, 39653.73it/s]
473437it [00:11, 39983.09it/s]
477478it [00:12, 40107.49it/s]
481530it [00:12, 40228.73it/s]
485616it [00:12, 40416.00it/s]
489710it [00:12, 40570.39it/s]
493792it [00:12, 40642.73it/s]
497888it [00:12, 40736.43it/s]
501964it [00:12, 40413.99it/s]
506007it [00:12, 40410.45it/s]
510050it [00:12, 40407.21it/s]
514092it [00:12, 40383.79it/s]
518139it [00:13, 40406.53it/s]
522181it [00:13, 39690.09it/s]
526153it [00:13, 39382.54it/s]
530186it [00:13, 39659.99it/s]
534218it [00:13, 39853.79it/s]
538266it [00:13, 40039.67it/s]
542314it [00:13, 40167.90it/s]
546368it [00:13, 40276.15it/s]
550397it [00:13, 40267.04it/s]
554444it [00:13, 40325.59it/s]
558477it [00:14, 40090.35it/s]
562518it [00:14, 40183.78it/s]
566556it [00:14, 40240.75it/s]
570610it [00:14, 40328.20it/s]
574662it [00:14, 40384.98it/s]
578729it [00:14, 40469.75it/s]
582777it [00:14, 40228.46it/s]
586841it [00:14, 40349.29it/s]
590915it [00:14, 40463.97it/s]
594984it [00:14, 40529.55it/s]
599069it [00:15, 40621.72it/s]
603147it [00:15, 40666.28it/s]
607214it [00:15, 40594.16it/s]
611274it [00:15, 40116.04it/s]
615354it [00:15, 40318.86it/s]
619439it [00:15, 40476.15it/s]
623513it [00:15, 40552.60it/s]
627591it [00:15, 40619.44it/s]
631678it [00:15, 40693.48it/s]
635748it [00:15, 40659.07it/s]
639820it [00:16, 40674.95it/s]
643888it [00:16, 40486.32it/s]
647986it [00:16, 40630.57it/s]
652050it [00:16, 40584.75it/s]
656126it [00:16, 40635.16it/s]
660190it [00:16, 40452.21it/s]
664268it [00:16, 40547.79it/s]
668359it [00:16, 40653.53it/s]
672425it [00:16, 40415.82it/s]
676515it [00:17, 40557.74it/s]
680615it [00:17, 40689.33it/s]
684705it [00:17, 40749.54it/s]
688799it [00:17, 40804.01it/s]
692880it [00:17, 40796.41it/s]
696974it [00:17, 40838.60it/s]
701058it [00:17, 40633.32it/s]
705139it [00:17, 40685.54it/s]
709257it [00:17, 40832.32it/s]
713381it [00:17, 40951.87it/s]
717477it [00:18, 40870.22it/s]
721595it [00:18, 40962.06it/s]
725717it [00:18, 41035.63it/s]
729821it [00:18, 39160.85it/s]
733939it [00:18, 39745.37it/s]
738060it [00:18, 40173.73it/s]
742089it [00:18, 39311.41it/s]
746204it [00:18, 39847.08it/s]
750313it [00:18, 40211.98it/s]
754414it [00:18, 40445.95it/s]
758521it [00:19, 40629.45it/s]
762642it [00:19, 40800.94it/s]
766741it [00:19, 40857.02it/s]
770855it [00:19, 40939.02it/s]
774951it [00:19, 40737.21it/s]
779078it [00:19, 40895.61it/s]
783242it [00:19, 41117.44it/s]
787385it [00:19, 41208.69it/s]
791518it [00:19, 41243.23it/s]
795645it [00:19, 41249.38it/s]
799771it [00:20, 41196.79it/s]
803891it [00:20, 40298.45it/s]
807985it [00:20, 40484.45it/s]
812085it [00:20, 40636.43it/s]
816190it [00:20, 40757.30it/s]
820301it [00:20, 40860.79it/s]
824428it [00:20, 40982.24it/s]
828565it [00:20, 41095.17it/s]
832724it [00:20, 41239.82it/s]
836849it [00:20, 38967.87it/s]
841031it [00:21, 39786.39it/s]
845194it [00:21, 40322.49it/s]
849339it [00:21, 40653.35it/s]
853474it [00:21, 40858.31it/s]
857600it [00:21, 40975.01it/s]
861704it [00:21, 40991.30it/s]
865809it [00:21, 41008.01it/s]
869923it [00:21, 41045.90it/s]
874030it [00:21, 41008.18it/s]
878133it [00:21, 41003.20it/s]
882276it [00:22, 41128.09it/s]
886390it [00:22, 40836.99it/s]
890562it [00:22, 41097.30it/s]
894705it [00:22, 41194.91it/s]
898883it [00:22, 41366.52it/s]
903060it [00:22, 41486.75it/s]
907234it [00:22, 41560.19it/s]
911396it [00:22, 41576.01it/s]
915554it [00:22, 40824.79it/s]
919688it [00:22, 40973.93it/s]
923873it [00:23, 41231.10it/s]
928055it [00:23, 41404.52it/s]
932220it [00:23, 41474.91it/s]
936377it [00:23, 41500.84it/s]
940528it [00:23, 41470.83it/s]
944676it [00:23, 41458.74it/s]
948823it [00:23, 41212.28it/s]
952992it [00:23, 41351.85it/s]
957145it [00:23, 41403.03it/s]
961303it [00:23, 41453.62it/s]
965460it [00:24, 41487.09it/s]
969609it [00:24, 41398.44it/s]
973750it [00:24, 41289.82it/s]
977880it [00:24, 40853.63it/s]
981997it [00:24, 40947.25it/s]
986121it [00:24, 41031.96it/s]
990267it [00:24, 41156.58it/s]
994413it [00:24, 41245.97it/s]
998538it [00:24, 41157.28it/s]
1002655it [00:24, 41042.74it/s]
1006760it [00:25, 39699.74it/s]
1010906it [00:25, 40212.12it/s]
1015077it [00:25, 40649.96it/s]
1019225it [00:25, 40895.16it/s]
1023332it [00:25, 40944.44it/s]
1027430it [00:25, 40917.31it/s]
1031525it [00:25, 40842.80it/s]
1035631it [00:25, 40906.59it/s]
1039723it [00:25, 40870.21it/s]
1043811it [00:26, 38789.10it/s]
1047888it [00:26, 39359.53it/s]
1051997it [00:26, 39861.99it/s]
1056083it [00:26, 40154.34it/s]
1060109it [00:26, 39892.82it/s]
1064206it [00:26, 40210.60it/s]
1068309it [00:26, 40452.64it/s]
1072439it [00:26, 40703.43it/s]
1076538it [00:26, 40787.78it/s]
1080658it [00:26, 40908.77it/s]
1084800it [00:27, 41059.59it/s]
1088913it [00:27, 41077.11it/s]
1093022it [00:27, 40507.22it/s]
1097141it [00:27, 40708.88it/s]
1101265it [00:27, 40866.24it/s]
1105383it [00:27, 40958.92it/s]
1109488it [00:27, 40983.99it/s]
1113613it [00:27, 41061.89it/s]
1117746it [00:27, 41139.39it/s]
1121870it [00:27, 41168.87it/s]
1125988it [00:28, 40106.13it/s]
1130172it [00:28, 40615.97it/s]
1134371it [00:28, 41020.08it/s]
1138541it [00:28, 41219.99it/s]
1142720it [00:28, 41388.98it/s]
1146889it [00:28, 41476.19it/s]
1151072it [00:28, 41579.86it/s]
1155265it [00:28, 41683.50it/s]
1159435it [00:28, 41651.52it/s]
1163601it [00:28, 41077.65it/s]
1167763it [00:29, 41236.80it/s]
1171917it [00:29, 41324.22it/s]
1176096it [00:29, 41461.61it/s]
1180257it [00:29, 41505.46it/s]
1184442it [00:29, 41608.11it/s]
1188604it [00:29, 38172.46it/s]
1192643it [00:29, 38796.80it/s]
1196822it [00:29, 39653.81it/s]
1201012it [00:29, 40305.04it/s]
1205210it [00:29, 40794.37it/s]
1209410it [00:30, 41149.31it/s]
1213605it [00:30, 41384.09it/s]
1217791it [00:30, 41523.69it/s]
1221951it [00:30, 41260.11it/s]
1226138it [00:30, 41439.13it/s]
1230316it [00:30, 41537.71it/s]
1234485it [00:30, 41580.34it/s]
1238645it [00:30, 41516.63it/s]
1242809it [00:30, 41550.96it/s]
1247016it [00:30, 41704.08it/s]
1251188it [00:31, 40857.08it/s]
1255393it [00:31, 41207.77it/s]
1259556it [00:31, 41330.52it/s]
1263743it [00:31, 41489.41it/s]
1267939it [00:31, 41627.43it/s]
1272131it [00:31, 41712.58it/s]
1276325it [00:31, 41777.50it/s]
1280504it [00:31, 41779.35it/s]
1284683it [00:31, 40851.49it/s]
1288878it [00:31, 41173.27it/s]
1293071it [00:32, 41395.22it/s]
1297251it [00:32, 41514.75it/s]
1301433it [00:32, 41603.67it/s]
1305614it [00:32, 41664.58it/s]
1309788it [00:32, 41686.35it/s]
1313984it [00:32, 41767.39it/s]
1318191it [00:32, 41856.65it/s]
1322378it [00:32, 40891.49it/s]
1326521it [00:32, 41049.18it/s]
1330657it [00:32, 41138.58it/s]
1334786it [00:33, 41182.09it/s]
1338907it [00:33, 38241.66it/s]
1343018it [00:33, 39051.86it/s]
1347104it [00:33, 39570.42it/s]
1351211it [00:33, 40004.28it/s]
1355231it [00:33, 39292.38it/s]
1359333it [00:33, 39794.73it/s]
1363434it [00:33, 40151.40it/s]
1367535it [00:33, 40404.71it/s]
1371633it [00:34, 40572.44it/s]
1375744it [00:34, 40730.83it/s]
1379855it [00:34, 40842.48it/s]
1383964it [00:34, 40915.82it/s]
1388070it [00:34, 40956.59it/s]
1392167it [00:34, 39858.96it/s]
1396262it [00:34, 40178.73it/s]
1400363it [00:34, 40423.66it/s]
1404454it [00:34, 40566.33it/s]
1408560it [00:34, 40710.48it/s]
1412656it [00:35, 40783.87it/s]
1416766it [00:35, 40877.16it/s]
1420885it [00:35, 40969.71it/s]
1424983it [00:35, 40954.06it/s]
1429080it [00:35, 39729.60it/s]
1433157it [00:35, 40032.18it/s]
1437214it [00:35, 40189.50it/s]
1441298it [00:35, 40380.29it/s]
1445372it [00:35, 40486.74it/s]
1449443it [00:35, 40552.52it/s]
1453501it [00:36, 40515.08it/s]
1457555it [00:36, 40520.46it/s]
1461613it [00:36, 40537.42it/s]
1465668it [00:36, 39425.60it/s]
1469710it [00:36, 39716.96it/s]
1473751it [00:36, 39919.53it/s]
1477786it [00:36, 40044.89it/s]
1481829it [00:36, 40158.80it/s]
1485848it [00:36, 40158.58it/s]
1489897it [00:36, 40255.09it/s]
1493964it [00:37, 40377.83it/s]
1498019it [00:37, 40428.10it/s]
1502063it [00:37, 39292.93it/s]
1506000it [00:37, 38171.86it/s]
1510002it [00:37, 38704.30it/s]
1514002it [00:37, 39082.28it/s]
1518008it [00:37, 39368.97it/s]
1522013it [00:37, 39568.08it/s]
1526007it [00:37, 39675.26it/s]
1530018it [00:37, 39803.02it/s]
1534029it [00:38, 39893.96it/s]
1538020it [00:38, 38807.85it/s]
1542000it [00:38, 39096.28it/s]
1545983it [00:38, 39310.91it/s]
1549945it [00:38, 39401.54it/s]
1553962it [00:38, 39627.09it/s]
1557988it [00:38, 39814.32it/s]
1561987it [00:38, 39866.47it/s]
1566018it [00:38, 39997.62it/s]
1570043it [00:38, 40072.23it/s]
1574051it [00:39, 39066.17it/s]
1578072it [00:39, 39399.02it/s]
1582101it [00:39, 39661.93it/s]
1586136it [00:39, 39865.00it/s]
1590173it [00:39, 40013.27it/s]
1594206it [00:39, 40105.43it/s]
1598219it [00:39, 40055.14it/s]
1602226it [00:39, 40007.43it/s]
1606252it [00:39, 40079.65it/s]
1610261it [00:39, 39057.24it/s]
1614296it [00:40, 39436.74it/s]
1618312it [00:40, 39648.51it/s]
1622344it [00:40, 39845.97it/s]
1626348it [00:40, 39902.37it/s]
1630358it [00:40, 39960.19it/s]
1634396it [00:40, 40083.17it/s]
1638426it [00:40, 40147.47it/s]
1642454it [00:40, 40184.76it/s]
1646474it [00:40, 38971.70it/s]
1650478it [00:41, 39283.20it/s]
1654527it [00:41, 39637.80it/s]
1658539it [00:41, 39780.50it/s]
1662527it [00:41, 39808.07it/s]
1666540it [00:41, 39903.39it/s]
1670541it [00:41, 39933.24it/s]
1674541it [00:41, 39952.28it/s]
1678548it [00:41, 39985.86it/s]
1682548it [00:41, 38901.46it/s]
1686546it [00:41, 39216.88it/s]
1690509it [00:42, 39336.21it/s]
1694447it [00:42, 38673.54it/s]
1698409it [00:42, 38950.24it/s]
1702375it [00:42, 39156.94it/s]
1706318it [00:42, 39236.72it/s]
1710293it [00:42, 39386.63it/s]
1714266it [00:42, 39487.65it/s]
1718216it [00:42, 38373.32it/s]
1722182it [00:42, 38749.50it/s]
1726118it [00:42, 38928.82it/s]
1730072it [00:43, 39106.83it/s]
1734034it [00:43, 39256.16it/s]
1738007it [00:43, 39396.77it/s]
1741977it [00:43, 39486.02it/s]
1745927it [00:43, 39449.81it/s]
1749873it [00:43, 39435.00it/s]
1753818it [00:43, 39348.09it/s]
1757754it [00:43, 38128.28it/s]
1761697it [00:43, 38507.58it/s]
1765609it [00:43, 38686.39it/s]
1769504it [00:44, 38763.13it/s]
1773391it [00:44, 38792.57it/s]
1777301it [00:44, 38882.87it/s]
1781192it [00:44, 38886.78it/s]
1785082it [00:44, 38888.77it/s]
1789017it [00:44, 39024.32it/s]
1792921it [00:44, 37999.80it/s]
1796808it [00:44, 38253.88it/s]
1800710it [00:44, 38479.17it/s]
1804631it [00:44, 38694.15it/s]
1808515it [00:45, 38734.26it/s]
1812430it [00:45, 38857.44it/s]
1816347it [00:45, 38950.00it/s]
1820285it [00:45, 39077.05it/s]
1824197it [00:45, 39089.31it/s]
1828114it [00:45, 39110.82it/s]
1832043it [00:45, 39163.02it/s]
1835978it [00:45, 39217.27it/s]
1839910it [00:45, 39246.37it/s]
1843858it [00:45, 39314.03it/s]
1847808it [00:46, 39366.80it/s]
1851745it [00:46, 39359.08it/s]
1855707it [00:46, 39434.94it/s]
1859651it [00:46, 39367.50it/s]
1863588it [00:46, 39354.10it/s]
1867525it [00:46, 39356.45it/s]
1871464it [00:46, 39364.07it/s]
1875401it [00:46, 38821.71it/s]
1879338it [00:46, 38982.35it/s]
1883277it [00:46, 39102.67it/s]
1887202it [00:47, 39144.84it/s]
1891137it [00:47, 39204.11it/s]
1895086it [00:47, 39288.16it/s]
1899048it [00:47, 39386.95it/s]
1902999it [00:47, 39423.46it/s]
1906942it [00:47, 35782.50it/s]
1910869it [00:47, 36757.10it/s]
1914804it [00:47, 37495.54it/s]
1918772it [00:47, 38125.79it/s]
1922723it [00:47, 38530.59it/s]
1926674it [00:48, 38817.61it/s]
1930615it [00:48, 38990.39it/s]
1934526it [00:48, 38639.74it/s]
1938451it [00:48, 38819.51it/s]
1942389it [00:48, 38985.70it/s]
1946361it [00:48, 39202.98it/s]
1950327it [00:48, 39337.04it/s]
1954302it [00:48, 39459.59it/s]
1958256it [00:48, 39482.34it/s]
1962206it [00:49, 39243.80it/s]
1966165it [00:49, 39345.37it/s]
1970113it [00:49, 39383.74it/s]
1974062it [00:49, 39414.72it/s]
1978004it [00:49, 39413.78it/s]
1981946it [00:49, 39379.46it/s]
1985885it [00:49, 39309.56it/s]
1989817it [00:49, 38977.05it/s]
1993746it [00:49, 39069.45it/s]
1997669it [00:49, 39117.06it/s]
2001600it [00:50, 39172.36it/s]
2005540it [00:50, 39239.25it/s]
2009485it [00:50, 39299.78it/s]
2013442it [00:50, 39377.90it/s]
2017380it [00:50, 39115.04it/s]
2021343it [00:50, 39268.34it/s]
2025271it [00:50, 39266.44it/s]
2029198it [00:50, 39241.65it/s]
2033160it [00:50, 39353.10it/s]
2037106it [00:50, 39382.68it/s]
2041067it [00:51, 39448.83it/s]
2045012it [00:51, 38644.79it/s]
2048960it [00:51, 38890.46it/s]
2052910it [00:51, 39068.61it/s]
2056856it [00:51, 39184.58it/s]
2060842it [00:51, 39383.63it/s]
2064807it [00:51, 39462.58it/s]
2068789it [00:51, 39566.83it/s]
2072762it [00:51, 39614.93it/s]
2076724it [00:51, 38981.66it/s]
2080662it [00:52, 39097.70it/s]
2084645it [00:52, 39312.64it/s]
2088617it [00:52, 39431.84it/s]
2092602it [00:52, 39555.38it/s]
2096583it [00:52, 39629.03it/s]
2100573it [00:52, 39708.11it/s]
2104545it [00:52, 39254.60it/s]
2108561it [00:52, 39521.39it/s]
2112578it [00:52, 39711.76it/s]
2116586it [00:52, 39819.58it/s]
2120594it [00:53, 39897.07it/s]
2124626it [00:53, 40020.90it/s]
2128654it [00:53, 40094.85it/s]
2132678it [00:53, 40137.72it/s]
2136692it [00:53, 39758.67it/s]
2140717it [00:53, 39904.25it/s]
2144709it [00:53, 33059.08it/s]
2148692it [00:53, 34825.24it/s]
2152684it [00:53, 36207.69it/s]
2156665it [00:53, 37212.89it/s]
2160484it [00:54, 37116.23it/s]
2164410it [00:54, 37730.76it/s]
2168297it [00:54, 38060.90it/s]
2172242it [00:54, 38467.93it/s]
2176199it [00:54, 38792.25it/s]
2180146it [00:54, 38991.33it/s]
2184070it [00:54, 39063.37it/s]
2187986it [00:54, 38971.70it/s]
2191890it [00:54, 38168.00it/s]
2195739it [00:55, 38260.96it/s]
2199616it [00:55, 38409.91it/s]
2203500it [00:55, 38534.35it/s]
2207380it [00:55, 38612.34it/s]
2211281it [00:55, 38728.11it/s]
2215156it [00:55, 38711.05it/s]
2219061it [00:55, 38810.99it/s]
2222943it [00:55, 38561.17it/s]
2226837it [00:55, 38673.55it/s]
2230745it [00:55, 38793.30it/s]
2234640it [00:56, 38838.99it/s]
2238562it [00:56, 38951.23it/s]
2242475it [00:56, 39002.43it/s]
2246388it [00:56, 39038.27it/s]
2250292it [00:56, 38668.37it/s]
2254214it [00:56, 38829.29it/s]
2258156it [00:56, 39003.88it/s]
2262135it [00:56, 39238.31it/s]
2266108it [00:56, 39385.09it/s]
2270070it [00:56, 39452.69it/s]
2274042it [00:57, 39530.87it/s]
2277996it [00:57, 39337.30it/s]
2281964it [00:57, 39438.96it/s]
2285958it [00:57, 39586.73it/s]
2289933it [00:57, 39635.25it/s]
2293897it [00:57, 39559.75it/s]
2297854it [00:57, 39549.65it/s]
2301810it [00:57, 39547.79it/s]
2305765it [00:57, 37720.25it/s]
2309732it [00:57, 38284.89it/s]
2313675it [00:58, 38619.66it/s]
2317669it [00:58, 39006.51it/s]
2321657it [00:58, 39265.12it/s]
2325664it [00:58, 39502.61it/s]
2329648it [00:58, 39601.97it/s]
2333633it [00:58, 39674.64it/s]
2337607it [00:58, 39692.73it/s]
2341578it [00:58, 39679.90it/s]
2345548it [00:58, 39651.96it/s]
2349514it [00:58, 37597.11it/s]
2353497it [00:59, 38240.87it/s]
2357483it [00:59, 38713.14it/s]
2361441it [00:59, 38965.68it/s]
2365410it [00:59, 39177.46it/s]
2369361it [00:59, 39275.87it/s]
2373326it [00:59, 39386.11it/s]
2377293it [00:59, 39469.65it/s]
2381258it [00:59, 39522.97it/s]
2385235it [00:59, 39594.62it/s]
2389217it [00:59, 39659.56it/s]
2393184it [01:00, 37478.56it/s]
2397155it [01:00, 38119.63it/s]
2401140it [01:00, 38621.36it/s]
2405125it [01:00, 38980.78it/s]
2409035it [01:00, 34542.77it/s]
2413062it [01:00, 36099.71it/s]
2417042it [01:00, 37133.88it/s]
2421074it [01:00, 38042.76it/s]
2425099it [01:00, 38681.62it/s]
2429129it [01:01, 39154.39it/s]
2433172it [01:01, 39527.80it/s]
2437145it [01:01, 39476.29it/s]
2441195it [01:01, 39778.83it/s]
2445231it [01:01, 39950.58it/s]
2449276it [01:01, 40097.17it/s]
2453332it [01:01, 40234.72it/s]
2457371it [01:01, 40280.22it/s]
2461406it [01:01, 40298.71it/s]
2465438it [01:01, 39479.58it/s]
2469476it [01:02, 39745.01it/s]
2473487it [01:02, 39852.43it/s]
2477506it [01:02, 39951.84it/s]
2481529it [01:02, 40032.86it/s]
2485548it [01:02, 40078.52it/s]
2489557it [01:02, 40075.22it/s]
2493566it [01:02, 40039.24it/s]
2497571it [01:02, 37913.31it/s]
2501570it [01:02, 38510.25it/s]
2505605it [01:02, 39045.54it/s]
2509651it [01:03, 39458.97it/s]
2513685it [01:03, 39718.44it/s]
2517728it [01:03, 39927.71it/s]
2521769it [01:03, 40070.75it/s]
2525823it [01:03, 40208.71it/s]
2529847it [01:03, 40192.26it/s]
2533869it [01:03, 40139.77it/s]
2537886it [01:03, 40146.41it/s]
2541902it [01:03, 40128.35it/s]
2545916it [01:03, 39837.42it/s]
2549927it [01:04, 39918.31it/s]
2553954it [01:04, 40022.66it/s]
2557971it [01:04, 40064.53it/s]
2561985it [01:04, 40084.79it/s]
2566029it [01:04, 40188.40it/s]
2570093it [01:04, 40321.40it/s]
2574126it [01:04, 40143.26it/s]
2578186it [01:04, 40279.09it/s]
2582289it [01:04, 40501.03it/s]
2586395it [01:04, 40666.96it/s]
2590499it [01:05, 40777.40it/s]
2594600it [01:05, 40845.49it/s]
2598685it [01:05, 40140.24it/s]
2602814it [01:05, 40478.21it/s]
2606926it [01:05, 40668.58it/s]
2611028it [01:05, 40772.97it/s]
2615120it [01:05, 40813.82it/s]
2619213it [01:05, 40845.58it/s]
2623333it [01:05, 40949.10it/s]
2627439it [01:05, 40981.54it/s]
2631538it [01:06, 39645.11it/s]
2635616it [01:06, 39975.72it/s]
2639703it [01:06, 40238.27it/s]
2643802it [01:06, 40459.78it/s]
2647882it [01:06, 40559.68it/s]
2651984it [01:06, 40694.19it/s]
2656072it [01:06, 40746.40it/s]
2660175it [01:06, 40830.83it/s]
2664284it [01:06, 40907.70it/s]
2668376it [01:06, 38808.15it/s]
2672484it [01:07, 39462.27it/s]
2676584it [01:07, 39908.76it/s]
2680701it [01:07, 40279.39it/s]
2684778it [01:07, 40424.21it/s]
2688867it [01:07, 40561.93it/s]
2692954it [01:07, 40651.71it/s]
2697035it [01:07, 40696.41it/s]
2701143it [01:07, 40808.79it/s]
2705262it [01:07, 40922.11it/s]
2709363it [01:07, 40946.54it/s]
2713459it [01:08, 36366.01it/s]
2717191it [01:08, 36096.95it/s]
2721292it [01:08, 37467.73it/s]
2725398it [01:08, 38492.03it/s]
2729515it [01:08, 39264.98it/s]
2733625it [01:08, 39799.56it/s]
2737734it [01:08, 40178.50it/s]
2741839it [01:08, 40434.91it/s]
2745957it [01:08, 40653.25it/s]
2750076it [01:09, 40810.31it/s]
2754188it [01:09, 40900.46it/s]
2758283it [01:09, 40524.59it/s]
2762399it [01:09, 40710.51it/s]
2766525it [01:09, 40871.75it/s]
2770652it [01:09, 40988.89it/s]
2774764it [01:09, 41024.98it/s]
2778888it [01:09, 41088.65it/s]
2783012it [01:09, 41131.12it/s]
2787126it [01:09, 41116.96it/s]
2791239it [01:10, 40694.12it/s]
2795374it [01:10, 40888.70it/s]
2799495it [01:10, 40983.80it/s]
2803606it [01:10, 41021.14it/s]
2807711it [01:10, 41027.62it/s]
2811847it [01:10, 41125.65it/s]
2815973it [01:10, 41164.00it/s]
2820090it [01:10, 40821.74it/s]
2824226it [01:10, 40981.12it/s]
2828334it [01:10, 41006.95it/s]
2832464it [01:11, 41092.98it/s]
2836603it [01:11, 41181.00it/s]
2840740it [01:11, 41234.23it/s]
2844873it [01:11, 41261.70it/s]
2849000it [01:11, 39945.01it/s]
2853130it [01:11, 40341.75it/s]
2857271it [01:11, 40655.91it/s]
2861404it [01:11, 40855.24it/s]
2865533it [01:11, 40981.77it/s]
2869661it [01:11, 41068.43it/s]
2873771it [01:12, 41045.54it/s]
2877912it [01:12, 41152.52it/s]
2882044it [01:12, 41202.01it/s]
2886165it [01:12, 40306.52it/s]
2890271it [01:12, 40526.53it/s]
2894365it [01:12, 40648.50it/s]
2898476it [01:12, 40782.59it/s]
2902599it [01:12, 40913.60it/s]
2906707it [01:12, 40960.76it/s]
2910820it [01:12, 41007.77it/s]
2914932it [01:13, 41039.82it/s]
2919037it [01:13, 40090.73it/s]
2923137it [01:13, 40355.46it/s]
2927228it [01:13, 40519.04it/s]
2931319it [01:13, 40632.30it/s]
2935426it [01:13, 40759.98it/s]
2939533it [01:13, 40851.31it/s]
2943621it [01:13, 40859.50it/s]
2947708it [01:13, 40859.07it/s]
2951795it [01:13, 40840.13it/s]
2955880it [01:14, 39857.96it/s]
2959951it [01:14, 40108.58it/s]
2964024it [01:14, 40289.80it/s]
2968110it [01:14, 40457.73it/s]
2972191it [01:14, 40560.59it/s]
2976280it [01:14, 40657.02it/s]
2980371it [01:14, 40729.60it/s]
2984463it [01:14, 40784.31it/s]
2988543it [01:14, 39722.81it/s]
2992604it [01:14, 39982.37it/s]
2996675it [01:15, 40196.35it/s]
3000745it [01:15, 40345.27it/s]
3004823it [01:15, 40474.24it/s]
3008881it [01:15, 40504.18it/s]
3012950it [01:15, 40557.09it/s]
3017025it [01:15, 40612.49it/s]
3021097it [01:15, 40643.07it/s]
3025162it [01:15, 39640.45it/s]
3029208it [01:15, 39879.53it/s]
3033251it [01:15, 40040.65it/s]
3037310it [01:16, 40200.81it/s]
3041361it [01:16, 40290.74it/s]
3045420it [01:16, 40377.79it/s]
3049460it [01:16, 34776.26it/s]
3053449it [01:16, 36148.94it/s]
3057176it [01:16, 36210.94it/s]
3061141it [01:16, 37180.77it/s]
3065126it [01:16, 37946.99it/s]
3069103it [01:16, 38477.28it/s]
3073077it [01:17, 38846.18it/s]
3077051it [01:17, 39109.96it/s]
3081029it [01:17, 39307.43it/s]
3085013it [01:17, 39464.20it/s]
3088982it [01:17, 39530.47it/s]
3092942it [01:17, 38546.90it/s]
3096890it [01:17, 38820.50it/s]
3100827it [01:17, 38980.60it/s]
3104787it [01:17, 39162.27it/s]
3108740it [01:17, 39271.25it/s]
3112712it [01:18, 39402.49it/s]
3116655it [01:18, 39405.55it/s]
3120597it [01:18, 39375.62it/s]
3124536it [01:18, 39351.69it/s]
3128472it [01:18, 38461.24it/s]
3132454it [01:18, 38860.89it/s]
3136384it [01:18, 38990.16it/s]
3140326it [01:18, 39117.39it/s]
3144255it [01:18, 39168.03it/s]
3148177it [01:18, 39183.04it/s]
3152119it [01:19, 39251.63it/s]
3156074it [01:19, 39338.60it/s]
3160009it [01:19, 38327.56it/s]
3163935it [01:19, 38600.02it/s]
3167876it [01:19, 38835.91it/s]
3171805it [01:19, 38969.70it/s]
3175715it [01:19, 39006.32it/s]
3179619it [01:19, 39014.69it/s]
3183541it [01:19, 39074.00it/s]
3187476it [01:19, 39154.46it/s]
3191416it [01:20, 39227.31it/s]
3195340it [01:20, 38199.94it/s]
3199231it [01:20, 38407.09it/s]
3203113it [01:20, 38527.75it/s]
3206993it [01:20, 38607.26it/s]
3210883it [01:20, 38692.98it/s]
3214766it [01:20, 38730.18it/s]
3218655it [01:20, 38774.30it/s]
3222534it [01:20, 38751.00it/s]
3226410it [01:20, 38752.32it/s]
3230286it [01:21, 37815.65it/s]
3234181it [01:21, 38148.30it/s]
3238088it [01:21, 38419.16it/s]
3241947it [01:21, 38468.92it/s]
3245837it [01:21, 38595.84it/s]
3249703it [01:21, 38613.50it/s]
3253577it [01:21, 38648.59it/s]
3257476it [01:21, 38747.75it/s]
3261352it [01:21, 37697.68it/s]
3265227it [01:22, 38003.93it/s]
3269120it [01:22, 38275.61it/s]
3273012it [01:22, 38465.72it/s]
3276916it [01:22, 38635.31it/s]
3280818it [01:22, 38749.12it/s]
3284707it [01:22, 38788.01it/s]
3288587it [01:22, 38781.10it/s]
3292466it [01:22, 38774.34it/s]
3296344it [01:22, 37678.36it/s]
3300235it [01:22, 38038.89it/s]
3304102it [01:23, 38223.83it/s]
3307958it [01:23, 38321.27it/s]
3311823it [01:23, 38418.16it/s]
3315684it [01:23, 38475.04it/s]
3319581it [01:23, 38622.28it/s]
3323461it [01:23, 38674.70it/s]
3327330it [01:23, 38667.48it/s]
3331198it [01:23, 38018.23it/s]
3335049it [01:23, 38162.76it/s]
3338920it [01:23, 38324.47it/s]
3342807it [01:24, 38485.29it/s]
3346678it [01:24, 38550.65it/s]
3350552it [01:24, 38603.57it/s]
3354414it [01:24, 38587.13it/s]
3358277it [01:24, 38598.24it/s]
3362138it [01:24, 38564.81it/s]
3365999it [01:24, 38577.36it/s]
3369877it [01:24, 38636.85it/s]
3373748it [01:24, 38656.55it/s]
3377614it [01:24, 38601.91it/s]
3381501it [01:25, 38681.57it/s]
3385392it [01:25, 38748.52it/s]
3389290it [01:25, 38815.90it/s]
3393230it [01:25, 38990.09it/s]
3397158it [01:25, 39073.88it/s]
3401075it [01:25, 39101.04it/s]
3404991it [01:25, 39116.53it/s]
3408908it [01:25, 39130.79it/s]
3412822it [01:25, 39087.41it/s]
3416753it [01:25, 39153.21it/s]
3420678it [01:26, 39180.64it/s]
3424617it [01:26, 39240.76it/s]
3428542it [01:26, 39231.01it/s]
3432466it [01:26, 37843.64it/s]
3436368it [01:26, 38185.41it/s]
3440282it [01:26, 38465.79it/s]
3444164it [01:26, 38567.67it/s]
3448063it [01:26, 38691.16it/s]
3451965it [01:26, 38787.54it/s]
3455847it [01:26, 38792.72it/s]
3459740it [01:27, 38830.90it/s]
3463635it [01:27, 38862.82it/s]
3467524it [01:27, 38868.11it/s]
3471412it [01:27, 38861.55it/s]
3475299it [01:27, 38829.44it/s]
3479212it [01:27, 38918.03it/s]
3483145it [01:27, 39040.23it/s]
3487050it [01:27, 39020.80it/s]
3490970it [01:27, 39073.29it/s]
3494927it [01:27, 39220.71it/s]
3498850it [01:28, 39221.51it/s]
3502773it [01:28, 39219.92it/s]
3506696it [01:28, 39209.89it/s]
3510629it [01:28, 39245.52it/s]
3514554it [01:28, 39227.08it/s]
3518503it [01:28, 39303.75it/s]
3522449it [01:28, 39347.52it/s]
3526400it [01:28, 39393.39it/s]
3530378it [01:28, 39505.93it/s]
3534329it [01:28, 39436.97it/s]
3538273it [01:29, 39379.44it/s]
3542211it [01:29, 39317.38it/s]
3546143it [01:29, 39154.59it/s]
3550059it [01:29, 39151.28it/s]
3553975it [01:29, 39140.37it/s]
3557890it [01:29, 39112.51it/s]
3561845it [01:29, 39242.95it/s]
3565811it [01:29, 39367.53it/s]
3569758it [01:29, 39395.41it/s]
3573704it [01:29, 39412.21it/s]
3577646it [01:30, 39398.90it/s]
3581593it [01:30, 39419.02it/s]
3585560it [01:30, 39492.81it/s]
3589515it [01:30, 39507.01it/s]
3593466it [01:30, 39439.62it/s]
3597410it [01:30, 39295.12it/s]
3601340it [01:30, 39150.94it/s]
3605256it [01:30, 39104.32it/s]
3609167it [01:30, 38946.67it/s]
3613062it [01:30, 38921.14it/s]
3616977it [01:31, 38986.66it/s]
3620876it [01:31, 38933.77it/s]
3624781it [01:31, 38966.59it/s]
3628678it [01:31, 38954.45it/s]
3632574it [01:31, 38909.84it/s]
3636489it [01:31, 38981.33it/s]
3640392it [01:31, 38992.86it/s]
3644292it [01:31, 38949.43it/s]
3648194it [01:31, 38969.77it/s]
3652091it [01:31, 38924.44it/s]
3655984it [01:32, 38904.03it/s]
3659898it [01:32, 38972.61it/s]
3663826it [01:32, 39062.92it/s]
3667751it [01:32, 39115.96it/s]
3671684it [01:32, 39178.49it/s]
3675603it [01:32, 39180.27it/s]
3679522it [01:32, 39175.00it/s]
3683440it [01:32, 39126.21it/s]
3687353it [01:32, 39047.71it/s]
3691260it [01:32, 39052.36it/s]
3695179it [01:33, 39092.98it/s]
3699089it [01:33, 38562.46it/s]
3703010it [01:33, 38753.16it/s]
3706930it [01:33, 38884.42it/s]
3710828it [01:33, 38911.74it/s]
3714731it [01:33, 38944.52it/s]
3718636it [01:33, 38974.87it/s]
3722572it [01:33, 39086.44it/s]
3726481it [01:33, 38629.75it/s]
3730401it [01:33, 38798.58it/s]
3734334it [01:34, 38954.50it/s]
3738271it [01:34, 39077.34it/s]
3742186it [01:34, 39097.49it/s]
3746102it [01:34, 39113.25it/s]
3750019it [01:34, 39126.88it/s]
3753936it [01:34, 39138.47it/s]
3757851it [01:34, 38791.18it/s]
3761760it [01:34, 38878.95it/s]
3765671it [01:34, 38947.35it/s]
3769577it [01:34, 38979.49it/s]
3773507it [01:35, 39074.33it/s]
3777458it [01:35, 39201.68it/s]
3781379it [01:35, 39072.11it/s]
3785324it [01:35, 39183.67it/s]
3789302it [01:35, 39361.78it/s]
3793266it [01:35, 39444.58it/s]
3797261it [01:35, 39594.94it/s]
3801256it [01:35, 39699.29it/s]
3805241it [01:35, 39741.93it/s]
3809216it [01:35, 39647.70it/s]
3813209it [01:36, 39731.18it/s]
3817202it [01:36, 39789.62it/s]
3821187it [01:36, 39806.67it/s]
3825190it [01:36, 39872.63it/s]
3829194it [01:36, 39920.92it/s]
3833203it [01:36, 39970.98it/s]
3837201it [01:36, 39684.17it/s]
3841211it [01:36, 39807.82it/s]
3845196it [01:36, 39819.50it/s]
3849212it [01:36, 39920.68it/s]
3853234it [01:37, 40008.47it/s]
3857265it [01:37, 40095.81it/s]
3861275it [01:37, 36469.90it/s]
3865294it [01:37, 37511.16it/s]
3869295it [01:37, 38224.57it/s]
3873293it [01:37, 38731.09it/s]
3877284it [01:37, 39073.66it/s]
3881261it [01:37, 39278.33it/s]
3885250it [01:37, 39458.57it/s]
3889245it [01:37, 39601.64it/s]
3893213it [01:38, 39369.41it/s]
3897210it [01:38, 39547.15it/s]
3901184it [01:38, 39602.44it/s]
3905179it [01:38, 39704.04it/s]
3909166it [01:38, 39752.66it/s]
3913143it [01:38, 39714.24it/s]
3917139it [01:38, 39786.88it/s]
3921119it [01:38, 39415.54it/s]
3925098it [01:38, 39526.48it/s]
3929087it [01:39, 39634.34it/s]
3933080it [01:39, 39720.33it/s]
3937073it [01:39, 39780.91it/s]
3941080it [01:39, 39866.32it/s]
3945067it [01:39, 39811.27it/s]
3949049it [01:39, 39454.06it/s]
3953009it [01:39, 39494.88it/s]
3956960it [01:39, 39446.60it/s]
3960906it [01:39, 39379.43it/s]
3964845it [01:39, 39380.92it/s]
3968789it [01:40, 39397.36it/s]
3972732it [01:40, 39404.02it/s]
3976673it [01:40, 38516.32it/s]
3980535it [01:40, 38544.87it/s]
3984402it [01:40, 38579.13it/s]
3988263it [01:40, 38580.88it/s]
3992149it [01:40, 38662.80it/s]
3996037it [01:40, 38726.56it/s]
3999938it [01:40, 38808.88it/s]
4003829it [01:40, 38836.81it/s]
4007714it [01:41, 38084.75it/s]
4011636it [01:41, 38419.84it/s]
4015557it [01:41, 38650.88it/s]
4019447it [01:41, 38722.08it/s]
4023343it [01:41, 38790.69it/s]
4027224it [01:41, 38794.79it/s]
4031105it [01:41, 38762.32it/s]
4035007it [01:41, 38838.67it/s]
4038892it [01:41, 38587.36it/s]
4042830it [01:41, 38820.82it/s]
4046785it [01:42, 39037.35it/s]
4050717it [01:42, 39119.31it/s]
4054688it [01:42, 39294.28it/s]
4058638it [01:42, 39354.54it/s]
4062574it [01:42, 39038.88it/s]
4066543it [01:42, 39231.05it/s]
4070497it [01:42, 39319.85it/s]
4074490it [01:42, 39500.26it/s]
4078489it [01:42, 39644.76it/s]
4082483it [01:42, 39730.30it/s]
4086498it [01:43, 39854.93it/s]
4090484it [01:43, 38063.16it/s]
4094517it [01:43, 38718.08it/s]
4098560it [01:43, 39218.57it/s]
4102603it [01:43, 39573.59it/s]
4106648it [01:43, 39831.25it/s]
4110696it [01:43, 40022.64it/s]
4114743it [01:43, 40153.81it/s]
4118795it [01:43, 40261.45it/s]
4122852it [01:43, 40352.84it/s]
4126916it [01:44, 40437.79it/s]
4130978it [01:44, 40489.49it/s]
4135028it [01:44, 38448.71it/s]
4139082it [01:44, 39051.39it/s]
4143120it [01:44, 39436.60it/s]
4147161it [01:44, 39720.18it/s]
4151200it [01:44, 39914.92it/s]
4155238it [01:44, 40052.67it/s]
4159259it [01:44, 40096.84it/s]
4163299it [01:44, 40185.72it/s]
4167359it [01:45, 40308.52it/s]
4171397it [01:45, 40328.40it/s]
4175441it [01:45, 40359.48it/s]
4179478it [01:45, 38276.37it/s]
4183536it [01:45, 38940.15it/s]
4187581it [01:45, 39378.81it/s]
4191650it [01:45, 39762.15it/s]
4195696it [01:45, 39966.96it/s]
4199752it [01:45, 40142.02it/s]
4203795it [01:45, 40226.45it/s]
4207829it [01:46, 40259.02it/s]
4211858it [01:46, 40265.37it/s]
4215910it [01:46, 40338.51it/s]
4219972it [01:46, 40421.84it/s]
4224016it [01:46, 39924.20it/s]
4228091it [01:46, 40168.16it/s]
4232161it [01:46, 40324.38it/s]
4236238it [01:46, 40456.92it/s]
4240312it [01:46, 40541.14it/s]
4244367it [01:46, 40494.19it/s]
4248420it [01:47, 40503.44it/s]
4252471it [01:47, 40471.90it/s]
4256519it [01:47, 39688.06it/s]
4260590it [01:47, 39987.00it/s]
4264667it [01:47, 40216.93it/s]
4268731it [01:47, 40339.73it/s]
4272773it [01:47, 40362.29it/s]
4276843it [01:47, 40462.72it/s]
4280905it [01:47, 40507.83it/s]
4284957it [01:47, 40466.10it/s]
4289005it [01:48, 38382.60it/s]
4293056it [01:48, 38994.41it/s]
4297121it [01:48, 39475.59it/s]
4301196it [01:48, 39847.93it/s]
4305248it [01:48, 40043.34it/s]
4309310it [01:48, 40212.93it/s]
4313369it [01:48, 40323.64it/s]
4317438it [01:48, 40430.73it/s]
4321518it [01:48, 40540.14it/s]
4325589it [01:49, 40589.95it/s]
4329650it [01:49, 40593.47it/s]
4333711it [01:49, 40381.96it/s]
4337800it [01:49, 40532.73it/s]
4341854it [01:49, 38126.20it/s]
4345835it [01:49, 38607.15it/s]
4349852it [01:49, 39059.53it/s]
4353874it [01:49, 39397.41it/s]
4357907it [01:49, 39670.45it/s]
4361884it [01:49, 39503.97it/s]
4365900it [01:50, 39695.48it/s]
4369928it [01:50, 39866.48it/s]
4373951it [01:50, 39972.11it/s]
4377992it [01:50, 40100.85it/s]
4382009it [01:50, 40120.66it/s]
4386023it [01:50, 39544.83it/s]
4390052it [01:50, 39764.37it/s]
4394096it [01:50, 39964.33it/s]
4398160it [01:50, 40163.85it/s]
4402230it [01:50, 40322.65it/s]
4406308it [01:51, 40457.45it/s]
4410360it [01:51, 40473.88it/s]
4414422it [01:51, 40514.48it/s]
4418474it [01:51, 39635.24it/s]
4422514it [01:51, 39859.59it/s]
4426537it [01:51, 39966.92it/s]
4430560it [01:51, 40044.54it/s]
4434616it [01:51, 40197.75it/s]
4438659it [01:51, 40262.83it/s]
4442696it [01:51, 40294.10it/s]
4446733it [01:52, 40315.68it/s]
4450766it [01:52, 39899.27it/s]
4454810it [01:52, 40058.68it/s]
4458871it [01:52, 40220.23it/s]
4462935it [01:52, 40343.49it/s]
4467000it [01:52, 40431.35it/s]
4471060it [01:52, 40478.90it/s]
4475120it [01:52, 40512.29it/s]
4479172it [01:52, 38730.40it/s]
4483245it [01:52, 39310.16it/s]
4487324it [01:53, 39743.12it/s]
4491373it [01:53, 39960.27it/s]
4495430it [01:53, 40140.03it/s]
4499502it [01:53, 40310.76it/s]
4503568it [01:53, 40413.52it/s]
4507617it [01:53, 40434.54it/s]
4511679it [01:53, 40489.31it/s]
4515741it [01:53, 40526.80it/s]
4519821it [01:53, 40607.41it/s]
4523883it [01:53, 40297.60it/s]
4527932it [01:54, 40353.40it/s]
4531969it [01:54, 40296.35it/s]
4536000it [01:54, 40236.64it/s]
4540047it [01:54, 40305.06it/s]
4544090it [01:54, 40341.04it/s]
4548143it [01:54, 40395.87it/s]
4552183it [01:54, 38715.57it/s]
4556242it [01:54, 39259.87it/s]
4560287it [01:54, 39607.45it/s]
4564335it [01:54, 39864.57it/s]
4568388it [01:55, 40061.16it/s]
4572455it [01:55, 40241.76it/s]
4576544it [01:55, 40433.89it/s]
4580632it [01:55, 40566.43it/s]
4584691it [01:55, 40563.13it/s]
4588751it [01:55, 40573.28it/s]
4592810it [01:55, 40138.05it/s]
4596878it [01:55, 40297.47it/s]
4600965it [01:55, 40466.30it/s]
4605062it [01:55, 40616.37it/s]
4609125it [01:56, 40571.56it/s]
4613191it [01:56, 40597.65it/s]
4617252it [01:56, 40594.75it/s]
4621312it [01:56, 40188.51it/s]
4625379it [01:56, 40330.90it/s]
4629452it [01:56, 40448.84it/s]
4633560it [01:56, 40636.59it/s]
4637646it [01:56, 40701.35it/s]
4641717it [01:56, 40678.57it/s]
4645799it [01:56, 40719.19it/s]
4649872it [01:57, 40388.62it/s]
4653966it [01:57, 40550.23it/s]
4658056it [01:57, 40651.87it/s]
4662156it [01:57, 40753.12it/s]
4666251it [01:57, 40808.18it/s]
4670360it [01:57, 40890.72it/s]
4674467it [01:57, 40942.52it/s]
4678562it [01:57, 39928.43it/s]
4682668it [01:57, 40258.96it/s]
4686771it [01:58, 40486.23it/s]
4690874it [01:58, 40645.28it/s]
4694974it [01:58, 40749.55it/s]
4699051it [01:58, 40745.40it/s]
4703141it [01:58, 40788.50it/s]
4707221it [01:58, 40714.96it/s]
4711294it [01:58, 40628.64it/s]
4715358it [01:58, 39770.37it/s]
4719419it [01:58, 40015.56it/s]
4723468it [01:58, 40153.57it/s]
4727516it [01:59, 40249.03it/s]
4731585it [01:59, 40378.02it/s]
4735653it [01:59, 40466.01it/s]
4739723it [01:59, 40532.45it/s]
4743777it [01:59, 39656.61it/s]
4747750it [01:59, 39675.48it/s]
4751891it [01:59, 40188.56it/s]
4756012it [01:59, 40491.46it/s]
4760140it [01:59, 40724.94it/s]
4764263it [01:59, 40873.13it/s]
4768376it [02:00, 40948.69it/s]
4772476it [02:00, 40962.95it/s]
4776593it [02:00, 41022.61it/s]
4780696it [02:00, 39995.19it/s]
4784790it [02:00, 40272.45it/s]
4788878it [02:00, 40450.70it/s]
4792974it [02:00, 40598.39it/s]
4797070it [02:00, 40705.05it/s]
4801163it [02:00, 40769.28it/s]
4805242it [02:00, 40745.60it/s]
4809318it [02:01, 40706.86it/s]
4813390it [02:01, 39642.07it/s]
4817434it [02:01, 39876.11it/s]
4821496it [02:01, 40095.17it/s]
4825573it [02:01, 40294.30it/s]
4829635it [02:01, 40389.17it/s]
4833690it [02:01, 40435.52it/s]
4837776it [02:01, 40559.53it/s]
4841860it [02:01, 40642.69it/s]
4845930it [02:01, 40658.90it/s]
4849997it [02:02, 39541.38it/s]
4854041it [02:02, 39803.37it/s]
4858083it [02:02, 39983.69it/s]
4862127it [02:02, 40118.64it/s]
4866177it [02:02, 40231.58it/s]
4870203it [02:02, 40230.66it/s]
4874254it [02:02, 40311.38it/s]
4878307it [02:02, 40374.47it/s]
4882346it [02:02, 39228.63it/s]
4886277it [02:02, 35375.24it/s]
4890231it [02:03, 36516.65it/s]
4894208it [02:03, 37429.40it/s]
4898179it [02:03, 38080.61it/s]
4902201it [02:03, 38700.72it/s]
4906202it [02:03, 39081.41it/s]
4910215it [02:03, 39388.36it/s]
4914198it [02:03, 39516.69it/s]
4918161it [02:03, 38607.74it/s]
4922132it [02:03, 38929.80it/s]
4926088it [02:04, 39114.86it/s]
4930080it [02:04, 39352.74it/s]
4934061it [02:04, 39487.35it/s]
4938038it [02:04, 39568.29it/s]
4942005it [02:04, 39595.42it/s]
4945998it [02:04, 39692.92it/s]
4949969it [02:04, 38707.39it/s]
4953919it [02:04, 38937.88it/s]
4957843it [02:04, 39026.07it/s]
4961798it [02:04, 39179.81it/s]
4965762it [02:05, 39313.52it/s]
4969763it [02:05, 39519.35it/s]
4973758it [02:05, 39646.11it/s]
4977779it [02:05, 39814.01it/s]
4981783it [02:05, 39879.74it/s]
4985772it [02:05, 38845.75it/s]
4989746it [02:05, 39106.39it/s]
4993725it [02:05, 39306.49it/s]
4997706it [02:05, 39452.64it/s]
5001697it [02:05, 39586.57it/s]
5005673it [02:06, 39636.64it/s]
5009651it [02:06, 39677.50it/s]
5013628it [02:06, 39702.51it/s]
5017599it [02:06, 38610.38it/s]
5021557it [02:06, 38894.34it/s]
5025504it [02:06, 39062.75it/s]
5029495it [02:06, 39311.65it/s]
5033483it [02:06, 39477.84it/s]
5037446it [02:06, 39521.44it/s]
5041422it [02:06, 39589.06it/s]
5045410it [02:07, 39674.23it/s]
5049388it [02:07, 39705.43it/s]
5053360it [02:07, 38683.90it/s]
5057348it [02:07, 39033.98it/s]
5061324it [02:07, 39247.39it/s]
5065312it [02:07, 39434.18it/s]
5069259it [02:07, 39438.84it/s]
5073224it [02:07, 39499.53it/s]
5077180it [02:07, 39515.62it/s]
5081151it [02:07, 39572.25it/s]
5085109it [02:08, 38579.92it/s]
5089070it [02:08, 38881.36it/s]
5093013it [02:08, 39042.75it/s]
5096964it [02:08, 39181.23it/s]
5100911it [02:08, 39265.18it/s]
5104905it [02:08, 39465.26it/s]
5108885it [02:08, 39562.43it/s]
5112843it [02:08, 39536.97it/s]
5116827it [02:08, 39625.94it/s]
5120791it [02:08, 38488.72it/s]
5124736it [02:09, 38768.88it/s]
5128673it [02:09, 38944.82it/s]
5132617it [02:09, 39088.84it/s]
5136553it [02:09, 39166.17it/s]
5140503it [02:09, 39264.17it/s]
5144467it [02:09, 39374.01it/s]
5148406it [02:09, 39342.04it/s]
5152342it [02:09, 39322.63it/s]
5156275it [02:09, 38138.91it/s]
5160187it [02:09, 38424.32it/s]
5164086it [02:10, 38588.69it/s]
5167953it [02:10, 38611.34it/s]
5171843it [02:10, 38694.43it/s]
5175761it [02:10, 38836.77it/s]
5179660it [02:10, 38881.18it/s]
5183562it [02:10, 38920.27it/s]
5187483it [02:10, 39005.13it/s]
5191385it [02:10, 38984.20it/s]
5195294it [02:10, 39014.35it/s]
5199198it [02:10, 39019.79it/s]
5203125it [02:11, 39093.80it/s]
5207047it [02:11, 39130.05it/s]
5210961it [02:11, 39112.63it/s]
5214873it [02:11, 39098.81it/s]
5218791it [02:11, 39122.07it/s]
5222754it [02:11, 39272.55it/s]
5226699it [02:11, 39324.34it/s]
5230632it [02:11, 39211.88it/s]
5234554it [02:11, 39175.27it/s]
5238472it [02:11, 39071.49it/s]
5242380it [02:12, 38884.61it/s]
5246269it [02:12, 38763.98it/s]
5250146it [02:12, 38720.21it/s]
5254023it [02:12, 38732.13it/s]
5257897it [02:12, 38686.58it/s]
5261766it [02:12, 38219.38it/s]
5265632it [02:12, 38347.56it/s]
5269508it [02:12, 38469.64it/s]
5273422it [02:12, 38668.10it/s]
5277341it [02:12, 38820.93it/s]
5281275it [02:13, 38975.70it/s]
5285201it [02:13, 39058.69it/s]
5289108it [02:13, 38740.50it/s]
5293030it [02:13, 38881.98it/s]
5296932it [02:13, 38920.60it/s]
5300846it [02:13, 38985.04it/s]
5304780it [02:13, 39089.81it/s]
5308690it [02:13, 39029.16it/s]
5312594it [02:13, 38744.93it/s]
5316522it [02:13, 38903.05it/s]
5320437it [02:14, 38974.68it/s]
5324351it [02:14, 39019.70it/s]
5328285it [02:14, 39113.80it/s]
5332231it [02:14, 39215.62it/s]
5336169it [02:14, 39261.99it/s]
5340096it [02:14, 39074.89it/s]
5344004it [02:14, 39066.13it/s]
5347922it [02:14, 39098.78it/s]
5351852it [02:14, 39158.58it/s]
5355804it [02:14, 39263.77it/s]
5359731it [02:15, 39238.06it/s]
5363671it [02:15, 39286.12it/s]
5367600it [02:15, 38983.53it/s]
5371520it [02:15, 39046.42it/s]
5375454it [02:15, 39131.65it/s]
5379407it [02:15, 39247.95it/s]
5383357it [02:15, 39321.56it/s]
5387290it [02:15, 39244.20it/s]
5391215it [02:15, 38972.48it/s]
5395146it [02:15, 39069.41it/s]
5399068it [02:16, 39111.49it/s]
5402993it [02:16, 39151.63it/s]
5406926it [02:16, 39203.96it/s]
5410857it [02:16, 39233.77it/s]
5414781it [02:16, 39162.82it/s]
5418698it [02:16, 38603.74it/s]
5422631it [02:16, 38817.00it/s]
5426558it [02:16, 38949.26it/s]
5430508it [02:16, 39112.73it/s]
5434457it [02:17, 39223.98it/s]
5438402it [02:17, 39289.25it/s]
5442332it [02:17, 39226.54it/s]
5446272it [02:17, 39277.89it/s]
5450201it [02:17, 38459.07it/s]
5454143it [02:17, 38740.89it/s]
5458074it [02:17, 38907.28it/s]
5462033it [02:17, 39109.69it/s]
5465996it [02:17, 39263.08it/s]
5469971it [02:17, 39406.70it/s]
5473923it [02:18, 39439.31it/s]
5477868it [02:18, 39412.28it/s]
5481810it [02:18, 38833.05it/s]
5485762it [02:18, 39035.60it/s]
5489724it [02:18, 39208.07it/s]
5493647it [02:18, 34101.87it/s]
5497661it [02:18, 35733.89it/s]
5501673it [02:18, 36955.38it/s]
5505650it [02:18, 37754.04it/s]
5509486it [02:18, 37816.92it/s]
5513504it [02:19, 38504.31it/s]
5517533it [02:19, 39026.90it/s]
5521543it [02:19, 39342.88it/s]
5525549it [02:19, 39554.69it/s]
5529568it [02:19, 39742.88it/s]
5533591it [02:19, 39885.94it/s]
5537586it [02:19, 39561.66it/s]
5541585it [02:19, 39687.99it/s]
5545592it [02:19, 39798.81it/s]
5549594it [02:19, 39864.36it/s]
5553583it [02:20, 39826.88it/s]
5557567it [02:20, 39810.01it/s]
5561549it [02:20, 39785.64it/s]
5565529it [02:20, 39491.07it/s]
5569481it [02:20, 39496.53it/s]
5573432it [02:20, 39490.22it/s]
5577394it [02:20, 39526.72it/s]
5581351it [02:20, 39539.03it/s]
5585323it [02:20, 39591.26it/s]
5589314it [02:20, 39684.56it/s]
5593283it [02:21, 38621.56it/s]
5597177it [02:21, 38714.04it/s]
5601059it [02:21, 38744.61it/s]
5604951it [02:21, 38794.58it/s]
5608847it [02:21, 38843.16it/s]
5612755it [02:21, 38913.08it/s]
5616673it [02:21, 38992.28it/s]
5620574it [02:21, 38987.72it/s]
5624474it [02:21, 38170.82it/s]
5628316it [02:21, 38242.84it/s]
5632175it [02:22, 38343.32it/s]
5636077it [02:22, 38541.97it/s]
5639977it [02:22, 38678.25it/s]
5643883it [02:22, 38791.06it/s]
5647764it [02:22, 38762.21it/s]
5651641it [02:22, 38519.68it/s]
5655560it [02:22, 38719.09it/s]
5659433it [02:22, 38698.93it/s]
5663327it [02:22, 38768.44it/s]
5667249it [02:22, 38900.61it/s]
5671163it [02:23, 38971.31it/s]
5675083it [02:23, 39037.11it/s]
5678987it [02:23, 38743.74it/s]
5682895it [02:23, 38841.30it/s]
5686825it [02:23, 38976.59it/s]
5690728it [02:23, 38988.68it/s]
5694682it [02:23, 39152.73it/s]
5698612it [02:23, 39195.82it/s]
5702532it [02:23, 39194.59it/s]
5706452it [02:23, 39004.13it/s]
5710379it [02:24, 39082.30it/s]
5714333it [02:24, 39216.94it/s]
5718262it [02:24, 39238.01it/s]
5722202it [02:24, 39285.57it/s]
5726140it [02:24, 39312.81it/s]
5730072it [02:24, 37437.16it/s]
5734014it [02:24, 38010.52it/s]
5737958it [02:24, 38428.39it/s]
5741901it [02:24, 38722.22it/s]
5745861it [02:25, 38980.61it/s]
5749799it [02:25, 39098.53it/s]
5753749it [02:25, 39215.52it/s]
5757693it [02:25, 39280.94it/s]
5761681it [02:25, 39459.70it/s]
5765638it [02:25, 39492.37it/s]
5769619it [02:25, 39585.04it/s]
5773579it [02:25, 37614.67it/s]
5777543it [02:25, 38198.23it/s]
5781485it [02:25, 38552.84it/s]
5785444it [02:26, 38855.11it/s]
5789422it [02:26, 39128.39it/s]
5793394it [02:26, 39303.00it/s]
5797362it [02:26, 39413.77it/s]
5801335it [02:26, 39505.89it/s]
5805295it [02:26, 39530.49it/s]
5809277it [02:26, 39616.48it/s]
5813247it [02:26, 39638.90it/s]
5817212it [02:26, 37553.21it/s]
5821198it [02:26, 38217.13it/s]
5825179it [02:27, 38680.36it/s]
5829166it [02:27, 39028.80it/s]
5833168it [02:27, 39320.48it/s]
5837190it [02:27, 39586.71it/s]
5841193it [02:27, 39716.87it/s]
5845183it [02:27, 39770.14it/s]
5849174it [02:27, 39810.89it/s]
5853158it [02:27, 39800.30it/s]
5857141it [02:27, 39808.35it/s]
5861123it [02:27, 39533.13it/s]
5865130it [02:28, 39691.00it/s]
5869116it [02:28, 39738.24it/s]
5873110it [02:28, 39797.75it/s]
5877099it [02:28, 39822.71it/s]
5881084it [02:28, 39829.16it/s]
5885068it [02:28, 39801.73it/s]
5889049it [02:28, 39605.82it/s]
5893059it [02:28, 39753.06it/s]
5897042it [02:28, 39774.61it/s]
5901020it [02:28, 39732.31it/s]
5904994it [02:29, 39710.59it/s]
5908987it [02:29, 39775.21it/s]
5912965it [02:29, 38994.80it/s]
5916937it [02:29, 39206.52it/s]
5920917it [02:29, 39380.25it/s]
5924884it [02:29, 39463.04it/s]
5928832it [02:29, 39404.50it/s]
5932823it [02:29, 39554.47it/s]
5936822it [02:29, 39683.43it/s]
5940853it [02:29, 39867.92it/s]
5944841it [02:30, 37811.05it/s]
5948839it [02:30, 38436.06it/s]
5952818it [02:30, 38830.72it/s]
5956818it [02:30, 39171.58it/s]
5960829it [02:30, 39446.39it/s]
5964861it [02:30, 39704.65it/s]
5968890it [02:30, 39878.02it/s]
5972882it [02:30, 39885.74it/s]
5976875it [02:30, 39897.67it/s]
5980891it [02:30, 39974.60it/s]
5984890it [02:31, 39904.43it/s]
5988882it [02:31, 39854.19it/s]
5992869it [02:31, 39589.81it/s]
5996849it [02:31, 39649.25it/s]
6000842it [02:31, 39732.29it/s]
6004842it [02:31, 39808.69it/s]
6008867it [02:31, 39937.76it/s]
6012889it [02:31, 40021.70it/s]
6016892it [02:31, 39413.18it/s]
6020877it [02:31, 39539.59it/s]
6024869it [02:32, 39650.62it/s]
6028877it [02:32, 39777.85it/s]
6032880it [02:32, 39850.16it/s]
6036906it [02:32, 39971.83it/s]
6040904it [02:32, 39947.03it/s]
6044912it [02:32, 39984.14it/s]
6048911it [02:32, 39689.52it/s]
6052881it [02:32, 39646.86it/s]
6056847it [02:32, 39646.51it/s]
6060825it [02:32, 39684.52it/s]
6064817it [02:33, 39752.89it/s]
6068797it [02:33, 39766.50it/s]
6072774it [02:33, 38731.34it/s]
6076762it [02:33, 39066.81it/s]
6080736it [02:33, 39263.23it/s]
6084717it [02:33, 39424.71it/s]
6088694it [02:33, 39524.80it/s]
6092685it [02:33, 39637.33it/s]
6096660it [02:33, 39669.19it/s]
6100670it [02:34, 39796.71it/s]
6104701it [02:34, 39948.88it/s]
6108697it [02:34, 38214.74it/s]
6112728it [02:34, 38821.47it/s]
6116761it [02:34, 39261.36it/s]
6120818it [02:34, 39645.01it/s]
6124874it [02:34, 39913.82it/s]
6128918it [02:34, 40066.82it/s]
6132945it [02:34, 40127.02it/s]
6136965it [02:34, 40148.24it/s]
6141043it [02:35, 40335.53it/s]
6145106it [02:35, 40421.22it/s]
6149161it [02:35, 40456.87it/s]
6153208it [02:35, 40232.02it/s]
6157288it [02:35, 40400.13it/s]
6161339it [02:35, 40430.00it/s]
6165402it [02:35, 40487.82it/s]
6169452it [02:35, 40439.96it/s]
6173529it [02:35, 40537.42it/s]
6177583it [02:35, 39068.79it/s]
6181502it [02:36, 29775.55it/s]
6185538it [02:36, 32324.71it/s]
6189579it [02:36, 34395.34it/s]
6193653it [02:36, 36094.38it/s]
6197701it [02:36, 37306.08it/s]
6201794it [02:36, 38330.44it/s]
6205889it [02:36, 39083.13it/s]
6209923it [02:36, 39447.43it/s]
6213923it [02:36, 39467.67it/s]
6217995it [02:37, 39834.84it/s]
6222078it [02:37, 40126.75it/s]
6226142it [02:37, 40277.61it/s]
6230228it [02:37, 40448.74it/s]
6234310it [02:37, 40558.25it/s]
6238405it [02:37, 40673.27it/s]
6242478it [02:37, 40223.46it/s]
6246521it [02:37, 40284.39it/s]
6250578it [02:37, 40366.39it/s]
6254639it [02:37, 40436.23it/s]
6258741it [02:38, 40609.22it/s]
6262830it [02:38, 40692.10it/s]
6266915it [02:38, 40738.33it/s]
6270990it [02:38, 40280.41it/s]
6275061it [02:38, 40404.73it/s]
6279130it [02:38, 40486.88it/s]
6283180it [02:38, 40338.60it/s]
6287215it [02:38, 40171.51it/s]
6291233it [02:38, 40084.43it/s]
6295242it [02:38, 40010.55it/s]
6299244it [02:39, 39607.01it/s]
6303220it [02:39, 39651.95it/s]
6307201it [02:39, 39696.89it/s]
6311197it [02:39, 39773.19it/s]
6315175it [02:39, 39734.98it/s]
6319169it [02:39, 39794.44it/s]
6323151it [02:39, 39799.15it/s]
6327132it [02:39, 39002.58it/s]
6331110it [02:39, 39229.49it/s]
6335090it [02:39, 39398.32it/s]
6339066it [02:40, 39504.24it/s]
6343072it [02:40, 39667.37it/s]
6347065it [02:40, 39743.92it/s]
6351066it [02:40, 39821.46it/s]
6355049it [02:40, 38891.24it/s]
6359028it [02:40, 39154.47it/s]
6362996it [02:40, 39308.32it/s]
6366942it [02:40, 39350.53it/s]
6370955it [02:40, 39581.65it/s]
6374988it [02:40, 39802.25it/s]
6379012it [02:41, 39930.24it/s]
6383059it [02:41, 40088.64it/s]
6387116it [02:41, 40229.55it/s]
6391140it [02:41, 39202.08it/s]
6395168it [02:41, 39517.16it/s]
6399204it [02:41, 39765.33it/s]
6403241it [02:41, 39943.23it/s]
6407279it [02:41, 40071.44it/s]
6411315it [02:41, 40154.55it/s]
6415361it [02:41, 40243.77it/s]
6419427it [02:42, 40365.53it/s]
6423465it [02:42, 39446.84it/s]
6427534it [02:42, 39812.53it/s]
6431574it [02:42, 39985.34it/s]
6435597it [02:42, 40056.47it/s]
6439629it [02:42, 40133.29it/s]
6443647it [02:42, 40144.20it/s]
6447663it [02:42, 40045.71it/s]
6451669it [02:42, 39975.77it/s]
6455668it [02:42, 39933.21it/s]
6459662it [02:43, 38895.34it/s]
6463649it [02:43, 39179.36it/s]
6467628it [02:43, 39357.44it/s]
6471616it [02:43, 39511.11it/s]
6475573it [02:43, 39525.79it/s]
6479529it [02:43, 39535.28it/s]
6483508it [02:43, 39610.58it/s]
6487492it [02:43, 39678.79it/s]
6491461it [02:43, 38786.65it/s]
6495463it [02:44, 39147.73it/s]
6499460it [02:44, 39390.65it/s]
6503474it [02:44, 39611.70it/s]
6507507it [02:44, 39824.77it/s]
6511493it [02:44, 39832.75it/s]
6515512it [02:44, 39936.79it/s]
6519534it [02:44, 40019.67it/s]
6523548it [02:44, 40054.24it/s]
6527554it [02:44, 38950.92it/s]
6531551it [02:44, 39246.89it/s]
6535533it [02:45, 39415.48it/s]
6539496it [02:45, 39476.40it/s]
6543476it [02:45, 39571.40it/s]
6547455it [02:45, 39635.70it/s]
6551431it [02:45, 39669.62it/s]
6555431it [02:45, 39766.54it/s]
6559409it [02:45, 38738.50it/s]
6563389it [02:45, 39048.51it/s]
6567389it [02:45, 39327.03it/s]
6571354it [02:45, 39420.31it/s]
6575311it [02:46, 39462.23it/s]
6579295it [02:46, 39572.56it/s]
6583279it [02:46, 39651.68it/s]
6587265it [02:46, 39711.77it/s]
6591248it [02:46, 39746.48it/s]
6595224it [02:46, 38739.25it/s]
6599208it [02:46, 39062.23it/s]
6603205it [02:46, 39330.21it/s]
6607200it [02:46, 39512.47it/s]
6611179it [02:46, 39593.47it/s]
6615182it [02:47, 39721.15it/s]
6619175it [02:47, 39782.61it/s]
6623162it [02:47, 39805.97it/s]
6627144it [02:47, 38726.71it/s]
6631108it [02:47, 38993.95it/s]
6635062it [02:47, 39153.80it/s]
6639016it [02:47, 39268.08it/s]
6642966it [02:47, 39336.33it/s]
6646902it [02:47, 39302.65it/s]
6650834it [02:47, 39263.10it/s]
6654770it [02:48, 39291.49it/s]
6658712it [02:48, 39329.05it/s]
6662646it [02:48, 38293.35it/s]
6666571it [02:48, 38571.20it/s]
6670518it [02:48, 38835.35it/s]
6674428it [02:48, 38911.27it/s]
6678343it [02:48, 38979.24it/s]
6682265it [02:48, 39049.59it/s]
6686185it [02:48, 39092.53it/s]
6690129it [02:48, 39194.68it/s]
6694050it [02:49, 38237.47it/s]
6697990it [02:49, 38579.31it/s]
6701917it [02:49, 38780.98it/s]
6705835it [02:49, 38897.44it/s]
6709746it [02:49, 38957.93it/s]
6713649it [02:49, 38976.88it/s]
6717580it [02:49, 39073.71it/s]
6721515it [02:49, 39154.91it/s]
6725453it [02:49, 39220.34it/s]
6729376it [02:49, 38127.84it/s]
6733291it [02:50, 38425.74it/s]
6737209it [02:50, 38647.28it/s]
6741101it [02:50, 38726.46it/s]
6745010it [02:50, 38832.04it/s]
6748932it [02:50, 38946.07it/s]
6752843it [02:50, 38992.17it/s]
6756761it [02:50, 39045.04it/s]
6760667it [02:50, 37913.47it/s]
6764588it [02:50, 38290.86it/s]
6768490it [02:50, 38503.66it/s]
6772416it [02:51, 38726.10it/s]
6776345it [02:51, 38890.53it/s]
6780256it [02:51, 38955.33it/s]
6784183it [02:51, 39049.07it/s]
6788126it [02:51, 39161.63it/s]
6792045it [02:51, 39169.58it/s]
6795963it [02:51, 38969.79it/s]
6799880it [02:51, 39029.03it/s]
6803824it [02:51, 39151.13it/s]
6807770it [02:51, 39242.30it/s]
6811741it [02:52, 39381.78it/s]
6815702it [02:52, 39447.13it/s]
6819659it [02:52, 39480.62it/s]
6823611it [02:52, 39491.00it/s]
6827561it [02:52, 39492.89it/s]
6831525it [02:52, 39534.05it/s]
6835479it [02:52, 39528.67it/s]
6839432it [02:52, 39477.76it/s]
6843380it [02:52, 39464.37it/s]
6847327it [02:52, 39459.19it/s]
6851279it [02:53, 39475.82it/s]
6855227it [02:53, 39438.80it/s]
6859171it [02:53, 39435.03it/s]
6863115it [02:53, 39369.29it/s]
6867061it [02:53, 39396.04it/s]
6871006it [02:53, 39411.60it/s]
6874976it [02:53, 39496.56it/s]
6878930it [02:53, 39508.24it/s]
6882885it [02:53, 39517.89it/s]
6886844it [02:53, 39538.34it/s]
6890814it [02:54, 39585.42it/s]
6894773it [02:54, 39538.09it/s]
6898727it [02:54, 39507.88it/s]
6902682it [02:54, 39518.05it/s]
6906634it [02:54, 39502.08it/s]
6910588it [02:54, 39511.11it/s]
6914540it [02:54, 39448.01it/s]
6918485it [02:54, 39362.69it/s]
6922422it [02:54, 39295.01it/s]
6926352it [02:54, 39291.50it/s]
6930292it [02:55, 39322.78it/s]
6934225it [02:55, 39312.46it/s]
6938157it [02:55, 39283.22it/s]
6942086it [02:55, 39283.02it/s]
6946028it [02:55, 39322.93it/s]
6949966it [02:55, 39337.40it/s]
6953900it [02:55, 33246.84it/s]
6957810it [02:55, 34800.41it/s]
6961730it [02:55, 36008.91it/s]
6965660it [02:56, 36935.25it/s]
6969582it [02:56, 37590.65it/s]
6973498it [02:56, 38045.44it/s]
6977430it [02:56, 38418.63it/s]
6981339it [02:56, 38614.94it/s]
6985265it [02:56, 38803.07it/s]
6989198it [02:56, 38958.34it/s]
6993131it [02:56, 39067.18it/s]
6997097it [02:56, 39243.78it/s]
7001050it [02:56, 39327.94it/s]
7005003it [02:57, 39386.13it/s]
7008954it [02:57, 39421.78it/s]
7012899it [02:57, 39403.62it/s]
7016861it [02:57, 39466.47it/s]
7020809it [02:57, 39455.36it/s]
7024756it [02:57, 39420.60it/s]
7028699it [02:57, 39394.02it/s]
7032642it [02:57, 39401.46it/s]
7036597it [02:57, 39443.11it/s]
7040550it [02:57, 39467.82it/s]
7044513it [02:58, 39514.11it/s]
7048465it [02:58, 39488.11it/s]
7052414it [02:58, 39461.84it/s]
7056361it [02:58, 39422.72it/s]
7060304it [02:58, 39295.98it/s]
7064234it [02:58, 39208.53it/s]
7068155it [02:58, 39169.13it/s]
7072072it [02:58, 39108.71it/s]
7076004it [02:58, 39170.97it/s]
7079938it [02:58, 39220.16it/s]
7083881it [02:59, 39281.00it/s]
7087825it [02:59, 39326.01it/s]
7091773it [02:59, 39371.08it/s]
7095711it [02:59, 39334.29it/s]
7099645it [02:59, 39303.10it/s]
7103578it [02:59, 39309.57it/s]
7107509it [02:59, 39220.62it/s]
7111432it [02:59, 39174.38it/s]
7115356it [02:59, 39192.15it/s]
7119301it [02:59, 39266.55it/s]
7123260it [03:00, 39362.32it/s]
7127216it [03:00, 39420.11it/s]
7131169it [03:00, 39452.08it/s]
7135130it [03:00, 39497.61it/s]
7139097it [03:00, 39547.45it/s]
7143067it [03:00, 39592.31it/s]
7147060it [03:00, 39690.82it/s]
7151030it [03:00, 38725.39it/s]
7155027it [03:00, 39090.03it/s]
7159038it [03:00, 39390.06it/s]
7163039it [03:01, 39572.90it/s]
7167022it [03:01, 39647.80it/s]
7171034it [03:01, 39785.69it/s]
7175031it [03:01, 39838.09it/s]
7179030it [03:01, 39880.53it/s]
7183019it [03:01, 39512.75it/s]
7187009it [03:01, 39624.87it/s]
7191029it [03:01, 39794.28it/s]
7195030it [03:01, 39855.58it/s]
7199023it [03:01, 39875.27it/s]
7203011it [03:02, 39804.81it/s]
7206996it [03:02, 39817.77it/s]
7210978it [03:02, 39458.57it/s]
7214926it [03:02, 39462.08it/s]
7218886it [03:02, 39501.36it/s]
7222840it [03:02, 39511.34it/s]
7226792it [03:02, 39449.28it/s]
7230746it [03:02, 39473.13it/s]
7234721it [03:02, 39553.65it/s]
7238677it [03:02, 38688.04it/s]
7242583it [03:03, 38795.44it/s]
7246466it [03:03, 38798.05it/s]
7250362it [03:03, 38844.89it/s]
7254265it [03:03, 38897.67it/s]
7258176it [03:03, 38960.34it/s]
7262076it [03:03, 38971.38it/s]
7265992it [03:03, 39025.97it/s]
7269896it [03:03, 38278.43it/s]
7273787it [03:03, 38462.47it/s]
7277685it [03:03, 38612.97it/s]
7281594it [03:04, 38754.47it/s]
7285499it [03:04, 38838.92it/s]
7289390it [03:04, 38857.58it/s]
7293309it [03:04, 38953.94it/s]
7297205it [03:04, 38933.45it/s]
7301099it [03:04, 38721.78it/s]
7304998it [03:04, 38800.44it/s]
7308899it [03:04, 38860.38it/s]
7312806it [03:04, 38921.26it/s]
7316706it [03:04, 38942.46it/s]
7320609it [03:05, 38967.81it/s]
7324506it [03:05, 38581.29it/s]
7328415it [03:05, 38730.99it/s]
7332330it [03:05, 38853.18it/s]
7336255it [03:05, 38969.12it/s]
7340194it [03:05, 39092.62it/s]
7344127it [03:05, 39159.46it/s]
7348063it [03:05, 39216.04it/s]
7351985it [03:05, 37417.71it/s]
7355936it [03:06, 38023.69it/s]
7359902it [03:06, 38501.84it/s]
7363857it [03:06, 38809.51it/s]
7367836it [03:06, 39098.92it/s]
7371813it [03:06, 39295.75it/s]
7375780it [03:06, 39406.54it/s]
7379786it [03:06, 39601.33it/s]
7383749it [03:06, 39581.12it/s]
7387723it [03:06, 39626.73it/s]
7391702it [03:06, 39673.65it/s]
7395671it [03:07, 37749.46it/s]
7399634it [03:07, 38292.19it/s]
7403606it [03:07, 38708.77it/s]
7407597it [03:07, 39061.78it/s]
7411577it [03:07, 39277.85it/s]
7415560it [03:07, 39438.27it/s]
7419509it [03:07, 39434.06it/s]
7423490it [03:07, 39543.56it/s]
7427486it [03:07, 39667.26it/s]
7431478it [03:07, 39741.38it/s]
7435454it [03:08, 37659.73it/s]
7439425it [03:08, 38249.17it/s]
7443431it [03:08, 38776.06it/s]
7447415it [03:08, 39087.64it/s]
7451412it [03:08, 39346.95it/s]
7455384it [03:08, 39454.08it/s]
7459365it [03:08, 39556.77it/s]
7463339it [03:08, 39610.75it/s]
7467311it [03:08, 39640.01it/s]
7471285it [03:08, 39669.49it/s]
7475254it [03:09, 39659.56it/s]
7479221it [03:09, 39635.66it/s]
7483186it [03:09, 38929.87it/s]
7487134it [03:09, 39092.08it/s]
7491101it [03:09, 39261.94it/s]
7495061it [03:09, 39359.80it/s]
7499024it [03:09, 39436.97it/s]
7503003it [03:09, 39539.29it/s]
7506979it [03:09, 39604.08it/s]
7510940it [03:09, 39414.13it/s]
7514922it [03:10, 39533.37it/s]
7518912it [03:10, 39641.09it/s]
7522890it [03:10, 39680.87it/s]
7526893it [03:10, 39784.45it/s]
7530883it [03:10, 39817.15it/s]
7534865it [03:10, 38992.91it/s]
7538815it [03:10, 39140.78it/s]
7542785it [03:10, 39303.56it/s]
7546768it [03:10, 39459.72it/s]
7550749it [03:10, 39562.62it/s]
7554718it [03:11, 39597.88it/s]
7558713it [03:11, 39700.86it/s]
7562707it [03:11, 39772.11it/s]
7566685it [03:11, 37730.05it/s]
7570670it [03:11, 38339.81it/s]
7574667it [03:11, 38815.43it/s]
7578703it [03:11, 39269.62it/s]
7582745it [03:11, 39607.31it/s]
7586780it [03:11, 39824.60it/s]
7590795it [03:11, 39920.31it/s]
7594800it [03:12, 39956.15it/s]
7598806it [03:12, 39984.47it/s]
7602829it [03:12, 40054.68it/s]
7606836it [03:12, 40017.82it/s]
7610839it [03:12, 39719.44it/s]
7614868it [03:12, 39889.12it/s]
7618917it [03:12, 40067.38it/s]
7622926it [03:12, 40072.04it/s]
7626934it [03:12, 40041.06it/s]
7630944it [03:12, 40056.69it/s]
7634950it [03:13, 40047.28it/s]
7638955it [03:13, 39309.47it/s]
7642941it [03:13, 39470.87it/s]
7646944it [03:13, 39635.29it/s]
7650948it [03:13, 39753.20it/s]
7654929it [03:13, 39769.85it/s]
7658934it [03:13, 39851.06it/s]
7662920it [03:13, 39831.64it/s]
7666928it [03:13, 39903.58it/s]
7670919it [03:13, 39618.38it/s]
7674937it [03:14, 39785.06it/s]
7678969it [03:14, 39943.01it/s]
7683002it [03:14, 40056.57it/s]
7687032it [03:14, 40128.39it/s]
7691058it [03:14, 40166.28it/s]
7695075it [03:14, 39497.22it/s]
7699094it [03:14, 39701.99it/s]
7703111it [03:14, 39839.05it/s]
7707125it [03:14, 39926.74it/s]
7711145it [03:14, 40007.26it/s]
7715175it [03:15, 40093.05it/s]
7719224it [03:15, 40211.05it/s]
7723273it [03:15, 40293.61it/s]
7727303it [03:15, 39946.88it/s]
7731305it [03:15, 39965.30it/s]
7735330it [03:15, 40049.62it/s]
7739336it [03:15, 40027.77it/s]
7743340it [03:15, 40003.99it/s]
7747350it [03:15, 40032.34it/s]
7751354it [03:16, 38194.86it/s]
7755366it [03:16, 38752.57it/s]
7759405it [03:16, 39229.24it/s]
7763445it [03:16, 39574.09it/s]
7767461it [03:16, 39745.62it/s]
7771484it [03:16, 39887.86it/s]
7775520it [03:16, 40028.02it/s]
7779562it [03:16, 40143.53it/s]
7783605it [03:16, 40227.71it/s]
7787630it [03:16, 40207.73it/s]
7791653it [03:17, 40212.43it/s]
7795676it [03:17, 38446.50it/s]
7799723it [03:17, 39031.15it/s]
7803765it [03:17, 39435.84it/s]
7807808it [03:17, 39726.63it/s]
7811832it [03:17, 39877.63it/s]
7815846it [03:17, 39953.37it/s]
7819849it [03:17, 39974.02it/s]
7823850it [03:17, 39945.17it/s]
7827893it [03:17, 40088.95it/s]
7831928it [03:18, 40164.96it/s]
7835946it [03:18, 39155.85it/s]
7839939it [03:18, 39381.67it/s]
7843966it [03:18, 39643.03it/s]
7847985it [03:18, 39805.19it/s]
7851987it [03:18, 39867.88it/s]
7855976it [03:18, 39845.73it/s]
7859969it [03:18, 39869.17it/s]
7863957it [03:18, 39800.70it/s]
7867945it [03:18, 39823.69it/s]
7871928it [03:19, 38940.29it/s]
7875906it [03:19, 39187.11it/s]
7879897it [03:19, 39399.52it/s]
7883896it [03:19, 39574.74it/s]
7887892it [03:19, 39688.57it/s]
7891868it [03:19, 39708.53it/s]
7895849it [03:19, 39737.30it/s]
7899844it [03:19, 39798.15it/s]
7903825it [03:19, 39293.68it/s]
7907834it [03:19, 39529.80it/s]
7911841it [03:20, 39690.30it/s]
7915834it [03:20, 39759.04it/s]
7919829it [03:20, 39814.29it/s]
7923829it [03:20, 39868.54it/s]
7927839it [03:20, 39935.73it/s]
7931833it [03:20, 39230.23it/s]
7935843it [03:20, 39487.36it/s]
7939807it [03:20, 39530.85it/s]
7943762it [03:20, 39506.90it/s]
7947746it [03:20, 39605.54it/s]
7951719it [03:21, 39641.00it/s]
7955725it [03:21, 39763.72it/s]
7959735it [03:21, 39861.70it/s]
7963722it [03:21, 39003.85it/s]
7967716it [03:21, 39277.52it/s]
7971684it [03:21, 39393.75it/s]
7975678it [03:21, 39553.96it/s]
7979659it [03:21, 39628.20it/s]
7983641it [03:21, 39683.46it/s]
7987656it [03:21, 39822.26it/s]
7991665it [03:22, 39900.61it/s]
7995656it [03:22, 38940.87it/s]
7999621it [03:22, 39147.21it/s]
8003583it [03:22, 39284.59it/s]
8007527it [03:22, 39329.49it/s]
8011464it [03:22, 39339.18it/s]
8015400it [03:22, 39331.91it/s]
8019380it [03:22, 39469.79it/s]
8023330it [03:22, 39477.74it/s]
8027279it [03:22, 38522.98it/s]
8031283it [03:23, 38967.00it/s]
8035277it [03:23, 39252.48it/s]
8039310it [03:23, 39570.61it/s]
8043347it [03:23, 39805.89it/s]
8047363it [03:23, 39908.55it/s]
8051384it [03:23, 39996.99it/s]
8055391it [03:23, 40018.40it/s]
8059411it [03:23, 40071.94it/s]
8063419it [03:23, 39106.87it/s]
8067436it [03:23, 39417.97it/s]
8071410it [03:24, 39511.34it/s]
8075389it [03:24, 39593.28it/s]
8079404it [03:24, 39757.91it/s]
8083432it [03:24, 39911.61it/s]
8087442it [03:24, 39965.63it/s]
8091443it [03:24, 39977.09it/s]
8095442it [03:24, 38985.27it/s]
8099429it [03:24, 39244.65it/s]
8103421it [03:24, 39444.23it/s]
8107439it [03:25, 39661.19it/s]
8111443it [03:25, 39771.02it/s]
8115431it [03:25, 39802.53it/s]
8119425it [03:25, 39841.74it/s]
8123411it [03:25, 39837.58it/s]
8127401it [03:25, 39854.55it/s]
8131387it [03:25, 38761.14it/s]
8135345it [03:25, 39001.42it/s]
8139315it [03:25, 39206.07it/s]
8143296it [03:25, 39383.23it/s]
8147254it [03:26, 39439.11it/s]
8151216it [03:26, 39490.30it/s]
8155167it [03:26, 39489.48it/s]
8159117it [03:26, 39434.32it/s]
8163062it [03:26, 38417.63it/s]
8167004it [03:26, 38711.60it/s]
8170950it [03:26, 38930.73it/s]
8174898it [03:26, 39090.98it/s]
8178827it [03:26, 39148.02it/s]
8182772it [03:26, 39236.86it/s]
8186716it [03:27, 39296.08it/s]
8190652it [03:27, 39313.71it/s]
8194585it [03:27, 38360.07it/s]
8198524it [03:27, 38660.87it/s]
8202459it [03:27, 38862.37it/s]
8206373it [03:27, 38944.08it/s]
8210301it [03:27, 39041.08it/s]
8214215it [03:27, 39070.24it/s]
8218145it [03:27, 39136.84it/s]
8222070it [03:27, 39168.26it/s]
8225995it [03:28, 39192.08it/s]
8229915it [03:28, 38260.19it/s]
8233852it [03:28, 38584.60it/s]
8237766it [03:28, 38746.50it/s]
8241694it [03:28, 38903.97it/s]
8245608it [03:28, 38973.33it/s]
8249532it [03:28, 39050.63it/s]
8253446it [03:28, 39074.58it/s]
8257363it [03:28, 39101.98it/s]
8261274it [03:28, 38112.23it/s]
8265198it [03:29, 38442.09it/s]
8269106it [03:29, 38628.51it/s]
8273013it [03:29, 38756.61it/s]
8276922it [03:29, 38853.32it/s]
8280839it [03:29, 38944.00it/s]
8284769it [03:29, 39049.25it/s]
8288696it [03:29, 39113.24it/s]
8292609it [03:29, 39059.78it/s]
8296516it [03:29, 38010.55it/s]
8300419it [03:29, 38309.62it/s]
8304355it [03:30, 38617.84it/s]
8308263it [03:30, 38753.54it/s]
8312200it [03:30, 38934.09it/s]
8316106it [03:30, 38968.46it/s]
8320014it [03:30, 39000.48it/s]
8323935it [03:30, 39056.08it/s]
8327842it [03:30, 37937.50it/s]
8331742it [03:30, 38247.84it/s]
8335594it [03:30, 38325.47it/s]
8339510it [03:30, 38570.30it/s]
8343439it [03:31, 38784.19it/s]
8347344it [03:31, 38860.06it/s]
8351237it [03:31, 38879.95it/s]
8355152it [03:31, 38958.12it/s]
8359050it [03:31, 38952.83it/s]
8362946it [03:31, 38047.64it/s]
8366853it [03:31, 38346.81it/s]
8370731it [03:31, 38473.35it/s]
8374623it [03:31, 38603.31it/s]
8378508it [03:31, 38676.13it/s]
8382391it [03:32, 38721.63it/s]
8386289it [03:32, 38797.98it/s]
8390191it [03:32, 38863.87it/s]
8394078it [03:32, 38829.56it/s]
8397973it [03:32, 38862.67it/s]
8401860it [03:32, 38838.19it/s]
8405748it [03:32, 38849.23it/s]
8409637it [03:32, 38860.07it/s]
8413524it [03:32, 38844.09it/s]
8417409it [03:32, 38807.55it/s]
8421295it [03:33, 38821.33it/s]
8425178it [03:33, 38765.77it/s]
8429058it [03:33, 38775.34it/s]
8432950it [03:33, 38816.37it/s]
8436868it [03:33, 38923.76it/s]
8440761it [03:33, 38417.35it/s]
8444625it [03:33, 38480.29it/s]
8448511it [03:33, 38587.52it/s]
8452387it [03:33, 38636.55it/s]
8456288it [03:33, 38745.44it/s]
8460210it [03:34, 38886.50it/s]
8464125it [03:34, 38964.59it/s]
8468022it [03:34, 38572.41it/s]
8471934it [03:34, 38734.12it/s]
8475846it [03:34, 38845.99it/s]
8479757it [03:34, 38923.75it/s]
8483664it [03:34, 38965.59it/s]
8487570it [03:34, 38990.28it/s]
8491470it [03:34, 38702.91it/s]
8495404it [03:34, 38890.86it/s]
8499341it [03:35, 39032.15it/s]
8503277it [03:35, 39127.22it/s]
8507209it [03:35, 39182.70it/s]
8511128it [03:35, 39177.85it/s]
8515046it [03:35, 39177.97it/s]
8518964it [03:35, 38934.30it/s]
8522918it [03:35, 39114.03it/s]
8526873it [03:35, 39243.53it/s]
8530827it [03:35, 39329.46it/s]
8534789it [03:35, 39413.89it/s]
8538753it [03:36, 39480.71it/s]
8542702it [03:36, 39246.22it/s]
8546659it [03:36, 39342.00it/s]
8550646it [03:36, 39498.63it/s]
8554598it [03:36, 39502.22it/s]
8558559it [03:36, 39531.63it/s]
8562557it [03:36, 39665.30it/s]
8566543it [03:36, 39722.05it/s]
8570516it [03:36, 39357.02it/s]
8574492it [03:36, 39474.98it/s]
8578449it [03:37, 39501.92it/s]
8582413it [03:37, 39541.95it/s]
8586375it [03:37, 39564.67it/s]
8590370it [03:37, 39677.22it/s]
8594341it [03:37, 39685.35it/s]
8598310it [03:37, 38695.95it/s]
8602317it [03:37, 39099.12it/s]
8606316it [03:37, 39361.73it/s]
8610273it [03:37, 39423.04it/s]
8614218it [03:38, 39426.97it/s]
8618197it [03:38, 39532.19it/s]
8622178it [03:38, 39612.36it/s]
8626168it [03:38, 39695.18it/s]
8630139it [03:38, 38779.12it/s]
8634125it [03:38, 39097.33it/s]
8638096it [03:38, 39278.18it/s]
8642079it [03:38, 39440.32it/s]
8646052it [03:38, 39524.96it/s]
8650032it [03:38, 39604.95it/s]
8654035it [03:39, 39730.19it/s]
8658018it [03:39, 39759.34it/s]
8661995it [03:39, 38985.68it/s]
8665986it [03:39, 39256.66it/s]
8669944it [03:39, 39351.74it/s]
8673939it [03:39, 39529.04it/s]
8677940it [03:39, 39670.67it/s]
8681931it [03:39, 39740.29it/s]
8685924it [03:39, 39794.60it/s]
8689905it [03:39, 39791.24it/s]
8693885it [03:40, 39163.70it/s]
8697811it [03:40, 39191.64it/s]
8701732it [03:40, 39139.49it/s]
8705648it [03:40, 39092.03it/s]
8709559it [03:40, 39083.87it/s]
8713468it [03:40, 39038.89it/s]
8717380it [03:40, 39060.75it/s]
8721287it [03:40, 38288.73it/s]
8725142it [03:40, 38363.66it/s]
8729030it [03:40, 38514.52it/s]
8732931it [03:41, 38659.91it/s]
8736849it [03:41, 38812.35it/s]
8740747it [03:41, 38861.54it/s]
8744657it [03:41, 38931.83it/s]
8748551it [03:41, 38925.62it/s]
8752444it [03:41, 38226.46it/s]
8756313it [03:41, 38362.87it/s]
8760179it [03:41, 38450.37it/s]
8764072it [03:41, 38591.73it/s]
8767936it [03:41, 38605.05it/s]
8771809it [03:42, 38640.24it/s]
8775706it [03:42, 38736.59it/s]
8779591it [03:42, 38767.72it/s]
8783469it [03:42, 38544.63it/s]
8787384it [03:42, 38724.41it/s]
8791286it [03:42, 38810.55it/s]
8795195it [03:42, 38892.74it/s]
8799105it [03:42, 38954.43it/s]
8803001it [03:42, 38855.13it/s]
8806887it [03:42, 38500.48it/s]
8810775it [03:43, 38612.66it/s]
8814701it [03:43, 38804.06it/s]
8818636it [03:43, 38965.26it/s]
8822579it [03:43, 39101.24it/s]
8826521it [03:43, 39194.27it/s]
8830446it [03:43, 39208.79it/s]
8834368it [03:43, 37336.05it/s]
8838285it [03:43, 37866.75it/s]
8842208it [03:43, 38264.72it/s]
8846128it [03:43, 38537.06it/s]
8850071it [03:44, 38799.94it/s]
8854006it [03:44, 38960.78it/s]
8857945it [03:44, 39086.85it/s]
8861906it [03:44, 39241.28it/s]
8865847it [03:44, 39289.57it/s]
8869778it [03:44, 39290.85it/s]
8873726it [03:44, 39344.84it/s]
8877662it [03:44, 37361.32it/s]
8881633it [03:44, 38036.89it/s]
8885619it [03:44, 38566.87it/s]
8889618it [03:45, 38985.19it/s]
8893588it [03:45, 39196.25it/s]
8897557it [03:45, 39341.69it/s]
8901526it [03:45, 39441.66it/s]
8905511it [03:45, 39561.44it/s]
8909481it [03:45, 39601.67it/s]
8913464it [03:45, 39666.82it/s]
8917433it [03:45, 37585.12it/s]
8921414it [03:45, 38225.32it/s]
8925398it [03:45, 38696.16it/s]
8929384it [03:46, 39037.24it/s]
8933354it [03:46, 39230.38it/s]
8937312it [03:46, 39333.32it/s]
8941312it [03:46, 39531.17it/s]
8945312it [03:46, 39668.84it/s]
8949285it [03:46, 39686.49it/s]
8953256it [03:46, 39641.80it/s]
8957222it [03:46, 39638.49it/s]
8961187it [03:46, 39115.47it/s]
8965219it [03:47, 39472.02it/s]
8969228it [03:47, 39654.93it/s]
8973260it [03:47, 39852.24it/s]
8977301it [03:47, 40017.42it/s]
8981358it [03:47, 40182.02it/s]
8985399it [03:47, 40247.94it/s]
8989425it [03:47, 40196.15it/s]
8993445it [03:47, 39366.96it/s]
8997454it [03:47, 39579.86it/s]
9001453it [03:47, 39700.41it/s]
9005466it [03:48, 39825.63it/s]
9009469it [03:48, 39884.34it/s]
9013479it [03:48, 39945.32it/s]
9017486it [03:48, 39981.83it/s]
9021485it [03:48, 37863.24it/s]
9025482it [03:48, 38467.77it/s]
9029499it [03:48, 38962.49it/s]
9033530it [03:48, 39357.06it/s]
9037540it [03:48, 39575.47it/s]
9041541it [03:48, 39702.15it/s]
9045574it [03:49, 39888.51it/s]
9049632it [03:49, 40093.22it/s]
9053694it [03:49, 40249.49it/s]
9057768it [03:49, 40394.77it/s]
9061810it [03:49, 40391.87it/s]
9065851it [03:49, 40392.81it/s]
9069892it [03:49, 40027.61it/s]
9073916it [03:49, 40090.54it/s]
9077966it [03:49, 40209.65it/s]
9082038it [03:49, 40360.06it/s]
9086100it [03:50, 40436.73it/s]
9090157it [03:50, 40475.96it/s]
9094205it [03:50, 40220.07it/s]
9098273it [03:50, 40356.69it/s]
9102350it [03:50, 40478.99it/s]
9106410it [03:50, 40514.37it/s]
9110477it [03:50, 40560.17it/s]
9114536it [03:50, 40567.82it/s]
9118593it [03:50, 40548.49it/s]
9122648it [03:50, 40235.30it/s]
9126713it [03:51, 40357.87it/s]
9130773it [03:51, 40429.60it/s]
9134817it [03:51, 40428.80it/s]
9138884it [03:51, 40498.09it/s]
9142948it [03:51, 40539.71it/s]
9147003it [03:51, 40166.96it/s]
9151023it [03:51, 40173.53it/s]
9155041it [03:51, 40161.96it/s]
9159074it [03:51, 40210.29it/s]
9163143it [03:51, 40353.31it/s]
9167211it [03:52, 40450.30it/s]
9171282it [03:52, 40526.61it/s]
9175335it [03:52, 39947.92it/s]
9179402it [03:52, 40160.01it/s]
9183473it [03:52, 40323.11it/s]
9187541it [03:52, 40427.58it/s]
9191614it [03:52, 40515.63it/s]
9195684it [03:52, 40570.26it/s]
9199742it [03:52, 40565.34it/s]
9203799it [03:52, 40192.36it/s]
9207885it [03:53, 40389.13it/s]
9211946it [03:53, 40453.44it/s]
9216022it [03:53, 40542.56it/s]
9220090it [03:53, 40582.59it/s]
9224180it [03:53, 40676.86it/s]
9228271it [03:53, 40745.24it/s]
9232346it [03:53, 38983.56it/s]
9236452it [03:53, 39583.33it/s]
9240553it [03:53, 40000.01it/s]
9244658it [03:53, 40307.19it/s]
9248752it [03:54, 40493.28it/s]
9252833it [03:54, 40586.87it/s]
9256920it [03:54, 40668.84it/s]
9261006it [03:54, 40724.73it/s]
9265109it [03:54, 40813.16it/s]
9269192it [03:54, 40802.22it/s]
9273274it [03:54, 39298.39it/s]
9277353it [03:54, 39732.53it/s]
9281437it [03:54, 40056.71it/s]
9285506it [03:54, 40240.37it/s]
9289599it [03:55, 40443.88it/s]
9293659it [03:55, 40487.16it/s]
9297738it [03:55, 40576.92it/s]
9301837it [03:55, 40698.17it/s]
9305929it [03:55, 40762.68it/s]
9310007it [03:55, 40764.94it/s]
9314085it [03:55, 40368.39it/s]
9318185it [03:55, 40555.66it/s]
9322293it [03:55, 40710.12it/s]
9326379it [03:55, 40753.29it/s]
9330461it [03:56, 40771.11it/s]
9334569it [03:56, 40863.05it/s]
9338656it [03:56, 40844.00it/s]
9342741it [03:56, 39719.58it/s]
9346824it [03:56, 40041.75it/s]
9350913it [03:56, 40290.69it/s]
9355001it [03:56, 40464.92it/s]
9359080it [03:56, 40560.78it/s]
9363152it [03:56, 40606.99it/s]
9367238it [03:56, 40681.68it/s]
9371308it [03:57, 40677.33it/s]
9375377it [03:57, 40319.50it/s]
9379447it [03:57, 40429.64it/s]
9383526it [03:57, 40535.42it/s]
9387601it [03:57, 40597.25it/s]
9391684it [03:57, 40666.32it/s]
9395753it [03:57, 40670.54it/s]
9399833it [03:57, 40708.50it/s]
9403905it [03:57, 40311.03it/s]
9408006it [03:57, 40517.96it/s]
9412132it [03:58, 40737.30it/s]
9416242it [03:58, 40844.14it/s]
9420337it [03:58, 40873.78it/s]
9424457it [03:58, 40970.54it/s]
9428577it [03:58, 41036.69it/s]
9432681it [03:58, 40678.43it/s]
9436786it [03:58, 40786.34it/s]
9440903it [03:58, 40899.38it/s]
9445001it [03:58, 40920.72it/s]
9449136it [03:58, 41047.45it/s]
9453242it [03:59, 41048.99it/s]
9457348it [03:59, 39747.87it/s]
9461439it [03:59, 40087.86it/s]
9465554it [03:59, 40400.70it/s]
9469664it [03:59, 40605.98it/s]
9473774it [03:59, 40752.17it/s]
9477884it [03:59, 40855.50it/s]
9481998it [03:59, 40937.86it/s]
9486094it [03:59, 40919.31it/s]
9490218it [04:00, 41012.66it/s]
9494321it [04:00, 40223.14it/s]
9498422it [04:00, 40455.13it/s]
9502518it [04:00, 40602.78it/s]
9506635it [04:00, 40769.99it/s]
9510730it [04:00, 40821.23it/s]
9514814it [04:00, 40815.80it/s]
9518897it [04:00, 40804.63it/s]
9522979it [04:00, 40703.42it/s]
9527050it [04:00, 39732.57it/s]
9531098it [04:01, 39949.65it/s]
9535152it [04:01, 40121.57it/s]
9539195it [04:01, 40210.66it/s]
9543235it [04:01, 40266.72it/s]
9547291it [04:01, 40352.28it/s]
9551328it [04:01, 40348.59it/s]
9555364it [04:01, 40341.02it/s]
9559399it [04:01, 39463.75it/s]
9563477it [04:01, 39849.88it/s]
9567528it [04:01, 40044.85it/s]
9571609it [04:02, 40272.13it/s]
9575698it [04:02, 40455.44it/s]
9579774it [04:02, 40545.75it/s]
9583861it [04:02, 40639.98it/s]
9587933it [04:02, 40662.67it/s]
9592023it [04:02, 40732.09it/s]
9596097it [04:02, 39693.35it/s]
9600158it [04:02, 39962.04it/s]
9604203it [04:02, 40104.95it/s]
9608253it [04:02, 40219.95it/s]
9612317it [04:03, 40344.23it/s]
9616379it [04:03, 40423.28it/s]
9620423it [04:03, 40380.22it/s]
9624462it [04:03, 40365.94it/s]
9628500it [04:03, 39457.82it/s]
9632521it [04:03, 39677.04it/s]
9636547it [04:03, 39846.66it/s]
9640551it [04:03, 39903.06it/s]
9644571it [04:03, 39989.98it/s]
9648606it [04:03, 40094.93it/s]
9652624it [04:04, 40118.35it/s]
9656646it [04:04, 40146.24it/s]
9660662it [04:04, 39183.09it/s]
9664668it [04:04, 39439.73it/s]
9668661it [04:04, 39584.52it/s]
9672680it [04:04, 39762.69it/s]
9676689it [04:04, 39859.99it/s]
9680688it [04:04, 39895.99it/s]
9684691it [04:04, 39932.32it/s]
9688704it [04:04, 39989.13it/s]
9692732it [04:05, 40074.66it/s]
9696740it [04:05, 39073.11it/s]
9700729it [04:05, 39312.23it/s]
9704699it [04:05, 39426.61it/s]
9708684it [04:05, 39549.73it/s]
9712674it [04:05, 39653.58it/s]
9716672it [04:05, 39749.77it/s]
9720694it [04:05, 39888.26it/s]
9724713it [04:05, 39975.99it/s]
9728712it [04:05, 38981.24it/s]
9732692it [04:06, 39219.24it/s]
9736691it [04:06, 39446.97it/s]
9740715it [04:06, 39680.76it/s]
9744733it [04:06, 39829.07it/s]
9748731it [04:06, 39872.42it/s]
9752750it [04:06, 39966.60it/s]
9756774it [04:06, 40045.87it/s]
9760780it [04:06, 39045.28it/s]
9764748it [04:06, 39230.38it/s]
9768732it [04:06, 39408.43it/s]
9772713it [04:07, 39524.28it/s]
9776676it [04:07, 39553.29it/s]
9780634it [04:07, 39519.64it/s]
9784588it [04:07, 39503.48it/s]
9788546it [04:07, 39525.38it/s]
9792500it [04:07, 39500.40it/s]
9796451it [04:07, 38480.88it/s]
9800390it [04:07, 38746.59it/s]
9804337it [04:07, 38958.65it/s]
9808283it [04:07, 39105.40it/s]
9812239it [04:08, 39238.56it/s]
9816199it [04:08, 39345.91it/s]
9820153it [04:08, 39400.61it/s]
9824103it [04:08, 39428.62it/s]
9828047it [04:08, 38523.15it/s]
9831975it [04:08, 38744.15it/s]
9835929it [04:08, 38977.19it/s]
9839862it [04:08, 39079.38it/s]
9843802it [04:08, 39172.67it/s]
9847782it [04:09, 39358.44it/s]
9851735it [04:09, 39407.45it/s]
9855708it [04:09, 39502.52it/s]
9859679it [04:09, 39564.23it/s]
9863636it [04:09, 38512.42it/s]
9867568it [04:09, 38747.47it/s]
9871519it [04:09, 38970.96it/s]
9875451it [04:09, 39071.95it/s]
9879414it [04:09, 39237.08it/s]
9883387it [04:09, 39383.27it/s]
9887356it [04:10, 39474.37it/s]
9891305it [04:10, 39445.59it/s]
9895251it [04:10, 38316.33it/s]
9899204it [04:10, 38670.56it/s]
9903078it [04:10, 38622.57it/s]
9907014it [04:10, 38839.35it/s]
9910946it [04:10, 38981.28it/s]
9914876it [04:10, 39074.72it/s]
9918788it [04:10, 39087.53it/s]
9922698it [04:10, 39050.48it/s]
9926604it [04:11, 39024.78it/s]
9930508it [04:11, 38427.62it/s]
9934403it [04:11, 38579.98it/s]
9938332it [04:11, 38789.26it/s]
9942251it [04:11, 38907.47it/s]
9946189it [04:11, 39046.53it/s]
9950105it [04:11, 39079.72it/s]
9954016it [04:11, 39086.45it/s]
9957926it [04:11, 39081.62it/s]
9961836it [04:11, 39085.07it/s]
9965781it [04:12, 39191.18it/s]
9969707it [04:12, 39208.77it/s]
9973641it [04:12, 39247.71it/s]
9977566it [04:12, 39184.31it/s]
9981485it [04:12, 39161.38it/s]
9985402it [04:12, 39126.00it/s]
9989315it [04:12, 39018.46it/s]
9993220it [04:12, 39024.68it/s]
9997123it [04:12, 38987.05it/s]
10001041it [04:12, 39042.84it/s]
10004952it [04:13, 39060.09it/s]
10008864it [04:13, 39074.40it/s]
10012772it [04:13, 39057.05it/s]
10016678it [04:13, 39041.68it/s]
10020592it [04:13, 39068.84it/s]
10024515it [04:13, 39114.87it/s]
10028439it [04:13, 39150.36it/s]
10032355it [04:13, 39087.25it/s]
10036264it [04:13, 39076.37it/s]
10040189it [04:13, 39125.33it/s]
10044113it [04:14, 39157.39it/s]
10048032it [04:14, 39165.64it/s]
10051949it [04:14, 39086.82it/s]
10055858it [04:14, 39030.76it/s]
10059771it [04:14, 39059.17it/s]
10063693it [04:14, 39105.56it/s]
10067604it [04:14, 39069.22it/s]
10071511it [04:14, 39043.28it/s]
10075416it [04:14, 39010.15it/s]
10079331it [04:14, 39050.96it/s]
10083253it [04:15, 39101.00it/s]
10087167it [04:15, 39110.27it/s]
10091092it [04:15, 39149.77it/s]
10095007it [04:15, 39077.60it/s]
10098915it [04:15, 39009.86it/s]
10102830it [04:15, 39049.89it/s]
10106740it [04:15, 39061.79it/s]
10110647it [04:15, 39051.43it/s]
10114553it [04:15, 39022.92it/s]
10118457it [04:15, 39025.65it/s]
10122365it [04:16, 39039.36it/s]
10126285it [04:16, 39085.26it/s]
10130227it [04:16, 39182.22it/s]
10134194it [04:16, 39324.85it/s]
10138140it [04:16, 39363.95it/s]
10142086it [04:16, 39390.55it/s]
10146039it [04:16, 39431.90it/s]
10149983it [04:16, 39431.75it/s]
10153932it [04:16, 39446.72it/s]
10157880it [04:16, 39455.64it/s]
10161826it [04:17, 39434.54it/s]
10165770it [04:17, 39402.89it/s]
10169741it [04:17, 39492.16it/s]
10173724it [04:17, 39592.63it/s]
10177692it [04:17, 39618.50it/s]
10181659it [04:17, 39629.96it/s]
10185641it [04:17, 39685.43it/s]
10189662it [04:17, 39839.78it/s]
10193657it [04:17, 39870.60it/s]
10197659it [04:17, 39913.25it/s]
10201651it [04:18, 39887.36it/s]
10205640it [04:18, 39883.12it/s]
10209629it [04:18, 39876.21it/s]
10213619it [04:18, 39881.36it/s]
10217608it [04:18, 39881.48it/s]
10221601it [04:18, 39893.59it/s]
10225599it [04:18, 39916.29it/s]
10229611it [04:18, 39976.94it/s]
10233609it [04:18, 39974.16it/s]
10237607it [04:18, 39920.74it/s]
10241600it [04:19, 39916.39it/s]
10245592it [04:19, 39863.56it/s]
10249579it [04:19, 39786.88it/s]
10253583it [04:19, 39860.51it/s]
10257570it [04:19, 39851.44it/s]
10261556it [04:19, 39835.01it/s]
10265551it [04:19, 39867.59it/s]
10269538it [04:19, 39821.69it/s]
10273535it [04:19, 39863.34it/s]
10277556it [04:19, 39965.00it/s]
10281558it [04:20, 39978.87it/s]
10285572it [04:20, 40024.45it/s]
10289634it [04:20, 40200.39it/s]
10293681it [04:20, 40278.32it/s]
10297709it [04:20, 40272.70it/s]
10301737it [04:20, 40263.76it/s]
10305774it [04:20, 40293.44it/s]
10309808it [04:20, 40305.02it/s]
10313841it [04:20, 40311.89it/s]
10317873it [04:20, 40293.04it/s]
10321915it [04:21, 40329.07it/s]
10325957it [04:21, 40354.51it/s]
10329993it [04:21, 40350.71it/s]
10334029it [04:21, 40320.61it/s]
10338071it [04:21, 40348.66it/s]
10342106it [04:21, 40302.98it/s]
10346144it [04:21, 40323.50it/s]
10350177it [04:21, 40314.14it/s]
10354212it [04:21, 40322.36it/s]
10358245it [04:21, 40303.75it/s]
10362276it [04:22, 40288.56it/s]
10366306it [04:22, 40290.70it/s]
10370347it [04:22, 40326.05it/s]
10374392it [04:22, 40361.82it/s]
10378429it [04:22, 40331.21it/s]
10382463it [04:22, 40326.53it/s]
10386526it [04:22, 40415.93it/s]
10390586it [04:22, 40469.43it/s]
10394640it [04:22, 40486.61it/s]
10398713it [04:22, 40556.25it/s]
10402769it [04:23, 40501.32it/s]
10406820it [04:23, 40442.02it/s]
10410879it [04:23, 40485.33it/s]
10414958it [04:23, 40575.92it/s]
10419036it [04:23, 40635.79it/s]
10423100it [04:23, 40601.75it/s]
10427161it [04:23, 40498.79it/s]
10431232it [04:23, 40560.79it/s]
10435289it [04:23, 40541.67it/s]
10439344it [04:23, 40540.62it/s]
10443399it [04:24, 40525.00it/s]
10447461it [04:24, 40551.39it/s]
10451520it [04:24, 40561.50it/s]
10455583it [04:24, 40580.68it/s]
10459642it [04:24, 40546.99it/s]
10463697it [04:24, 40542.14it/s]
10467786it [04:24, 40642.62it/s]
10471851it [04:24, 40602.56it/s]
10475917it [04:24, 40618.77it/s]
10479979it [04:24, 40614.30it/s]
10484066it [04:25, 40688.67it/s]
10488135it [04:25, 40669.46it/s]
10492202it [04:25, 40658.82it/s]
10496269it [04:25, 40661.57it/s]
10500336it [04:25, 40607.18it/s]
10504398it [04:25, 40608.86it/s]
10508459it [04:25, 40540.93it/s]
10512517it [04:25, 40551.02it/s]
10516587it [04:25, 40592.16it/s]
10520647it [04:25, 40567.82it/s]
10524714it [04:26, 40595.20it/s]
10528774it [04:26, 40595.61it/s]
10532855it [04:26, 40657.31it/s]
10536926it [04:26, 40671.29it/s]
10540996it [04:26, 40678.05it/s]
10545064it [04:26, 40668.53it/s]
10549131it [04:26, 40660.23it/s]
10553198it [04:26, 40654.36it/s]
10557264it [04:26, 40549.76it/s]
10561320it [04:26, 40522.93it/s]
10565414it [04:27, 40647.08it/s]
10569479it [04:27, 40581.62it/s]
10573546it [04:27, 40605.57it/s]
10577648it [04:27, 40727.48it/s]
10581746it [04:27, 40802.61it/s]
10585828it [04:27, 40804.98it/s]
10589909it [04:27, 40780.75it/s]
10593988it [04:27, 40771.15it/s]
10598066it [04:27, 40756.84it/s]
10602142it [04:27, 40714.94it/s]
10606237it [04:28, 40784.96it/s]
10610316it [04:28, 40759.86it/s]
10614393it [04:28, 40752.20it/s]
10618493it [04:28, 40823.47it/s]
10622576it [04:28, 40799.72it/s]
10626656it [04:28, 40785.86it/s]
10630761it [04:28, 40864.51it/s]
10634852it [04:28, 40875.24it/s]
10638940it [04:28, 40830.06it/s]
10643024it [04:28, 40793.39it/s]
10647126it [04:29, 40858.63it/s]
10651237it [04:29, 40931.54it/s]
10655331it [04:29, 40925.49it/s]
10659436it [04:29, 40959.81it/s]
10663559it [04:29, 41038.25it/s]
10667663it [04:29, 40961.97it/s]
10671766it [04:29, 40979.81it/s]
10675865it [04:29, 40900.51it/s]
10679956it [04:29, 40883.29it/s]
10684052it [04:29, 40902.85it/s]
10688143it [04:30, 40904.22it/s]
10692236it [04:30, 40910.49it/s]
10696333it [04:30, 40925.27it/s]
10700426it [04:30, 40901.15it/s]
10704528it [04:30, 40936.35it/s]
10708640it [04:30, 40990.02it/s]
10712740it [04:30, 40980.48it/s]
10716839it [04:30, 40917.53it/s]
10720931it [04:30, 40882.22it/s]
10725020it [04:30, 40876.98it/s]
10729130it [04:31, 40941.41it/s]
10733225it [04:31, 40923.88it/s]
10737318it [04:31, 40873.47it/s]
10741406it [04:31, 40770.69it/s]
10745489it [04:31, 40786.49it/s]
10749568it [04:31, 40770.12it/s]
10753646it [04:31, 40706.74it/s]
10757725it [04:31, 40728.50it/s]
10761798it [04:31, 40711.46it/s]
10765887it [04:31, 40763.99it/s]
10769976it [04:32, 40799.38it/s]
10774060it [04:32, 40809.93it/s]
10778163it [04:32, 40872.60it/s]
10782263it [04:32, 40908.85it/s]
10786365it [04:32, 40940.47it/s]
10790472it [04:32, 40976.84it/s]
10794593it [04:32, 41046.46it/s]
10798698it [04:32, 41030.81it/s]
10802802it [04:32, 40659.59it/s]
10806870it [04:32, 40662.39it/s]
10810941it [04:33, 40675.49it/s]
10815013it [04:33, 40686.75it/s]
10819105it [04:33, 40753.69it/s]
10823218it [04:33, 40864.24it/s]
10827326it [04:33, 40927.23it/s]
10831440it [04:33, 40989.35it/s]
10835544it [04:33, 41001.79it/s]
10839645it [04:33, 40982.06it/s]
10843744it [04:33, 40940.21it/s]
10847839it [04:33, 40907.30it/s]
10851930it [04:34, 40900.90it/s]
10856021it [04:34, 40871.23it/s]
10860120it [04:34, 40905.86it/s]
10864213it [04:34, 40911.35it/s]
10868305it [04:34, 40855.67it/s]
10872400it [04:34, 40881.52it/s]
10876507it [04:34, 40934.68it/s]
10880605it [04:34, 40947.72it/s]
10884700it [04:34, 40923.08it/s]
10888798it [04:34, 40939.57it/s]
10892904it [04:35, 40973.29it/s]
10897016it [04:35, 41014.71it/s]
10901118it [04:35, 40991.34it/s]
10905218it [04:35, 40969.99it/s]
10909330it [04:35, 41012.62it/s]
10913436it [04:35, 41024.93it/s]
10917561it [04:35, 41088.67it/s]
10921683it [04:35, 41127.57it/s]
10925798it [04:35, 41132.81it/s]
10929912it [04:35, 41102.03it/s]
10934037it [04:36, 41145.46it/s]
10938156it [04:36, 41156.18it/s]
10942283it [04:36, 41187.41it/s]
10946417it [04:36, 41232.27it/s]
10950541it [04:36, 41182.12it/s]
10954661it [04:36, 41185.84it/s]
10958780it [04:36, 41101.38it/s]
10962897it [04:36, 41120.03it/s]
10967026it [04:36, 41169.64it/s]
10971143it [04:36, 41167.20it/s]
10975260it [04:37, 41105.74it/s]
10979389it [04:37, 41159.15it/s]
10983514it [04:37, 41184.97it/s]
10987633it [04:37, 41175.69it/s]
10991763it [04:37, 41211.23it/s]
10995885it [04:37, 41189.64it/s]
11000042it [04:37, 41300.74it/s]
11004184it [04:37, 41335.42it/s]
11008329it [04:37, 41367.42it/s]
11012490it [04:37, 41437.69it/s]
11016634it [04:38, 41436.65it/s]
11020778it [04:38, 41424.34it/s]
11024921it [04:38, 41409.32it/s]
11029066it [04:38, 41420.25it/s]
11033221it [04:38, 41456.36it/s]
11037367it [04:38, 41416.71it/s]
11041514it [04:38, 41429.94it/s]
11045658it [04:38, 41418.43it/s]
11049806it [04:38, 41435.07it/s]
11053950it [04:38, 41403.02it/s]
11058091it [04:39, 41346.24it/s]
11062226it [04:39, 41339.11it/s]
11066397it [04:39, 41447.70it/s]
11070542it [04:39, 41304.37it/s]
11074673it [04:39, 41233.80it/s]
11078797it [04:39, 41160.17it/s]
11082914it [04:39, 41135.27it/s]
11087028it [04:39, 41124.97it/s]
11091155it [04:39, 41165.66it/s]
11095276it [04:39, 41175.71it/s]
11099411it [04:40, 41226.42it/s]
11103537it [04:40, 41234.02it/s]
11107694it [04:40, 41333.93it/s]
11111828it [04:40, 41328.20it/s]
11115961it [04:40, 41239.06it/s]
11120085it [04:40, 41209.14it/s]
11124212it [04:40, 41226.52it/s]
11128335it [04:40, 41218.80it/s]
11132457it [04:40, 40900.34it/s]
11136548it [04:40, 40829.72it/s]
11140632it [04:41, 40754.56it/s]
11144708it [04:41, 40689.98it/s]
11148795it [04:41, 40742.38it/s]
11152922it [04:41, 40897.02it/s]
11157044it [04:41, 40993.31it/s]
11161153it [04:41, 41020.93it/s]
11165256it [04:41, 41015.31it/s]
11169359it [04:41, 41017.58it/s]
11173500it [04:41, 41132.59it/s]
11177630it [04:41, 41180.20it/s]
11181761it [04:42, 41218.20it/s]
11185892it [04:42, 41244.62it/s]
11190017it [04:42, 41234.75it/s]
11194141it [04:42, 41217.00it/s]
11198263it [04:42, 41204.04it/s]
11202385it [04:42, 41205.07it/s]
11206506it [04:42, 41140.21it/s]
11210621it [04:42, 41138.72it/s]
11214735it [04:42, 41064.42it/s]
11218861it [04:42, 41121.51it/s]
11222974it [04:43, 41096.60it/s]
11227084it [04:43, 41079.35it/s]
11231192it [04:43, 41043.47it/s]
11235303it [04:43, 41062.18it/s]
11239413it [04:43, 41071.35it/s]
11243521it [04:43, 41003.24it/s]
11247622it [04:43, 40921.89it/s]
11251715it [04:43, 40894.46it/s]
11255850it [04:43, 41028.79it/s]
11259979it [04:43, 41106.03it/s]
11264090it [04:44, 41101.92it/s]
11268218it [04:44, 41154.13it/s]
11272334it [04:44, 41153.13it/s]
11276467it [04:44, 41203.79it/s]
11280588it [04:44, 41172.52it/s]
11284706it [04:44, 41156.39it/s]
11288822it [04:44, 41149.46it/s]
11292937it [04:44, 41113.22it/s]
11297049it [04:44, 41059.15it/s]
11301155it [04:44, 41051.94it/s]
11305281it [04:45, 41111.29it/s]
11309396it [04:45, 41120.96it/s]
11313509it [04:45, 41083.84it/s]
11317622it [04:45, 41095.83it/s]
11321734it [04:45, 41102.59it/s]
11325845it [04:45, 41001.86it/s]
11329946it [04:45, 40996.00it/s]
11334054it [04:45, 41019.82it/s]
11338172it [04:45, 41067.48it/s]
11342307it [04:45, 41151.79it/s]
11346444it [04:46, 41215.08it/s]
11350574it [04:46, 41237.52it/s]
11354702it [04:46, 41248.91it/s]
11358827it [04:46, 41229.00it/s]
11362955it [04:46, 41243.65it/s]
11367080it [04:46, 41206.35it/s]
11371201it [04:46, 41155.38it/s]
11375317it [04:46, 41137.71it/s]
11379431it [04:46, 41105.29it/s]
11383542it [04:46, 41088.58it/s]
11387658it [04:47, 41108.90it/s]
11391769it [04:47, 41027.51it/s]
11395874it [04:47, 41032.94it/s]
11399980it [04:47, 41039.68it/s]
11404095it [04:47, 41071.96it/s]
11408203it [04:47, 40958.84it/s]
11412299it [04:47, 40848.10it/s]
11416384it [04:47, 40775.92it/s]
11420462it [04:47, 40693.41it/s]
11424534it [04:47, 40699.10it/s]
11428618it [04:48, 40738.50it/s]
11432711it [04:48, 40793.92it/s]
11436816it [04:48, 40867.02it/s]
11440903it [04:48, 40780.02it/s]
11444982it [04:48, 40727.89it/s]
11449055it [04:48, 40685.86it/s]
11453124it [04:48, 40663.38it/s]
11457192it [04:48, 40666.13it/s]
11461267it [04:48, 40690.57it/s]
11465337it [04:48, 40661.59it/s]
11469404it [04:49, 40647.23it/s]
11473495it [04:49, 40724.81it/s]
11477570it [04:49, 40729.67it/s]
11481674it [04:49, 40818.72it/s]
11485773it [04:49, 40869.56it/s]
11489861it [04:49, 40871.16it/s]
11493949it [04:49, 40850.04it/s]
11498060it [04:49, 40925.77it/s]
11502153it [04:49, 40916.43it/s]
11506245it [04:49, 40893.31it/s]
11510340it [04:50, 40909.76it/s]
11514431it [04:50, 40906.92it/s]
11518522it [04:50, 40801.06it/s]
11522603it [04:50, 40802.99it/s]
11526687it [04:50, 40813.62it/s]
11530769it [04:50, 40798.17it/s]
11534849it [04:50, 40788.30it/s]
11538928it [04:50, 40756.29it/s]
11543004it [04:50, 40753.39it/s]
11547107it [04:50, 40835.76it/s]
11551202it [04:51, 40869.29it/s]
11555299it [04:51, 40898.92it/s]
11559391it [04:51, 40904.90it/s]
11563482it [04:51, 40881.71it/s]
11567572it [04:51, 40885.57it/s]
11571684it [04:51, 40954.97it/s]
11575780it [04:51, 40923.54it/s]
11579921it [04:51, 41067.79it/s]
11584034it [04:51, 41084.84it/s]
11588143it [04:51, 41055.67it/s]
11592249it [04:52, 41024.90it/s]
11596352it [04:52, 41006.23it/s]
11600454it [04:52, 41007.06it/s]
11604572it [04:52, 41058.50it/s]
11608678it [04:52, 41047.63it/s]
11612783it [04:52, 41032.72it/s]
11616887it [04:52, 41000.83it/s]
11620994it [04:52, 41019.40it/s]
11625137it [04:52, 41138.85it/s]
11629296it [04:52, 41271.79it/s]
11633476it [04:53, 41428.83it/s]
11637648it [04:53, 41513.79it/s]
11641834it [04:53, 41615.37it/s]
11646008it [04:53, 41650.35it/s]
11650195it [04:53, 41715.05it/s]
11654378it [04:53, 41747.30it/s]
11658553it [04:53, 41730.40it/s]
11662727it [04:53, 41721.92it/s]
11666910it [04:53, 41751.93it/s]
11671091it [04:53, 41767.68it/s]
11675269it [04:54, 41769.48it/s]
11679465it [04:54, 41824.12it/s]
11683648it [04:54, 41752.45it/s]
11687824it [04:54, 41720.48it/s]
11692012it [04:54, 41765.71it/s]
11696189it [04:54, 41727.77it/s]
11700365it [04:54, 41736.28it/s]
11704549it [04:54, 41764.93it/s]
11708726it [04:54, 41719.94it/s]
11712899it [04:54, 41701.94it/s]
11717073it [04:55, 41711.21it/s]
11721245it [04:55, 41680.26it/s]
11725431it [04:55, 41730.94it/s]
11729605it [04:55, 41679.87it/s]
11733775it [04:55, 41684.90it/s]
11737945it [04:55, 41688.43it/s]
11742114it [04:55, 41639.72it/s]
11746278it [04:55, 41623.70it/s]
11750451it [04:55, 41654.67it/s]
11754639it [04:55, 41720.13it/s]
11758818it [04:56, 41739.96it/s]
11762993it [04:56, 41665.74it/s]
11767160it [04:56, 41631.56it/s]
11771324it [04:56, 41581.85it/s]
11775488it [04:56, 41595.17it/s]
11779648it [04:56, 41583.03it/s]
11783807it [04:56, 41491.95it/s]
11787957it [04:56, 41424.73it/s]
11792100it [04:56, 41389.34it/s]
11796267it [04:57, 41469.92it/s]
11800415it [04:57, 41460.05it/s]
11804562it [04:57, 41371.04it/s]
11808700it [04:57, 41363.26it/s]
11812849it [04:57, 41400.65it/s]
11817002it [04:57, 41436.57it/s]
11821146it [04:57, 41407.26it/s]
11825287it [04:57, 41357.10it/s]
11829428it [04:57, 41371.86it/s]
11833566it [04:57, 41318.20it/s]
11837720it [04:58, 41382.62it/s]
11841859it [04:58, 41327.01it/s]
11845992it [04:58, 41236.66it/s]
11850125it [04:58, 41263.94it/s]
11854290it [04:58, 41377.47it/s]
11858461it [04:58, 41475.05it/s]
11862626it [04:58, 41525.27it/s]
11866779it [04:58, 41472.90it/s]
11870927it [04:58, 41410.71it/s]
11875069it [04:58, 41334.44it/s]
11879233it [04:59, 41424.38it/s]
11883389it [04:59, 41461.51it/s]
11887554it [04:59, 41515.02it/s]
11891718it [04:59, 41550.94it/s]
11895899it [04:59, 41628.25it/s]
11900067it [04:59, 41642.95it/s]
11904237it [04:59, 41656.88it/s]
11908403it [04:59, 41605.59it/s]
11912581it [04:59, 41657.00it/s]
11916765it [04:59, 41709.40it/s]
11920944it [05:00, 41732.05it/s]
11925143it [05:00, 41806.28it/s]
11929324it [05:00, 41696.06it/s]
11933494it [05:00, 41688.17it/s]
11937663it [05:00, 41682.39it/s]
11941832it [05:00, 41609.69it/s]
11946004it [05:00, 41641.56it/s]
11950187it [05:00, 41695.67it/s]
11954357it [05:00, 41668.55it/s]
11958524it [05:00, 41594.12it/s]
11962697it [05:01, 41634.30it/s]
11966861it [05:01, 41635.28it/s]
11971025it [05:01, 41545.07it/s]
11975191it [05:01, 41579.13it/s]
11979349it [05:01, 41569.90it/s]
11983507it [05:01, 41523.34it/s]
11987660it [05:01, 41513.20it/s]
11991812it [05:01, 41468.75it/s]
11995959it [05:01, 41451.61it/s]
12000120it [05:01, 41498.21it/s]
12004302it [05:02, 41593.85it/s]
12008482it [05:02, 41654.65it/s]
12012661it [05:02, 41693.21it/s]
12016831it [05:02, 41670.06it/s]
12021008it [05:02, 41696.81it/s]
12025178it [05:02, 41629.54it/s]
12029341it [05:02, 41570.14it/s]
12033499it [05:02, 41547.81it/s]
12037654it [05:02, 41515.46it/s]
12041846it [05:02, 41633.31it/s]
12046043it [05:03, 41731.74it/s]
12050240it [05:03, 41802.18it/s]
12054421it [05:03, 41797.21it/s]
12058601it [05:03, 41738.75it/s]
12062775it [05:03, 41727.24it/s]
12066948it [05:03, 41636.53it/s]
12071112it [05:03, 41629.20it/s]
12075279it [05:03, 41638.55it/s]
12079443it [05:03, 41586.53it/s]
12083602it [05:03, 41472.43it/s]
12087759it [05:04, 41499.90it/s]
12091918it [05:04, 41525.88it/s]
12096071it [05:04, 41425.63it/s]
12100217it [05:04, 41433.44it/s]
12104361it [05:04, 41402.49it/s]
12108502it [05:04, 41403.69it/s]
12112643it [05:04, 41381.30it/s]
12116790it [05:04, 41407.14it/s]
12120931it [05:04, 41407.12it/s]
12125072it [05:04, 41357.77it/s]
12129230it [05:05, 41421.94it/s]
12133375it [05:05, 41427.99it/s]
12137551it [05:05, 41525.19it/s]
12141704it [05:05, 41493.69it/s]
12145854it [05:05, 41473.39it/s]
12150002it [05:05, 41406.95it/s]
12154144it [05:05, 41409.96it/s]
12158312it [05:05, 41488.62it/s]
12162465it [05:05, 41499.17it/s]
12166615it [05:05, 41457.17it/s]
12170761it [05:06, 41422.82it/s]
12174918it [05:06, 41466.21it/s]
12179065it [05:06, 41402.22it/s]
12183207it [05:06, 41405.42it/s]
12187348it [05:06, 41370.69it/s]
12191486it [05:06, 41353.74it/s]
12195624it [05:06, 41359.49it/s]
12199760it [05:06, 41352.00it/s]
12203896it [05:06, 41257.44it/s]
12208022it [05:06, 41137.05it/s]
12212156it [05:07, 41195.56it/s]
12216276it [05:07, 41080.90it/s]
12220401it [05:07, 41129.19it/s]
12224567it [05:07, 41287.43it/s]
12228739it [05:07, 41414.34it/s]
12232881it [05:07, 41387.07it/s]
12237020it [05:07, 41371.71it/s]
12241160it [05:07, 41379.49it/s]
12245314it [05:07, 41426.51it/s]
12249457it [05:07, 41417.98it/s]
12253608it [05:08, 41444.69it/s]
12257753it [05:08, 41331.64it/s]
12261887it [05:08, 41270.22it/s]
12266023it [05:08, 41294.35it/s]
12270153it [05:08, 41242.15it/s]
12274278it [05:08, 41145.79it/s]
12278393it [05:08, 41112.09it/s]
12282518it [05:08, 41150.83it/s]
12286634it [05:08, 41110.40it/s]
12290746it [05:08, 41064.72it/s]
12294876it [05:09, 41132.86it/s]
12299008it [05:09, 41186.63it/s]
12303142it [05:09, 41230.65it/s]
12307291it [05:09, 41307.72it/s]
12311422it [05:09, 41289.50it/s]
12315591it [05:09, 41407.82it/s]
12319738it [05:09, 41424.05it/s]
12323881it [05:09, 41405.71it/s]
12328022it [05:09, 41383.52it/s]
12332194it [05:09, 41483.86it/s]
12336343it [05:10, 41478.18it/s]
12340518it [05:10, 41558.59it/s]
12344706it [05:10, 41654.07it/s]
12348887it [05:10, 41697.74it/s]
12353089it [05:10, 41793.69it/s]
12357269it [05:10, 41782.24it/s]
12361448it [05:10, 41770.99it/s]
12365626it [05:10, 41728.12it/s]
12369799it [05:10, 41652.96it/s]
12373969it [05:10, 41665.83it/s]
12378153it [05:11, 41716.95it/s]
12382333it [05:11, 41740.42it/s]
12386508it [05:11, 41714.17it/s]
12390680it [05:11, 41715.07it/s]
12394852it [05:11, 41702.55it/s]
12399034it [05:11, 41737.23it/s]
12403208it [05:11, 41673.90it/s]
12407376it [05:11, 41451.86it/s]
12411606it [05:11, 41703.05it/s]
12415835it [05:11, 41877.33it/s]
12420064it [05:12, 41998.00it/s]
12424279it [05:12, 42040.56it/s]
12428487it [05:12, 42049.00it/s]
12432698it [05:12, 42066.30it/s]
12436917it [05:12, 42101.65it/s]
12441128it [05:12, 42033.58it/s]
12445332it [05:12, 41958.71it/s]
12449528it [05:12, 41929.82it/s]
12453728it [05:12, 41948.68it/s]
12457927it [05:12, 41959.69it/s]
12462123it [05:13, 41931.97it/s]
12466317it [05:13, 41896.31it/s]
12470509it [05:13, 41900.31it/s]
12474700it [05:13, 41881.35it/s]
12478901it [05:13, 41918.75it/s]
12483105it [05:13, 41952.47it/s]
12487301it [05:13, 41950.21it/s]
12491505it [05:13, 41976.36it/s]
12495703it [05:13, 41919.08it/s]
12499895it [05:13, 41881.19it/s]
12504088it [05:14, 41894.66it/s]
12508278it [05:14, 41859.78it/s]
12512475it [05:14, 41892.52it/s]
12516665it [05:14, 41864.68it/s]
12520852it [05:14, 41797.19it/s]
12525039it [05:14, 41815.89it/s]
12529221it [05:14, 41589.90it/s]
12533408it [05:14, 41670.98it/s]
12537604it [05:14, 41755.17it/s]
12541780it [05:14, 41731.14it/s]
12545968it [05:15, 41773.03it/s]
12550156it [05:15, 41804.13it/s]
12554355it [05:15, 41858.65it/s]
12558564it [05:15, 41925.55it/s]
12562764it [05:15, 41947.20it/s]
12566959it [05:15, 41933.51it/s]
12571153it [05:15, 41858.32it/s]
12575339it [05:15, 41814.50it/s]
12579522it [05:15, 41816.73it/s]
12583708it [05:15, 41827.41it/s]
12587924it [05:16, 41926.29it/s]
12592117it [05:16, 41920.46it/s]
12596310it [05:16, 41917.52it/s]
12600507it [05:16, 41931.62it/s]
12604701it [05:16, 41921.86it/s]
12608901it [05:16, 41942.27it/s]
12613096it [05:16, 41861.84it/s]
12617283it [05:16, 41862.65it/s]
12621481it [05:16, 41894.93it/s]
12625675it [05:16, 41907.49it/s]
12629869it [05:17, 41915.18it/s]
12634062it [05:17, 41918.68it/s]
12638256it [05:17, 41924.18it/s]
12642449it [05:17, 41890.38it/s]
12646655it [05:17, 41937.88it/s]
12650849it [05:17, 41923.94it/s]
12655042it [05:17, 41900.46it/s]
12659233it [05:17, 41819.29it/s]
12663429it [05:17, 41858.24it/s]
12667615it [05:17, 41762.46it/s]
12671792it [05:18, 41735.88it/s]
12675999it [05:18, 41832.70it/s]
12680183it [05:18, 41811.04it/s]
12684365it [05:18, 41777.64it/s]
12688548it [05:18, 41790.50it/s]
12692728it [05:18, 41753.98it/s]
12696904it [05:18, 41681.11it/s]
12701073it [05:18, 41621.15it/s]
12705236it [05:18, 41486.46it/s]
12709385it [05:18, 41408.02it/s]
12713554it [05:19, 41490.67it/s]
12717704it [05:19, 41445.56it/s]
12721849it [05:19, 41389.37it/s]
12725988it [05:19, 41346.44it/s]
12730123it [05:19, 41298.03it/s]
12734283it [05:19, 41386.61it/s]
12738422it [05:19, 41376.76it/s]
12742560it [05:19, 41317.94it/s]
12746692it [05:19, 41260.32it/s]
12750847it [05:19, 41344.22it/s]
12755013it [05:20, 41436.52it/s]
12759183it [05:20, 41512.74it/s]
12763373it [05:20, 41627.99it/s]
12767536it [05:20, 41592.30it/s]
12771701it [05:20, 41608.60it/s]
12775862it [05:20, 41600.79it/s]
12780039it [05:20, 41651.15it/s]
12784217it [05:20, 41688.22it/s]
12788386it [05:20, 41638.03it/s]
12792550it [05:20, 41635.18it/s]
12796723it [05:21, 41660.28it/s]
12800907it [05:21, 41710.30it/s]
12805105it [05:21, 41789.57it/s]
12809284it [05:21, 41758.27it/s]
12813466it [05:21, 41773.38it/s]
12817648it [05:21, 41784.59it/s]
12821827it [05:21, 41690.14it/s]
12826001it [05:21, 41704.36it/s]
12830172it [05:21, 41700.64it/s]
12834354it [05:21, 41734.10it/s]
12838532it [05:22, 41744.62it/s]
12842730it [05:22, 41813.26it/s]
12846930it [05:22, 41868.28it/s]
12851124it [05:22, 41888.21it/s]
12855313it [05:22, 41840.65it/s]
12859505it [05:22, 41861.00it/s]
12863692it [05:22, 41795.96it/s]
12867872it [05:22, 41639.45it/s]
12872037it [05:22, 41517.33it/s]
12876189it [05:22, 41468.40it/s]
12880383it [05:23, 41603.34it/s]
12884581it [05:23, 41714.67it/s]
12888756it [05:23, 41722.82it/s]
12892929it [05:23, 41590.61it/s]
12897105it [05:23, 41638.00it/s]
12901270it [05:23, 41639.59it/s]
12905435it [05:23, 41606.65it/s]
12909596it [05:23, 41591.10it/s]
12913770it [05:23, 41633.57it/s]
12917953it [05:23, 41690.12it/s]
12922143it [05:24, 41750.45it/s]
12926328it [05:24, 41778.34it/s]
12930506it [05:24, 41721.04it/s]
12934679it [05:24, 41709.65it/s]
12938850it [05:24, 41647.52it/s]
12943031it [05:24, 41693.42it/s]
12947201it [05:24, 41618.17it/s]
12951363it [05:24, 41507.70it/s]
12955514it [05:24, 41348.66it/s]
12959650it [05:24, 41273.93it/s]
12963781it [05:25, 41282.30it/s]
12967910it [05:25, 41261.55it/s]
12972060it [05:25, 41330.25it/s]
12976194it [05:25, 41307.41it/s]
12980344it [05:25, 41361.66it/s]
12984504it [05:25, 41431.27it/s]
12988648it [05:25, 41428.93it/s]
12992815it [05:25, 41499.55it/s]
12996979it [05:25, 41540.60it/s]
13001134it [05:25, 41528.50it/s]
13005287it [05:26, 41499.50it/s]
13009437it [05:26, 41392.43it/s]
13013577it [05:26, 41362.22it/s]
13017728it [05:26, 41404.90it/s]
13021873it [05:26, 41414.90it/s]
13026018it [05:26, 41424.07it/s]
13030161it [05:26, 41395.33it/s]
13034301it [05:26, 41312.24it/s]
13038433it [05:26, 41209.63it/s]
13042563it [05:26, 41234.52it/s]
13046710it [05:27, 41302.42it/s]
13050841it [05:27, 41264.98it/s]
13054995it [05:27, 41346.25it/s]
13059137it [05:27, 41366.76it/s]
13063316it [05:27, 41490.33it/s]
13067469it [05:27, 41499.86it/s]
13071650it [05:27, 41591.97it/s]
13075847it [05:27, 41701.83it/s]
13080035it [05:27, 41752.29it/s]
13084213it [05:27, 41759.99it/s]
13088390it [05:28, 41759.42it/s]
13092590it [05:28, 41828.39it/s]
13096773it [05:28, 41690.01it/s]
13100943it [05:28, 41670.27it/s]
13105111it [05:28, 41582.05it/s]
13109270it [05:28, 41535.80it/s]
13113431it [05:28, 41555.64it/s]
13117602it [05:28, 41599.67it/s]
13121787it [05:28, 41672.67it/s]
13125955it [05:28, 41668.12it/s]
13130122it [05:29, 41635.58it/s]
13134286it [05:29, 41616.43it/s]
13138451it [05:29, 41624.78it/s]
13142630it [05:29, 41672.50it/s]
13146798it [05:29, 41625.99it/s]
13150961it [05:29, 41513.83it/s]
13155113it [05:29, 41404.76it/s]
13159297it [05:29, 41533.93it/s]
13163491it [05:29, 41651.99it/s]
13167712it [05:29, 41818.48it/s]
13171900it [05:30, 41835.40it/s]
13176100it [05:30, 41882.77it/s]
13180295it [05:30, 41900.03it/s]
13184486it [05:30, 41803.13it/s]
13188671it [05:30, 41814.40it/s]
13192864it [05:30, 41848.47it/s]
13197049it [05:30, 41755.29it/s]
13201225it [05:30, 41704.36it/s]
13205396it [05:30, 41545.67it/s]
13209554it [05:30, 41553.75it/s]
13213718it [05:31, 41577.69it/s]
13217876it [05:31, 41378.97it/s]
13222015it [05:31, 41369.64it/s]
13226153it [05:31, 41291.71it/s]
13230283it [05:31, 41275.41it/s]
13234411it [05:31, 41115.81it/s]
13238537it [05:31, 41157.34it/s]
13242686it [05:31, 41254.84it/s]
13246849it [05:31, 41364.20it/s]
13250996it [05:31, 41395.07it/s]
13255179it [05:32, 41523.62it/s]
13259332it [05:32, 41496.39it/s]
13263492it [05:32, 41525.52it/s]
13267645it [05:32, 41501.81it/s]
13271796it [05:32, 41477.04it/s]
13275956it [05:32, 41512.95it/s]
13280108it [05:32, 41506.38it/s]
13284288it [05:32, 41592.69it/s]
13288448it [05:32, 41592.49it/s]
13292609it [05:32, 41595.97it/s]
13296806it [05:33, 41706.12it/s]
13300977it [05:33, 41654.13it/s]
13305143it [05:33, 41632.85it/s]
13309325it [05:33, 41686.08it/s]
13313503it [05:33, 41712.46it/s]
13317702it [05:33, 41792.75it/s]
13321882it [05:33, 41667.89it/s]
13326071it [05:33, 41732.82it/s]
13330245it [05:33, 41726.02it/s]
13334442it [05:33, 41797.18it/s]
13338622it [05:34, 41794.36it/s]
13342802it [05:34, 41753.48it/s]
13346984it [05:34, 41771.99it/s]
13351187it [05:34, 41846.44it/s]
13355372it [05:34, 41839.68it/s]
13359556it [05:34, 41818.18it/s]
13363738it [05:34, 41792.36it/s]
13367918it [05:34, 41709.72it/s]
13372090it [05:34, 41642.25it/s]
13376255it [05:34, 41627.80it/s]
13380434it [05:35, 41675.69it/s]
13384620it [05:35, 41729.33it/s]
13388819it [05:35, 41805.90it/s]
13393000it [05:35, 41770.45it/s]
13397180it [05:35, 41777.29it/s]
13401358it [05:35, 41681.60it/s]
13405527it [05:35, 41679.31it/s]
13409710it [05:35, 41721.86it/s]
13413901it [05:35, 41776.40it/s]
13418081it [05:35, 41782.71it/s]
13422264it [05:36, 41794.45it/s]
13426471it [05:36, 41876.22it/s]
13430664it [05:36, 41890.86it/s]
13434854it [05:36, 41834.15it/s]
13439038it [05:36, 41796.53it/s]
13443222it [05:36, 41808.28it/s]
13447403it [05:36, 41780.95it/s]
13451582it [05:36, 41770.49it/s]
13455760it [05:36, 41726.21it/s]
13459937it [05:36, 41738.48it/s]
13464111it [05:37, 41730.00it/s]
13468285it [05:37, 41721.65it/s]
13472458it [05:37, 41723.03it/s]
13476636it [05:37, 41737.26it/s]
13480836it [05:37, 41813.46it/s]
13485023it [05:37, 41829.02it/s]
13489206it [05:37, 41790.42it/s]
13493386it [05:37, 41748.91it/s]
13497561it [05:37, 41742.78it/s]
13501736it [05:37, 41721.82it/s]
13505909it [05:38, 41702.56it/s]
13510080it [05:38, 41700.33it/s]
13514251it [05:38, 41678.17it/s]
13518419it [05:38, 41673.13it/s]
13522599it [05:38, 41709.26it/s]
13526770it [05:38, 41661.73it/s]
13530942it [05:38, 41676.61it/s]
13535110it [05:38, 41653.17it/s]
13539278it [05:38, 41659.26it/s]
13543469it [05:38, 41731.72it/s]
13547658it [05:39, 41778.29it/s]
13551845it [05:39, 41804.31it/s]
13556045it [05:39, 41860.71it/s]
13560232it [05:39, 41855.72it/s]
13564444it [05:39, 41933.31it/s]
13568648it [05:39, 41962.53it/s]
13572864it [05:39, 42019.70it/s]
13577066it [05:39, 41972.71it/s]
13581264it [05:39, 41904.50it/s]
13585464it [05:39, 41931.23it/s]
13589667it [05:40, 41958.16it/s]
13593878it [05:40, 42001.67it/s]
13598079it [05:40, 41983.48it/s]
13602278it [05:40, 41914.51it/s]
13606470it [05:40, 41906.92it/s]
13610673it [05:40, 41943.30it/s]
13614868it [05:40, 41913.90it/s]
13619060it [05:40, 41886.06it/s]
13623249it [05:40, 41848.21it/s]
13627434it [05:40, 41748.88it/s]
13631609it [05:41, 41733.45it/s]
13635783it [05:41, 41705.18it/s]
13639954it [05:41, 41672.07it/s]
13644122it [05:41, 41638.02it/s]
13648286it [05:41, 41514.90it/s]
13652478it [05:41, 41633.05it/s]
13656701it [05:41, 41810.24it/s]
13660927it [05:41, 41942.63it/s]
13665122it [05:41, 41929.40it/s]
13669316it [05:41, 41888.24it/s]
13673505it [05:42, 41846.31it/s]
13677690it [05:42, 41819.63it/s]
13681883it [05:42, 41849.80it/s]
13686076it [05:42, 41871.24it/s]
13690270it [05:42, 41891.26it/s]
13694463it [05:42, 41898.63it/s]
13698653it [05:42, 41888.60it/s]
13702842it [05:42, 41878.20it/s]
13707030it [05:42, 41874.08it/s]
13711218it [05:42, 41822.56it/s]
13715401it [05:43, 41714.21it/s]
13719573it [05:43, 41611.53it/s]
13723735it [05:43, 41556.03it/s]
13727896it [05:43, 41569.66it/s]
13732079it [05:43, 41645.76it/s]
13736249it [05:43, 41661.12it/s]
13740433it [05:43, 41714.13it/s]
13744605it [05:43, 41675.82it/s]
13748777it [05:43, 41686.51it/s]
13752964it [05:43, 41739.69it/s]
13757155it [05:44, 41789.45it/s]
13761357it [05:44, 41856.65it/s]
13765552it [05:44, 41881.96it/s]
13769741it [05:44, 41855.20it/s]
13773940it [05:44, 41893.83it/s]
13778147it [05:44, 41944.83it/s]
13782342it [05:44, 41891.20it/s]
13786534it [05:44, 41898.07it/s]
13790737it [05:44, 41935.44it/s]
13794931it [05:44, 41929.81it/s]
13799137it [05:45, 41968.31it/s]
13803340it [05:45, 41983.85it/s]
13807539it [05:45, 41931.71it/s]
13811733it [05:45, 41892.84it/s]
13815923it [05:45, 41771.34it/s]
13820101it [05:45, 41680.77it/s]
13824270it [05:45, 41586.64it/s]
13828429it [05:45, 41517.60it/s]
13832581it [05:45, 41426.18it/s]
13836724it [05:46, 41271.46it/s]
13840852it [05:46, 41139.00it/s]
13844966it [05:46, 41137.44it/s]
13849099it [05:46, 41191.27it/s]
13853267it [05:46, 41334.63it/s]
13857428it [05:46, 41414.94it/s]
13861584it [05:46, 41456.50it/s]
13865768it [05:46, 41568.37it/s]
13869932it [05:46, 41588.48it/s]
13874106it [05:46, 41631.18it/s]
13878272it [05:47, 41638.76it/s]
13882436it [05:47, 41620.52it/s]
13886617it [05:47, 41674.75it/s]
13890785it [05:47, 41665.46it/s]
13894952it [05:47, 41604.20it/s]
13899113it [05:47, 41593.80it/s]
13903273it [05:47, 41438.12it/s]
13907417it [05:47, 41401.74it/s]
13911559it [05:47, 41405.50it/s]
13915700it [05:47, 41269.37it/s]
13919828it [05:48, 41206.62it/s]
13923949it [05:48, 41186.22it/s]
13928069it [05:48, 41187.71it/s]
13932188it [05:48, 41114.66it/s]
13936330it [05:48, 41204.29it/s]
13940451it [05:48, 41181.02it/s]
13944592it [05:48, 41247.78it/s]
13948802it [05:48, 41500.04it/s]
13952987it [05:48, 41603.63it/s]
13957163it [05:48, 41648.14it/s]
13961344it [05:49, 41694.21it/s]
13965543it [05:49, 41779.97it/s]
13969735it [05:49, 41820.63it/s]
13973925it [05:49, 41842.38it/s]
13978110it [05:49, 41799.87it/s]
13982310it [05:49, 41856.46it/s]
13986496it [05:49, 41855.68it/s]
13990682it [05:49, 41849.33it/s]
13994867it [05:49, 41845.62it/s]
13999052it [05:49, 41844.79it/s]
14003237it [05:50, 41802.76it/s]
14007427it [05:50, 41831.50it/s]
14011611it [05:50, 41788.80it/s]
14015802it [05:50, 41823.79it/s]
14019991it [05:50, 41841.31it/s]
14024192it [05:50, 41889.53it/s]
14028389it [05:50, 41911.22it/s]
14032582it [05:50, 41915.24it/s]
14036774it [05:50, 41876.56it/s]
14040962it [05:50, 41861.95it/s]
14045149it [05:51, 41815.88it/s]
14049337it [05:51, 41833.64it/s]
14053530it [05:51, 41861.54it/s]
14057717it [05:51, 41840.28it/s]
14061904it [05:51, 41848.28it/s]
14066090it [05:51, 41849.92it/s]
14070275it [05:51, 41778.69it/s]
14074460it [05:51, 41797.61it/s]
14078643it [05:51, 41803.87it/s]
14082824it [05:51, 41786.52it/s]
14087022it [05:52, 41842.73it/s]
14091228it [05:52, 41906.80it/s]
14095419it [05:52, 41722.39it/s]
14099629it [05:52, 41832.82it/s]
14103834it [05:52, 41896.66it/s]
14108031it [05:52, 41917.62it/s]
14112232it [05:52, 41943.03it/s]
14116428it [05:52, 41945.19it/s]
14120623it [05:52, 41901.00it/s]
14124814it [05:52, 41801.67it/s]
14128995it [05:53, 41730.08it/s]
14133182it [05:53, 41770.48it/s]
14137360it [05:53, 41717.01it/s]
14141532it [05:53, 41583.81it/s]
14145691it [05:53, 41479.17it/s]
14149840it [05:53, 41390.06it/s]
14153991it [05:53, 41424.70it/s]
14158145it [05:53, 41458.68it/s]
14162322it [05:53, 41549.44it/s]
14166478it [05:53, 41501.50it/s]
14170629it [05:54, 41465.64it/s]
14174776it [05:54, 41461.80it/s]
14178923it [05:54, 41381.94it/s]
14183062it [05:54, 41382.80it/s]
14187201it [05:54, 41335.03it/s]
14191342it [05:54, 41354.30it/s]
14195478it [05:54, 41315.48it/s]
14199610it [05:54, 41283.15it/s]
14203739it [05:54, 41243.34it/s]
14207864it [05:54, 41193.30it/s]
14212006it [05:55, 41258.13it/s]
14216144it [05:55, 41292.70it/s]
14220284it [05:55, 41322.92it/s]
14224418it [05:55, 41324.56it/s]
14228565it [05:55, 41365.78it/s]
14232702it [05:55, 41365.82it/s]
14236839it [05:55, 41338.68it/s]
14240973it [05:55, 41325.94it/s]
14245106it [05:55, 41316.22it/s]
14249238it [05:55, 41173.57it/s]
14253356it [05:56, 41133.68it/s]
14257470it [05:56, 41062.21it/s]
14261586it [05:56, 41089.00it/s]
14265713it [05:56, 41141.28it/s]
14269857it [05:56, 41229.73it/s]
14273993it [05:56, 41266.89it/s]
14278122it [05:56, 41271.83it/s]
14282250it [05:56, 41255.97it/s]
14286376it [05:56, 41163.87it/s]
14290493it [05:56, 41078.75it/s]
14294601it [05:57, 41067.57it/s]
14298708it [05:57, 41056.41it/s]
14302814it [05:57, 41028.53it/s]
14306927it [05:57, 41057.93it/s]
14311033it [05:57, 41046.80it/s]
14315138it [05:57, 41033.76it/s]
14319286it [05:57, 41164.57it/s]
14323420it [05:57, 41216.82it/s]
14327542it [05:57, 41202.14it/s]
14331675it [05:57, 41239.04it/s]
14335831it [05:58, 41334.20it/s]
14339979it [05:58, 41375.48it/s]
14344144it [05:58, 41455.84it/s]
14348290it [05:58, 41429.61it/s]
14352433it [05:58, 41401.00it/s]
14356574it [05:58, 41364.49it/s]
14360711it [05:58, 41335.18it/s]
14364845it [05:58, 41315.56it/s]
14368980it [05:58, 41322.85it/s]
14373113it [05:58, 41239.64it/s]
14377237it [05:59, 41118.76it/s]
14381350it [05:59, 41121.11it/s]
14385467it [05:59, 41132.67it/s]
14389581it [05:59, 41123.95it/s]
14393698it [05:59, 41136.00it/s]
14397812it [05:59, 41061.46it/s]
14401919it [05:59, 40964.55it/s]
14406020it [05:59, 40976.05it/s]
14410133it [05:59, 41021.21it/s]
14414249it [05:59, 41060.80it/s]
14418356it [06:00, 41033.78it/s]
14422489it [06:00, 41119.43it/s]
14426644it [06:00, 41245.63it/s]
14430771it [06:00, 41251.44it/s]
14434897it [06:00, 41206.98it/s]
14439018it [06:00, 41163.34it/s]
14443135it [06:00, 41159.18it/s]
14447251it [06:00, 41146.47it/s]
14451401it [06:00, 41249.33it/s]
14455534it [06:00, 41272.41it/s]
14459719it [06:01, 41442.22it/s]
14463878it [06:01, 41483.58it/s]
14468027it [06:01, 41471.22it/s]
14472175it [06:01, 41383.69it/s]
14476314it [06:01, 41333.22it/s]
14480448it [06:01, 41292.23it/s]
14484578it [06:01, 41285.08it/s]
14488707it [06:01, 41241.10it/s]
14492832it [06:01, 41229.44it/s]
14496981it [06:01, 41306.17it/s]
14501114it [06:02, 41311.76it/s]
14505262it [06:02, 41359.21it/s]
14509420it [06:02, 41423.91it/s]
14513563it [06:02, 41411.45it/s]
14517705it [06:02, 41323.51it/s]
14521838it [06:02, 41280.59it/s]
14525973it [06:02, 41299.28it/s]
14530103it [06:02, 41298.51it/s]
14534233it [06:02, 41164.62it/s]
14538350it [06:02, 41119.62it/s]
14542463it [06:03, 41103.71it/s]
14546574it [06:03, 41097.25it/s]
14550700it [06:03, 41143.06it/s]
14554833it [06:03, 41197.14it/s]
14558970it [06:03, 41248.25it/s]
14563119it [06:03, 41319.32it/s]
14567263it [06:03, 41354.93it/s]
14571399it [06:03, 41321.10it/s]
14575532it [06:03, 41304.80it/s]
14579663it [06:03, 41300.49it/s]
14583797it [06:04, 41309.96it/s]
14587929it [06:04, 41294.80it/s]
14592059it [06:04, 41211.01it/s]
14596181it [06:04, 41135.92it/s]
14600309it [06:04, 41178.22it/s]
14604433it [06:04, 41195.64it/s]
14608553it [06:04, 41196.28it/s]
14612682it [06:04, 41222.29it/s]
14616805it [06:04, 41169.26it/s]
14620942it [06:04, 41226.32it/s]
14625145it [06:05, 41465.23it/s]
14629346it [06:05, 41626.67it/s]
14633568it [06:05, 41801.98it/s]
14637784it [06:05, 41908.81it/s]
14642004it [06:05, 41994.20it/s]
14646210it [06:05, 42011.00it/s]
14650412it [06:05, 41983.06it/s]
14654633it [06:05, 42050.06it/s]
14658868it [06:05, 42138.11it/s]
14663095it [06:05, 42176.38it/s]
14667317it [06:06, 42188.57it/s]
14671536it [06:06, 42188.19it/s]
14675762it [06:06, 42207.84it/s]
14679993it [06:06, 42236.41it/s]
14684217it [06:06, 42192.48it/s]
14688437it [06:06, 42148.24it/s]
14692665it [06:06, 42185.98it/s]
14696884it [06:06, 42186.62it/s]
14701128it [06:06, 42260.30it/s]
14705355it [06:06, 42190.11it/s]
14709575it [06:07, 42189.11it/s]
14713794it [06:07, 42118.86it/s]
14718006it [06:07, 42108.48it/s]
14722223it [06:07, 42123.52it/s]
14726464it [06:07, 42206.12it/s]
14730685it [06:07, 42201.41it/s]
14734906it [06:07, 42198.60it/s]
14739133it [06:07, 42219.66it/s]
14743355it [06:07, 42177.37it/s]
14747573it [06:07, 42097.95it/s]
14751783it [06:08, 42053.07it/s]
14755989it [06:08, 42046.00it/s]
14760194it [06:08, 42001.35it/s]
14764418it [06:08, 42070.51it/s]
14768626it [06:08, 42044.38it/s]
14772831it [06:08, 42023.30it/s]
14777034it [06:08, 41987.50it/s]
14781235it [06:08, 41993.26it/s]
14785436it [06:08, 41997.87it/s]
14789636it [06:08, 41918.68it/s]
14793836it [06:09, 41940.65it/s]
14798031it [06:09, 41912.33it/s]
14802223it [06:09, 41869.45it/s]
14806410it [06:09, 41821.20it/s]
14810593it [06:09, 41811.52it/s]
14814794it [06:09, 41868.38it/s]
14818981it [06:09, 41863.40it/s]
14823168it [06:09, 41789.72it/s]
14827349it [06:09, 41793.27it/s]
14831550it [06:09, 41857.64it/s]
14835748it [06:10, 41893.01it/s]
14839965it [06:10, 41975.19it/s]
14844163it [06:10, 41956.49it/s]
14848359it [06:10, 41866.52it/s]
14852546it [06:10, 41830.49it/s]
14856730it [06:10, 41787.09it/s]
14860909it [06:10, 41752.30it/s]
14865085it [06:10, 41719.78it/s]
14869257it [06:10, 41647.74it/s]
14873433it [06:10, 41680.21it/s]
14877602it [06:11, 41622.59it/s]
14881782it [06:11, 41672.67it/s]
14885950it [06:11, 41639.14it/s]
14890122it [06:11, 41661.14it/s]
14894307it [06:11, 41714.22it/s]
14898506it [06:11, 41794.79it/s]
14902686it [06:11, 41713.81it/s]
14906858it [06:11, 41687.40it/s]
14911030it [06:11, 41696.46it/s]
14915214it [06:11, 41738.05it/s]
14919423it [06:12, 41841.97it/s]
14923627it [06:12, 41898.77it/s]
14927829it [06:12, 41932.86it/s]
14932023it [06:12, 41867.00it/s]
14936210it [06:12, 41841.13it/s]
14940395it [06:12, 41831.19it/s]
14944579it [06:12, 41800.55it/s]
14948765it [06:12, 41814.79it/s]
14952947it [06:12, 41736.59it/s]
14957121it [06:12, 41654.37it/s]
14961310it [06:13, 41724.16it/s]
14965483it [06:13, 41704.78it/s]
14969654it [06:13, 41702.34it/s]
14973847it [06:13, 41767.46it/s]
14978058it [06:13, 41867.23it/s]
14982278it [06:13, 41963.52it/s]
14986475it [06:13, 41940.89it/s]
14990673it [06:13, 41949.93it/s]
14994890it [06:13, 42014.96it/s]
14999092it [06:13, 41939.48it/s]
15003292it [06:14, 41956.66it/s]
15007488it [06:14, 41953.30it/s]
15011684it [06:14, 41906.21it/s]
15015875it [06:14, 41905.83it/s]
15020077it [06:14, 41939.52it/s]
15024271it [06:14, 41916.52it/s]
15028473it [06:14, 41946.86it/s]
15032669it [06:14, 41948.68it/s]
15036864it [06:14, 41883.03it/s]
15041073it [06:14, 41941.21it/s]
15045276it [06:15, 41965.91it/s]
15049484it [06:15, 41997.84it/s]
15053689it [06:15, 42011.06it/s]
15057891it [06:15, 41972.76it/s]
15062089it [06:15, 41951.17it/s]
15066304it [06:15, 42009.75it/s]
15070526it [06:15, 42071.07it/s]
15074734it [06:15, 42010.13it/s]
15078936it [06:15, 41955.11it/s]
15083147it [06:15, 41999.70it/s]
15087372it [06:16, 42071.48it/s]
15091580it [06:16, 42047.88it/s]
15095785it [06:16, 41973.77it/s]
15099983it [06:16, 41944.72it/s]
15104178it [06:16, 41830.63it/s]
15108362it [06:16, 41779.95it/s]
15112561it [06:16, 41842.30it/s]
15116756it [06:16, 41871.86it/s]
15120963it [06:16, 41929.18it/s]
15125156it [06:16, 41915.36it/s]
15129348it [06:17, 41907.51it/s]
15133548it [06:17, 41931.77it/s]
15137748it [06:17, 41951.85it/s]
15141945it [06:17, 41955.08it/s]
15146146it [06:17, 41968.77it/s]
15150343it [06:17, 41951.90it/s]
15154541it [06:17, 41957.22it/s]
15158765it [06:17, 42039.63it/s]
15162989it [06:17, 42098.08it/s]
15167208it [06:17, 42124.63it/s]
15171432it [06:18, 42157.86it/s]
15175658it [06:18, 42185.28it/s]
15179885it [06:18, 42208.53it/s]
15184116it [06:18, 42236.53it/s]
15188357it [06:18, 42287.94it/s]
15192586it [06:18, 42260.01it/s]
15196813it [06:18, 42240.22it/s]
15201038it [06:18, 42184.25it/s]
15205272it [06:18, 42229.68it/s]
15209510it [06:18, 42273.80it/s]
15213738it [06:19, 42188.56it/s]
15217957it [06:19, 42147.79it/s]
15222187it [06:19, 42191.29it/s]
15226407it [06:19, 42176.80it/s]
15230625it [06:19, 42127.37it/s]
15234838it [06:19, 42061.38it/s]
15239081it [06:19, 42170.66it/s]
15243299it [06:19, 42142.99it/s]
15247514it [06:19, 42086.20it/s]
15251723it [06:19, 42015.98it/s]
15255925it [06:20, 41906.95it/s]
15260116it [06:20, 41870.19it/s]
15264310it [06:20, 41889.43it/s]
15268520it [06:20, 41950.19it/s]
15272716it [06:20, 41926.89it/s]
15276909it [06:20, 41921.42it/s]
15281102it [06:20, 41915.95it/s]
15285295it [06:20, 41917.99it/s]
15289487it [06:20, 41799.76it/s]
15293668it [06:20, 41774.10it/s]
15297846it [06:21, 41773.76it/s]
15302043it [06:21, 41830.04it/s]
15306234it [06:21, 41851.20it/s]
15310420it [06:21, 41813.09it/s]
15314627it [06:21, 41886.82it/s]
15318823it [06:21, 41905.38it/s]
15323014it [06:21, 41874.45it/s]
15327221it [06:21, 41930.79it/s]
15331425it [06:21, 41960.69it/s]
15335622it [06:21, 41935.47it/s]
15339832it [06:22, 41982.42it/s]
15344031it [06:22, 41943.81it/s]
15348226it [06:22, 41932.59it/s]
15352432it [06:22, 41970.09it/s]
15356630it [06:22, 41948.76it/s]
15360825it [06:22, 41947.50it/s]
15365020it [06:22, 41897.68it/s]
15369210it [06:22, 41893.09it/s]
15373400it [06:22, 41788.75it/s]
15377579it [06:22, 41650.69it/s]
15381752it [06:23, 41672.02it/s]
15385920it [06:23, 41652.11it/s]
15390086it [06:23, 41636.84it/s]
15394257it [06:23, 41655.39it/s]
15398448it [06:23, 41728.34it/s]
15402664it [06:23, 41855.71it/s]
15406865it [06:23, 41898.68it/s]
15411067it [06:23, 41933.42it/s]
15415272it [06:23, 41967.79it/s]
15419495it [06:23, 42043.55it/s]
15423700it [06:24, 42003.33it/s]
15427901it [06:24, 41918.59it/s]
15432103it [06:24, 41947.13it/s]
15436298it [06:24, 41905.78it/s]
15440489it [06:24, 41824.60it/s]
15444672it [06:24, 41785.33it/s]
15448851it [06:24, 41661.16it/s]
15453018it [06:24, 41641.23it/s]
15457183it [06:24, 41596.71it/s]
15461343it [06:24, 41579.94it/s]
15465508it [06:25, 41598.49it/s]
15469674it [06:25, 41595.80it/s]
15473845it [06:25, 41626.90it/s]
15478008it [06:25, 41499.37it/s]
15482159it [06:25, 41425.78it/s]
15486307it [06:25, 41441.18it/s]
15490452it [06:25, 41381.73it/s]
15494591it [06:25, 41328.03it/s]
15498724it [06:25, 41221.76it/s]
15502883it [06:25, 41329.79it/s]
15507046it [06:26, 41418.88it/s]
15511208it [06:26, 41477.04it/s]
15515366it [06:26, 41504.73it/s]
15519517it [06:26, 41468.51it/s]
15523664it [06:26, 41378.47it/s]
15527802it [06:26, 41318.06it/s]
15531939it [06:26, 41331.37it/s]
15536091it [06:26, 41385.59it/s]
15540235it [06:26, 41401.40it/s]
15544376it [06:26, 41375.63it/s]
15548514it [06:27, 41370.24it/s]
15552666it [06:27, 41412.18it/s]
15556808it [06:27, 41381.82it/s]
15560947it [06:27, 41382.66it/s]
15565106it [06:27, 41443.79it/s]
15569251it [06:27, 41410.20it/s]
15573393it [06:27, 41404.57it/s]
15577546it [06:27, 41440.99it/s]
15581701it [06:27, 41470.96it/s]
15585853it [06:27, 41485.14it/s]
15590042it [06:28, 41604.49it/s]
15594226it [06:28, 41672.01it/s]
15598402it [06:28, 41696.56it/s]
15602579it [06:28, 41716.84it/s]
15606757it [06:28, 41733.32it/s]
15610939it [06:28, 41757.51it/s]
15615117it [06:28, 41761.34it/s]
15619294it [06:28, 41756.90it/s]
15623488it [06:28, 41810.01it/s]
15627670it [06:28, 41786.27it/s]
15631872it [06:29, 41854.99it/s]
15636069it [06:29, 41888.08it/s]
15640266it [06:29, 41910.53it/s]
15644458it [06:29, 41887.06it/s]
15648662it [06:29, 41930.94it/s]
15652865it [06:29, 41956.64it/s]
15657070it [06:29, 41981.08it/s]
15661269it [06:29, 41926.21it/s]
15665462it [06:29, 41914.57it/s]
15669654it [06:29, 41878.21it/s]
15673842it [06:30, 41833.07it/s]
15678026it [06:30, 41776.96it/s]
15682204it [06:30, 41659.81it/s]
15686371it [06:30, 41511.94it/s]
15690526it [06:30, 41521.84it/s]
15694679it [06:30, 41489.81it/s]
15698829it [06:30, 41437.11it/s]
15702973it [06:30, 41383.60it/s]
15707112it [06:30, 41358.16it/s]
15711248it [06:30, 41320.81it/s]
15715381it [06:31, 41259.49it/s]
15719507it [06:31, 41218.03it/s]
15723629it [06:31, 41142.12it/s]
15727744it [06:31, 41110.84it/s]
15731856it [06:31, 41050.02it/s]
15735973it [06:31, 41083.11it/s]
15740083it [06:31, 41087.74it/s]
15744192it [06:31, 41069.30it/s]
15748299it [06:31, 41063.22it/s]
15752406it [06:31, 40984.38it/s]
15756505it [06:32, 40976.92it/s]
15760631it [06:32, 41059.69it/s]
15764778it [06:32, 41179.74it/s]
15768926it [06:32, 41266.56it/s]
15773085it [06:32, 41361.03it/s]
15777242it [06:32, 41422.87it/s]
15781385it [06:32, 41424.22it/s]
15785540it [06:32, 41459.94it/s]
15789687it [06:32, 41435.53it/s]
15793837it [06:32, 41452.32it/s]
15798001it [06:33, 41507.63it/s]
15802152it [06:33, 41383.96it/s]
15806295it [06:33, 41396.16it/s]
15810452it [06:33, 41446.69it/s]
15814634it [06:33, 41558.12it/s]
15818801it [06:33, 41591.31it/s]
15822963it [06:33, 41597.07it/s]
15827149it [06:33, 41673.93it/s]
15831329it [06:33, 41710.35it/s]
15835504it [06:33, 41720.34it/s]
15839699it [06:34, 41785.29it/s]
15843886it [06:34, 41807.42it/s]
15848073it [06:34, 41825.52it/s]
15852276it [06:34, 41886.17it/s]
15856480it [06:34, 41930.59it/s]
15860674it [06:34, 41645.86it/s]
15864857it [06:34, 41698.23it/s]
15869054it [06:34, 41778.95it/s]
15873261it [06:34, 41864.75it/s]
15877448it [06:35, 41649.25it/s]
15881614it [06:35, 41580.55it/s]
15885773it [06:35, 41540.65it/s]
15889959it [06:35, 41633.83it/s]
15894123it [06:35, 41595.34it/s]
15898283it [06:35, 41499.38it/s]
15902434it [06:35, 41470.38it/s]
15906586it [06:35, 41484.37it/s]
15910735it [06:35, 41409.11it/s]
15914888it [06:35, 41443.75it/s]
15919033it [06:36, 41387.87it/s]
15923172it [06:36, 41344.36it/s]
15927307it [06:36, 41308.18it/s]
15931438it [06:36, 41278.40it/s]
15935566it [06:36, 41212.88it/s]
15939688it [06:36, 41174.93it/s]
15943824it [06:36, 41228.50it/s]
15947967it [06:36, 41287.94it/s]
15952098it [06:36, 41293.12it/s]
15956228it [06:36, 41236.43it/s]
15960374it [06:37, 41302.11it/s]
15964518it [06:37, 41342.23it/s]
15968661it [06:37, 41366.57it/s]
15972798it [06:37, 41344.03it/s]
15976933it [06:37, 41260.58it/s]
15981060it [06:37, 41173.92it/s]
15985178it [06:37, 40723.48it/s]
15989308it [06:37, 40892.24it/s]
15993399it [06:37, 40896.23it/s]
15997515it [06:37, 40973.09it/s]
16001651it [06:38, 41087.78it/s]
16005773it [06:38, 41125.81it/s]
16009886it [06:38, 41105.18it/s]
16013997it [06:38, 40696.82it/s]
16018122it [06:38, 40859.39it/s]
16022242it [06:38, 40959.10it/s]
16026357it [06:38, 41013.90it/s]
16030511it [06:38, 41168.33it/s]
16034659it [06:38, 41260.73it/s]
16038786it [06:38, 40846.41it/s]
16042880it [06:39, 40873.02it/s]
16046973it [06:39, 40887.06it/s]
16051077it [06:39, 40930.17it/s]
16055195it [06:39, 41000.27it/s]
16059317it [06:39, 41065.45it/s]
16063424it [06:39, 40573.91it/s]
16067566it [06:39, 40823.93it/s]
16071671it [06:39, 40890.38it/s]
16075788it [06:39, 40971.29it/s]
16079908it [06:39, 41038.57it/s]
16084048it [06:40, 41145.26it/s]
16088191it [06:40, 41229.43it/s]
16092315it [06:40, 41050.29it/s]
16096421it [06:40, 41032.04it/s]
16100538it [06:40, 41070.97it/s]
16104651it [06:40, 41087.71it/s]
16108771it [06:40, 41120.01it/s]
16112884it [06:40, 41034.33it/s]
16116988it [06:40, 40241.02it/s]
16121120it [06:40, 40559.31it/s]
16125303it [06:41, 40935.63it/s]
16129486it [06:41, 41200.49it/s]
16133686it [06:41, 41437.37it/s]
16137888it [06:41, 41608.20it/s]
16142095it [06:41, 41743.67it/s]
16146295it [06:41, 41819.89it/s]
16150478it [06:41, 41236.87it/s]
16154612it [06:41, 41266.79it/s]
16158741it [06:41, 41251.37it/s]
16162868it [06:41, 41194.86it/s]
16167007it [06:42, 41251.94it/s]
16171133it [06:42, 41247.92it/s]
16175259it [06:42, 40924.53it/s]
16179400it [06:42, 41067.30it/s]
16183508it [06:42, 41069.76it/s]
16187627it [06:42, 41105.04it/s]
16191741it [06:42, 41113.55it/s]
16195853it [06:42, 41105.66it/s]
16199964it [06:42, 41026.30it/s]
16204067it [06:42, 39952.73it/s]
16208071it [06:43, 39977.69it/s]
16212074it [06:43, 39989.59it/s]
16216086it [06:43, 40026.77it/s]
16220100it [06:43, 40058.04it/s]
16224108it [06:43, 39990.01it/s]
16228109it [06:43, 39994.00it/s]
16232110it [06:43, 39164.11it/s]
16236038it [06:43, 39196.42it/s]
16239988it [06:43, 39283.77it/s]
16243973it [06:43, 39451.09it/s]
16247977it [06:44, 39625.22it/s]
16252016it [06:44, 39852.79it/s]
16256079it [06:44, 40084.90it/s]
16260140it [06:44, 40240.30it/s]
16264165it [06:44, 39626.27it/s]
16268192it [06:44, 39815.03it/s]
16272221it [06:44, 39955.81it/s]
16276254it [06:44, 40063.69it/s]
16280286it [06:44, 40139.21it/s]
16284301it [06:44, 40106.01it/s]
16288334it [06:45, 40171.61it/s]
16292352it [06:45, 39850.36it/s]
16296435it [06:45, 40140.75it/s]
16300468it [06:45, 40195.97it/s]
16304535it [06:45, 40336.89it/s]
16308590it [06:45, 40399.90it/s]
16312636it [06:45, 40415.72it/s]
16316678it [06:45, 40196.25it/s]
16320742it [06:45, 40327.50it/s]
16324825it [06:45, 40476.55it/s]
16328921it [06:46, 40617.26it/s]
16333039it [06:46, 40785.19it/s]
16337139it [06:46, 40848.22it/s]
16341224it [06:46, 40608.25it/s]
16345301it [06:46, 40654.42it/s]
16349414it [06:46, 40793.72it/s]
16353507it [06:46, 40832.74it/s]
16357625it [06:46, 40934.79it/s]
16361730it [06:46, 40967.24it/s]
16365827it [06:46, 39070.48it/s]
16369947it [06:47, 39685.01it/s]
16374064it [06:47, 40118.15it/s]
16378185it [06:47, 40437.01it/s]
16382292it [06:47, 40621.91it/s]
16386429it [06:47, 40842.42it/s]
16390535it [06:47, 40904.50it/s]
16394650it [06:47, 40976.10it/s]
16398764it [06:47, 41022.47it/s]
16402877it [06:47, 41053.03it/s]
16406984it [06:48, 39135.43it/s]
16411039it [06:48, 39544.20it/s]
16415107it [06:48, 39875.79it/s]
16419206it [06:48, 40201.51it/s]
16423327it [06:48, 40500.04it/s]
16427426it [06:48, 40642.76it/s]
16431495it [06:48, 40624.40it/s]
16435604it [06:48, 40761.27it/s]
16439696it [06:48, 40806.04it/s]
16443783it [06:48, 40823.71it/s]
16447867it [06:49, 40801.65it/s]
16451948it [06:49, 38687.61it/s]
16456049it [06:49, 39354.87it/s]
16460145it [06:49, 39821.93it/s]
16464265it [06:49, 40224.80it/s]
16468367it [06:49, 40457.13it/s]
16472475it [06:49, 40641.13it/s]
16476588it [06:49, 40784.16it/s]
16480699it [06:49, 40880.44it/s]
16484790it [06:49, 40886.52it/s]
16488881it [06:50, 40832.87it/s]
16492983it [06:50, 40887.12it/s]
16497073it [06:50, 40652.20it/s]
16501166it [06:50, 40731.83it/s]
16505250it [06:50, 40763.26it/s]
16509352it [06:50, 40839.71it/s]
16513437it [06:50, 40835.54it/s]
16517521it [06:50, 40799.91it/s]
16521602it [06:50, 40015.17it/s]
16525683it [06:50, 40249.12it/s]
16529785it [06:51, 40476.53it/s]
16533892it [06:51, 40652.82it/s]
16537994it [06:51, 40761.11it/s]
16542096it [06:51, 40837.26it/s]
16546193it [06:51, 40873.58it/s]
16550281it [06:51, 38889.92it/s]
16554385it [06:51, 39511.44it/s]
16558488it [06:51, 39954.70it/s]
16562622it [06:51, 40361.71it/s]
16566731it [06:51, 40575.19it/s]
16570848it [06:52, 40748.59it/s]
16574966it [06:52, 40876.83it/s]
16579088it [06:52, 40977.03it/s]
16583239it [06:52, 41132.97it/s]
16587358it [06:52, 41147.06it/s]
16591475it [06:52, 41149.39it/s]
16595591it [06:52, 40846.92it/s]
16599741it [06:52, 41039.74it/s]
16603870it [06:52, 41113.89it/s]
16608001it [06:52, 41170.15it/s]
16612120it [06:53, 41174.67it/s]
16616245it [06:53, 41196.24it/s]
16620365it [06:53, 40708.83it/s]
16624485it [06:53, 40853.35it/s]
16628609it [06:53, 40967.54it/s]
16632736it [06:53, 41057.29it/s]
16636888it [06:53, 41195.35it/s]
16641009it [06:53, 41186.32it/s]
16645133it [06:53, 41200.26it/s]
16649254it [06:53, 40586.41it/s]
16653350it [06:54, 40694.91it/s]
16657434it [06:54, 40734.89it/s]
16661544it [06:54, 40840.70it/s]
16665665it [06:54, 40949.13it/s]
16669779it [06:54, 41005.33it/s]
16673881it [06:54, 40644.64it/s]
16677964it [06:54, 40698.39it/s]
16682065it [06:54, 40790.05it/s]
16686145it [06:54, 40776.76it/s]
16690224it [06:54, 40736.14it/s]
16694315it [06:55, 40786.36it/s]
16698405it [06:55, 40819.34it/s]
16702488it [06:55, 40222.50it/s]
16706548it [06:55, 40333.79it/s]
16710619it [06:55, 40444.88it/s]
16714702it [06:55, 40557.73it/s]
16718769it [06:55, 40589.29it/s]
16722897it [06:55, 40793.11it/s]
16726977it [06:55, 40178.34it/s]
16731082it [06:55, 40436.22it/s]
16735202it [06:56, 40662.90it/s]
16739304it [06:56, 40767.81it/s]
16743421it [06:56, 40885.79it/s]
16747528it [06:56, 40938.89it/s]
16751630it [06:56, 40960.23it/s]
16755727it [06:56, 39403.30it/s]
16759838it [06:56, 39899.09it/s]
16763939it [06:56, 40224.59it/s]
16768023it [06:56, 40404.16it/s]
16772099it [06:56, 40509.13it/s]
16776219it [06:57, 40713.28it/s]
16780327it [06:57, 40821.03it/s]
16784469it [06:57, 40998.12it/s]
16788607it [06:57, 41109.57it/s]
16792737it [06:57, 41165.32it/s]
16796855it [06:57, 40576.59it/s]
16800991it [06:57, 40807.65it/s]
16805114it [06:57, 40931.32it/s]
16809223it [06:57, 40976.14it/s]
16813350it [06:57, 41062.21it/s]
16817472it [06:58, 41108.99it/s]
16821596it [06:58, 41145.91it/s]
16825711it [06:58, 40761.44it/s]
16829823it [06:58, 40866.82it/s]
16833911it [06:58, 40825.94it/s]
16837995it [06:58, 40792.92it/s]
16842103it [06:58, 40876.43it/s]
16846228it [06:58, 40985.81it/s]
16850327it [06:58, 39562.02it/s]
16854473it [06:59, 40113.84it/s]
16858615it [06:59, 40497.63it/s]
16862739it [06:59, 40714.83it/s]
16866852it [06:59, 40837.77it/s]
16870978it [06:59, 40961.28it/s]
16875099it [06:59, 41032.67it/s]
16879218it [06:59, 41078.38it/s]
16883335it [06:59, 41102.12it/s]
16887447it [06:59, 40421.52it/s]
16891576it [06:59, 40676.85it/s]
16895745it [07:00, 40976.12it/s]
16899920it [07:00, 41206.31it/s]
16904089it [07:00, 41348.12it/s]
16908275it [07:00, 41498.87it/s]
16912441it [07:00, 41546.61it/s]
16916597it [07:00, 41151.47it/s]
16920775it [07:00, 41337.12it/s]
16924910it [07:00, 41279.55it/s]
16929039it [07:00, 41265.35it/s]
16933167it [07:00, 41207.46it/s]
16937289it [07:01, 41195.22it/s]
16941409it [07:01, 40144.11it/s]
16945542it [07:01, 40492.46it/s]
16949659it [07:01, 40689.08it/s]
16953768it [07:01, 40807.16it/s]
16957864it [07:01, 40851.86it/s]
16961952it [07:01, 40837.98it/s]
16966046it [07:01, 40865.89it/s]
16970150it [07:01, 40915.31it/s]
16974243it [07:01, 40215.60it/s]
16978340it [07:02, 40436.28it/s]
16982443it [07:02, 40609.52it/s]
16986536it [07:02, 40703.79it/s]
16990615it [07:02, 40727.68it/s]
16994704it [07:02, 40772.97it/s]
16998805it [07:02, 40841.01it/s]
17002890it [07:02, 40493.29it/s]
17007000it [07:02, 40671.95it/s]
17011078it [07:02, 40700.94it/s]
17015198it [07:02, 40847.44it/s]
17019331it [07:03, 40988.72it/s]
17023481it [07:03, 41140.21it/s]
17027629it [07:03, 41241.32it/s]
17031754it [07:03, 40783.41it/s]
17035924it [07:03, 41053.53it/s]
17040102it [07:03, 41267.15it/s]
17044275it [07:03, 41402.65it/s]
17048420it [07:03, 41407.97it/s]
17052564it [07:03, 41414.20it/s]
17056706it [07:03, 40966.56it/s]
17060898it [07:04, 41249.48it/s]
17065107it [07:04, 41497.59it/s]
17069307it [07:04, 41646.30it/s]
17073528it [07:04, 41814.54it/s]
17077721it [07:04, 41846.10it/s]
17081926it [07:04, 41906.62it/s]
17086117it [07:04, 40610.99it/s]
17090302it [07:04, 40972.20it/s]
17094475it [07:04, 41193.63it/s]
17098642it [07:04, 41333.07it/s]
17102820it [07:05, 41465.56it/s]
17106970it [07:05, 41447.70it/s]
17111138it [07:05, 41516.56it/s]
17115292it [07:05, 41522.37it/s]
17119446it [07:05, 41444.75it/s]
17123592it [07:05, 40478.22it/s]
17127696it [07:05, 40642.75it/s]
17131780it [07:05, 40699.96it/s]
17135895it [07:05, 40832.87it/s]
17140004it [07:05, 40907.28it/s]
17144123it [07:06, 40989.45it/s]
17148224it [07:06, 40928.46it/s]
17152318it [07:06, 39950.69it/s]
17156396it [07:06, 40193.00it/s]
17160448it [07:06, 40287.73it/s]
17164484it [07:06, 40308.53it/s]
17168548it [07:06, 40405.27it/s]
17172633it [07:06, 40536.62it/s]
17176705it [07:06, 40589.47it/s]
17180793it [07:06, 40673.03it/s]
17184861it [07:07, 39612.59it/s]
17188912it [07:07, 39874.66it/s]
17192975it [07:07, 40095.96it/s]
17197044it [07:07, 40271.76it/s]
17201122it [07:07, 40421.76it/s]
17205211it [07:07, 40560.72it/s]
17209276it [07:07, 40586.79it/s]
17213336it [07:07, 40492.95it/s]
17217387it [07:07, 39380.69it/s]
17221426it [07:07, 39674.09it/s]
17225469it [07:08, 39894.54it/s]
17229514it [07:08, 40058.13it/s]
17233535it [07:08, 40102.07it/s]
17237558it [07:08, 40137.94it/s]
17241597it [07:08, 40209.67it/s]
17245635it [07:08, 40257.86it/s]
17249662it [07:08, 40249.38it/s]
17253688it [07:08, 39157.94it/s]
17257702it [07:08, 39444.49it/s]
17261737it [07:09, 39709.69it/s]
17265776it [07:09, 39910.71it/s]
17269817it [07:09, 40056.43it/s]
17273853it [07:09, 40146.68it/s]
17277884it [07:09, 40194.34it/s]
17281920it [07:09, 40240.94it/s]
17285945it [07:09, 39156.61it/s]
17289960it [07:09, 39446.20it/s]
17293938it [07:09, 39543.24it/s]
17297935it [07:09, 39668.33it/s]
17301937it [07:10, 39771.11it/s]
17305932it [07:10, 39821.49it/s]
17309934it [07:10, 39879.99it/s]
17313927it [07:10, 39894.11it/s]
17317918it [07:10, 38852.10it/s]
17321937it [07:10, 39243.46it/s]
17325949it [07:10, 39500.07it/s]
17329998it [07:10, 39793.74it/s]
17334055it [07:10, 40023.40it/s]
17338098it [07:10, 40143.36it/s]
17342128it [07:11, 40186.85it/s]
17346172it [07:11, 40260.70it/s]
17350218it [07:11, 40317.37it/s]
17354251it [07:11, 39075.47it/s]
17358257it [07:11, 39361.90it/s]
17362265it [07:11, 39571.96it/s]
17366284it [07:11, 39753.06it/s]
17370299it [07:11, 39870.58it/s]
17374310it [07:11, 39939.91it/s]
17378306it [07:11, 39916.27it/s]
17382311it [07:12, 39953.56it/s]
17386308it [07:12, 38836.50it/s]
17390307it [07:12, 39172.26it/s]
17394313it [07:12, 39432.94it/s]
17398312it [07:12, 39597.02it/s]
17402306it [07:12, 39697.49it/s]
17406282it [07:12, 39714.91it/s]
17410265it [07:12, 39747.82it/s]
17414241it [07:12, 39720.50it/s]
17418214it [07:12, 38610.34it/s]
17422191it [07:13, 38949.26it/s]
17426167it [07:13, 39185.69it/s]
17430132it [07:13, 39320.31it/s]
17434132it [07:13, 39519.34it/s]
17438120it [07:13, 39622.74it/s]
17442109it [07:13, 39700.08it/s]
17446094it [07:13, 39743.64it/s]
17450080it [07:13, 39777.84it/s]
17454059it [07:13, 38627.00it/s]
17458039it [07:13, 38968.59it/s]
17462016it [07:14, 39204.69it/s]
17465998it [07:14, 39384.28it/s]
17469965it [07:14, 39467.12it/s]
17473967it [07:14, 39629.41it/s]
17477972it [07:14, 39754.75it/s]
17481981it [07:14, 39852.25it/s]
17485968it [07:14, 38717.78it/s]
17489931it [07:14, 38985.16it/s]
17493879it [07:14, 39130.38it/s]
17497860it [07:14, 39329.07it/s]
17501815it [07:15, 39393.63it/s]
17505781it [07:15, 39470.48it/s]
17509762it [07:15, 39569.43it/s]
17513728it [07:15, 39593.77it/s]
17517689it [07:15, 38391.06it/s]
17521672it [07:15, 38811.74it/s]
17525640it [07:15, 39065.69it/s]
17529605it [07:15, 39237.99it/s]
17533577it [07:15, 39380.69it/s]
17537549it [07:15, 39481.25it/s]
17541530it [07:16, 39575.91it/s]
17545500it [07:16, 39611.12it/s]
17549466it [07:16, 39623.17it/s]
17553430it [07:16, 38343.26it/s]
17557382it [07:16, 38685.60it/s]
17561323it [07:16, 38897.31it/s]
17565256it [07:16, 39021.91it/s]
17569217it [07:16, 39194.19it/s]
17573146it [07:16, 39221.16it/s]
17577101it [07:16, 39318.14it/s]
17581035it [07:17, 39280.60it/s]
17584965it [07:17, 39005.72it/s]
17588895it [07:17, 39091.37it/s]
17592828it [07:17, 39160.75it/s]
17596760it [07:17, 39207.86it/s]
17600697it [07:17, 39252.81it/s]
17604626it [07:17, 39261.77it/s]
17608563it [07:17, 39290.90it/s]
17612493it [07:17, 39273.24it/s]
17616433it [07:17, 39308.99it/s]
17620371it [07:18, 39328.49it/s]
17624304it [07:18, 39302.63it/s]
17628254it [07:18, 39359.91it/s]
17632196it [07:18, 39376.76it/s]
17636144it [07:18, 39406.71it/s]
17640106it [07:18, 39468.37it/s]
17644053it [07:18, 39453.67it/s]
17648000it [07:18, 39458.21it/s]
17651946it [07:18, 39447.87it/s]
17655891it [07:19, 38976.00it/s]
17659843it [07:19, 39136.93it/s]
17663799it [07:19, 39261.24it/s]
17667755it [07:19, 39349.54it/s]
17671718it [07:19, 39430.48it/s]
17675674it [07:19, 39466.70it/s]
17679621it [07:19, 39046.90it/s]
17683574it [07:19, 39187.15it/s]
17687531it [07:19, 39300.84it/s]
17691521it [07:19, 39477.05it/s]
17695514it [07:20, 39611.03it/s]
17699492it [07:20, 39661.23it/s]
17703459it [07:20, 39321.71it/s]
17707425it [07:20, 39420.70it/s]
17711416it [07:20, 39565.80it/s]
17715407it [07:20, 39665.85it/s]
17719374it [07:20, 39657.17it/s]
17723341it [07:20, 39650.13it/s]
17727307it [07:20, 39144.07it/s]
17731271it [07:20, 39288.22it/s]
17735234it [07:21, 39389.72it/s]
17739215it [07:21, 39513.97it/s]
17743207it [07:21, 39633.70it/s]
17747209it [07:21, 39746.50it/s]
17751185it [07:21, 39542.60it/s]
17755140it [07:21, 39177.40it/s]
17759113it [07:21, 39339.14it/s]
17763063it [07:21, 39386.20it/s]
17767003it [07:21, 39356.08it/s]
17770954it [07:21, 39401.23it/s]
17774897it [07:22, 39408.84it/s]
17778839it [07:22, 38632.75it/s]
17782784it [07:22, 38873.35it/s]
17786735it [07:22, 39060.91it/s]
17790676it [07:22, 39163.24it/s]
17794638it [07:22, 39298.48it/s]
17798594it [07:22, 39376.18it/s]
17802556it [07:22, 39446.86it/s]
17806502it [07:22, 39367.67it/s]
17810440it [07:22, 38443.35it/s]
17814370it [07:23, 38693.20it/s]
17818295it [07:23, 38856.88it/s]
17822214it [07:23, 38952.67it/s]
17826164it [07:23, 39113.50it/s]
17830114it [07:23, 39226.08it/s]
17834056it [07:23, 39282.25it/s]
17838004it [07:23, 39338.76it/s]
17841939it [07:23, 37972.91it/s]
17845870it [07:23, 38362.31it/s]
17849814it [07:23, 38678.25it/s]
17853762it [07:24, 38914.48it/s]
17857717it [07:24, 39100.68it/s]
17861646it [07:24, 39156.40it/s]
17865589it [07:24, 39237.28it/s]
17869521it [07:24, 39260.66it/s]
17873449it [07:24, 38416.22it/s]
17877387it [07:24, 38699.90it/s]
17881334it [07:24, 38926.64it/s]
17885276it [07:24, 39071.18it/s]
17889220it [07:24, 39178.12it/s]
17893172it [07:25, 39277.41it/s]
17897102it [07:25, 39283.70it/s]
17901032it [07:25, 38476.39it/s]
17904977it [07:25, 38763.09it/s]
17908950it [07:25, 39046.95it/s]
17912895it [07:25, 39164.99it/s]
17916854it [07:25, 39289.64it/s]
17920811it [07:25, 39371.82it/s]
17924751it [07:25, 39379.22it/s]
17928719it [07:25, 39468.39it/s]
17932667it [07:26, 38710.51it/s]
17936619it [07:26, 38946.07it/s]
17940558it [07:26, 39076.56it/s]
17944534it [07:26, 39279.00it/s]
17948507it [07:26, 39410.42it/s]
17952459it [07:26, 39442.12it/s]
17956427it [07:26, 39510.24it/s]
17960379it [07:26, 38653.70it/s]
17964316it [07:26, 38862.73it/s]
17968249it [07:26, 38999.32it/s]
17972224it [07:27, 39219.14it/s]
17976198it [07:27, 39372.64it/s]
17980171it [07:27, 39479.02it/s]
17984144it [07:27, 39553.35it/s]
17988128it [07:27, 39637.40it/s]
17992093it [07:27, 38943.23it/s]
17996060it [07:27, 39156.22it/s]
18000029it [07:27, 39313.24it/s]
18004016it [07:27, 39475.54it/s]
18007989it [07:27, 39549.42it/s]
18011994it [07:28, 39698.17it/s]
18015979it [07:28, 39742.46it/s]
18019954it [07:28, 39413.01it/s]
18023926it [07:28, 39501.63it/s]
18027916it [07:28, 39619.94it/s]
18031921it [07:28, 39747.07it/s]
18035918it [07:28, 39811.92it/s]
18039931it [07:28, 39906.39it/s]
18043922it [07:28, 39321.03it/s]
18047857it [07:28, 39194.92it/s]
18051778it [07:29, 39086.98it/s]
18055699it [07:29, 39120.95it/s]
18059613it [07:29, 39123.75it/s]
18063539it [07:29, 39162.69it/s]
18067456it [07:29, 39122.41it/s]
18071369it [07:29, 38338.39it/s]
18075252it [07:29, 38480.29it/s]
18079119it [07:29, 38535.90it/s]
18082987it [07:29, 38576.22it/s]
18086850it [07:29, 38590.85it/s]
18090723it [07:30, 38630.15it/s]
18094587it [07:30, 38571.13it/s]
18098447it [07:30, 38578.26it/s]
18102306it [07:30, 38081.48it/s]
18106153it [07:30, 38194.86it/s]
18109989it [07:30, 38241.24it/s]
18113853it [07:30, 38357.92it/s]
18117719it [07:30, 38445.78it/s]
18121617it [07:30, 38603.83it/s]
18125478it [07:31, 38218.51it/s]
18129350it [07:31, 38366.21it/s]
18133241it [07:31, 38526.53it/s]
18137154it [07:31, 38703.93it/s]
18141067it [07:31, 38828.56it/s]
18144977it [07:31, 38909.30it/s]
18148882it [07:31, 38950.21it/s]
18152778it [07:31, 38755.14it/s]
18156727it [07:31, 38974.05it/s]
18160676it [07:31, 39125.61it/s]
18164627it [07:32, 39237.83it/s]
18168583it [07:32, 39333.84it/s]
18172532it [07:32, 39378.03it/s]
18176470it [07:32, 37609.63it/s]
18180463it [07:32, 38280.92it/s]
18184423it [07:32, 38664.48it/s]
18188387it [07:32, 38951.60it/s]
18192328it [07:32, 39082.69it/s]
18196299it [07:32, 39267.22it/s]
18200256it [07:32, 39355.67it/s]
18204242it [07:33, 39503.69it/s]
18208214it [07:33, 39564.77it/s]
18212207it [07:33, 39670.81it/s]
18216176it [07:33, 37749.53it/s]
18220158it [07:33, 38346.96it/s]
18224126it [07:33, 38734.93it/s]
18228091it [07:33, 39002.33it/s]
18232075it [07:33, 39248.46it/s]
18236044it [07:33, 39377.33it/s]
18240023it [07:33, 39499.61it/s]
18244000it [07:34, 39579.22it/s]
18247961it [07:34, 39574.67it/s]
18251933it [07:34, 39616.99it/s]
18255910it [07:34, 39659.00it/s]
18259877it [07:34, 37677.37it/s]
18263865it [07:34, 38312.27it/s]
18267857it [07:34, 38781.12it/s]
18271856it [07:34, 39135.92it/s]
18275820it [07:34, 39280.50it/s]
18279789it [07:34, 39401.37it/s]
18283739it [07:35, 39427.42it/s]
18287720it [07:35, 39539.71it/s]
18291689it [07:35, 39583.73it/s]
18295650it [07:35, 39568.06it/s]
18299609it [07:35, 39241.44it/s]
18303567it [07:35, 39341.69it/s]
18307536it [07:35, 39444.26it/s]
18311504it [07:35, 39512.96it/s]
18315478it [07:35, 39578.68it/s]
18319443it [07:35, 39598.55it/s]
18323404it [07:36, 38766.24it/s]
18327379it [07:36, 39054.99it/s]
18331361it [07:36, 39279.98it/s]
18335312it [07:36, 39347.08it/s]
18339290it [07:36, 39473.92it/s]
18343246it [07:36, 39498.16it/s]
18347219it [07:36, 39566.88it/s]
18351189it [07:36, 39604.29it/s]
18355150it [07:36, 37647.79it/s]
18359128it [07:36, 38261.87it/s]
18363102it [07:37, 38692.27it/s]
18367085it [07:37, 39024.77it/s]
18371071it [07:37, 39270.26it/s]
18375066it [07:37, 39467.74it/s]
18379035it [07:37, 39532.96it/s]
18383005it [07:37, 39581.45it/s]
18387006it [07:37, 39707.66it/s]
18390979it [07:37, 39699.43it/s]
18394951it [07:37, 39684.98it/s]
18398921it [07:37, 39459.12it/s]
18402903it [07:38, 39565.70it/s]
18406893it [07:38, 39665.04it/s]
18410899it [07:38, 39782.63it/s]
18414893it [07:38, 39826.39it/s]
18418876it [07:38, 39821.68it/s]
18422859it [07:38, 39400.55it/s]
18426866it [07:38, 39597.59it/s]
18430884it [07:38, 39769.39it/s]
18434897it [07:38, 39875.95it/s]
18438893it [07:38, 39898.97it/s]
18442907it [07:39, 39970.60it/s]
18446905it [07:39, 39438.74it/s]
18450959it [07:39, 39763.92it/s]
18455032it [07:39, 40048.93it/s]
18459096it [07:39, 40223.33it/s]
18463139it [07:39, 40284.20it/s]
18467170it [07:39, 40289.92it/s]
18471200it [07:39, 40285.47it/s]
18475229it [07:39, 39913.25it/s]
18479285it [07:40, 40104.01it/s]
18483322it [07:40, 40180.88it/s]
18487374it [07:40, 40280.23it/s]
18491417it [07:40, 40322.75it/s]
18495463it [07:40, 40361.27it/s]
18499500it [07:40, 38239.91it/s]
18503573it [07:40, 38956.03it/s]
18507628it [07:40, 39418.81it/s]
18511679it [07:40, 39736.75it/s]
18515726it [07:40, 39950.34it/s]
18519788it [07:41, 40146.27it/s]
18523837it [07:41, 40248.33it/s]
18527897it [07:41, 40350.84it/s]
18531935it [07:41, 40294.14it/s]
18535998it [07:41, 40393.09it/s]
18540039it [07:41, 40372.35it/s]
18544078it [07:41, 39224.86it/s]
18548124it [07:41, 39586.30it/s]
18552156it [07:41, 39802.69it/s]
18556200it [07:41, 39991.30it/s]
18560245it [07:42, 40126.77it/s]
18564316it [07:42, 40298.47it/s]
18568386it [07:42, 40416.58it/s]
18572463it [07:42, 40521.27it/s]
18576517it [07:42, 40445.41it/s]
18580563it [07:42, 39992.28it/s]
18584628it [07:42, 40184.05it/s]
18588691it [07:42, 40315.71it/s]
18592760it [07:42, 40425.12it/s]
18596818it [07:42, 40469.50it/s]
18600866it [07:43, 40458.60it/s]
18604913it [07:43, 39164.31it/s]
18608982it [07:43, 39608.35it/s]
18613037it [07:43, 39884.87it/s]
18617075it [07:43, 40031.30it/s]
18621114it [07:43, 40135.54it/s]
18625168it [07:43, 40254.39it/s]
18629196it [07:43, 40249.87it/s]
18633231it [07:43, 40276.93it/s]
18637260it [07:43, 40277.43it/s]
18641289it [07:44, 39548.72it/s]
18645366it [07:44, 39907.33it/s]
18649435it [07:44, 40138.95it/s]
18653494it [07:44, 40271.02it/s]
18657551it [07:44, 40359.51it/s]
18661591it [07:44, 40370.77it/s]
18665635it [07:44, 40388.64it/s]
18669675it [07:44, 39967.37it/s]
18673724it [07:44, 40120.66it/s]
18677782it [07:44, 40256.46it/s]
18681809it [07:45, 40257.71it/s]
18685854it [07:45, 40312.79it/s]
18689895it [07:45, 40340.55it/s]
18693930it [07:45, 39961.38it/s]
18697992it [07:45, 40156.34it/s]
18702054it [07:45, 40293.97it/s]
18706097it [07:45, 40331.62it/s]
18710131it [07:45, 40321.66it/s]
18714193it [07:45, 40408.99it/s]
18718266it [07:45, 40502.52it/s]
18722317it [07:46, 39976.73it/s]
18726415it [07:46, 40270.79it/s]
18730485it [07:46, 40396.51it/s]
18734549it [07:46, 40466.76it/s]
18738597it [07:46, 40413.21it/s]
18742639it [07:46, 40296.77it/s]
18746687it [07:46, 40350.81it/s]
18750723it [07:46, 39460.94it/s]
18754764it [07:46, 39738.29it/s]
18758781it [07:46, 39865.09it/s]
18762811it [07:47, 39993.29it/s]
18766850it [07:47, 40110.57it/s]
18770889it [07:47, 40192.79it/s]
18774922it [07:47, 40231.57it/s]
18778946it [07:47, 39293.00it/s]
18782963it [07:47, 39549.28it/s]
18786969it [07:47, 39698.21it/s]
18790971it [07:47, 39791.66it/s]
18794966it [07:47, 39835.28it/s]
18799001it [07:47, 39985.88it/s]
18803035it [07:48, 40089.95it/s]
18807084it [07:48, 40206.61it/s]
18811106it [07:48, 39165.99it/s]
18815086it [07:48, 39352.06it/s]
18819074it [07:48, 39504.96it/s]
18823075it [07:48, 39652.32it/s]
18827080it [07:48, 39769.94it/s]
18831110it [07:48, 39925.82it/s]
18835122it [07:48, 39983.28it/s]
18839139it [07:48, 40037.89it/s]
18843144it [07:49, 39040.09it/s]
18847143it [07:49, 39317.42it/s]
18851165it [07:49, 39583.49it/s]
18855157it [07:49, 39681.76it/s]
18859153it [07:49, 39764.30it/s]
18863171it [07:49, 39887.48it/s]
18867162it [07:49, 39875.69it/s]
18871176it [07:49, 39952.73it/s]
18875172it [07:49, 38871.19it/s]
18879134it [07:50, 39088.98it/s]
18883129it [07:50, 39341.52it/s]
18887126it [07:50, 39526.00it/s]
18891109it [07:50, 39614.30it/s]
18895107it [07:50, 39720.72it/s]
18899095it [07:50, 39766.76it/s]
18903088it [07:50, 39813.12it/s]
18907071it [07:50, 38822.07it/s]
18911012it [07:50, 38994.74it/s]
18914961it [07:50, 39138.62it/s]
18918913it [07:51, 39249.52it/s]
18922861it [07:51, 39316.06it/s]
18926828it [07:51, 39418.36it/s]
18930785it [07:51, 39462.45it/s]
18934733it [07:51, 38460.52it/s]
18938687it [07:51, 38776.71it/s]
18942624it [07:51, 38950.35it/s]
18946576it [07:51, 39117.67it/s]
18950534it [07:51, 39254.00it/s]
18954486it [07:51, 39332.25it/s]
18958425it [07:52, 39346.78it/s]
18962366it [07:52, 39363.01it/s]
18966304it [07:52, 38394.23it/s]
18970236it [07:52, 38664.23it/s]
18974158it [07:52, 38826.67it/s]
18978093it [07:52, 38979.48it/s]
18982026it [07:52, 39080.87it/s]
18985959it [07:52, 39151.71it/s]
18989883it [07:52, 39177.64it/s]
18993823it [07:52, 39243.25it/s]
18997748it [07:53, 38256.97it/s]
19001661it [07:53, 38511.26it/s]
19005580it [07:53, 38711.57it/s]
19009502it [07:53, 38859.79it/s]
19013404it [07:53, 38905.19it/s]
19017344it [07:53, 39052.14it/s]
19021273it [07:53, 39120.46it/s]
19025201it [07:53, 39166.12it/s]
19029119it [07:53, 38057.41it/s]
19033015it [07:53, 38321.21it/s]
19036931it [07:54, 38567.46it/s]
19040830it [07:54, 38692.32it/s]
19044734it [07:54, 38794.81it/s]
19048637it [07:54, 38861.83it/s]
19052525it [07:54, 38849.14it/s]
19056412it [07:54, 38845.31it/s]
19060298it [07:54, 37893.85it/s]
19064195it [07:54, 38209.77it/s]
19068075it [07:54, 38384.03it/s]
19071992it [07:54, 38615.87it/s]
19075915it [07:55, 38795.98it/s]
19079832it [07:55, 38906.09it/s]
19083725it [07:55, 38889.24it/s]
19087618it [07:55, 38899.81it/s]
19091509it [07:55, 37985.56it/s]
19095406it [07:55, 38274.01it/s]
19099302it [07:55, 38475.71it/s]
19103187it [07:55, 38586.70it/s]
19107101it [07:55, 38749.57it/s]
19111009it [07:55, 38845.59it/s]
19114903it [07:56, 38873.25it/s]
19118818it [07:56, 38955.13it/s]
19122715it [07:56, 37872.83it/s]
19126526it [07:56, 37941.98it/s]
19130397it [07:56, 38166.01it/s]
19134279it [07:56, 38357.09it/s]
19138176it [07:56, 38537.82it/s]
19142047it [07:56, 38586.80it/s]
19145936it [07:56, 38675.59it/s]
19149838it [07:56, 38777.27it/s]
19153717it [07:57, 38002.35it/s]
19157631it [07:57, 38335.69it/s]
19161549it [07:57, 38585.53it/s]
19165451it [07:57, 38712.41it/s]
19169341it [07:57, 38766.21it/s]
19173219it [07:57, 38736.31it/s]
19177108it [07:57, 38781.81it/s]
19180987it [07:57, 38734.52it/s]
19184861it [07:57, 38656.93it/s]
19188736it [07:57, 38682.40it/s]
19192625it [07:58, 38743.33it/s]
19196500it [07:58, 38611.67it/s]
19200362it [07:58, 38578.73it/s]
19204221it [07:58, 38507.46it/s]
19208082it [07:58, 38535.29it/s]
19211952it [07:58, 38581.62it/s]
19215830it [07:58, 38640.65it/s]
19219701it [07:58, 38658.59it/s]
19223605it [07:58, 38772.17it/s]
19227501it [07:58, 38825.80it/s]
19231384it [07:59, 38761.37it/s]
19235261it [07:59, 38755.55it/s]
19239137it [07:59, 38732.85it/s]
19243028it [07:59, 38782.36it/s]
19250992it [07:59, 40152.27it/s]
INFO:root:test max cliques 19244068, nested cliques 6924
INFO:root:test real max cliques in search universe: 224
INFO:root:test real smaller cliques in search universe: 166 166
INFO:root:Our Performance: precision 0.0001, recall 0.3582, f1 0.0001 jaccard 0.0001
INFO:root:Baseline: Bayesian-MDL skipped (disabled for this runtime).
INFO:root:Baseline: Max Clique precision 0.0000, recall 0.2198, f1 0.0000, jaccard 0.0000 
INFO:root:Baseline: ECC precision 0.0538, recall 0.2375, f1 0.0877, jaccard 0.0459 
INFO:root:Baseline: Demon precision 0.0887, recall 0.2846, f1 0.1352, jaccard 0.0725 
INFO:root:Baseline: CFinder skipped (disabled for channel-SNR benchmark).
(6235, 9) (6235,) 147
