INFO:root:Create log file at log/foursquare/foursquare-20000-cou-1788846723.1116714.log
INFO:root:Command line executed: python main.py --dataset foursquare --beta 20000 --features count --channel rayleigh --snr_db 8
INFO:root:Full args parsed:
INFO:root:Namespace(dataset='foursquare', beta=20000, features='count', model='mlp', epochs=2000, lr=0.0001, setting='f', label_rate=0.1, ablation=0, seed=123, use_c=1, jobs=1, save_features=0, data_dir='./data/', log_dir='log', downsample=0, max_child_size=1, ext=0, channel='rayleigh', snr_db=8.0, channel_seed=123, max_background_pairs=10000)
INFO:root:Finish loading graphs.
INFO:root:Nodes train: 2356, test: 2334
INFO:root:Simplicies train: 1026, test: 1019
INFO:root:Channel rayleigh at 8.0 dB: test projection edges 38292 -> 35029
INFO:root:Start computing cliques
INFO:root:Couldn't find cache for max cliques train
INFO:root:Number of maximum cliques:9267
INFO:root:Couldn't find cache for max cliques test
INFO:root:Number of maximum cliques:28222821
INFO:root:test nodes 2334 hyperedges 1019 avg size 6.426889106967615 std 6.4961151853204555 avg degree 2.8059125964010283 max cliques 28222821
INFO:root:Breakdown of test hyperedges (max+small) 255 + 764
INFO:root:Intersection 252 out of 4340 28222821
INFO:root:support cliques train:930 - test: 4340
INFO:root:Optimizing clique sampler .. 
INFO:root:Found cache for rho.
INFO:root:[(52, 52), (44, 44), (39, 39), (37, 37), (36, 36), (35, 35), (32, 32), (31, 31), (30, 30), (27, 27), (26, 26), (25, 25), (24, 24), (23, 23), (22, 22), (21, 21), (20, 20), (19, 19), (18, 18), (17, 17), (2, 2), (1, 1), (14, 14), (16, 16), (15, 15), (13, 13), (11, 11), (12, 12), (10, 10), (9, 9), (35, 1), (8, 8), (52, 1), (31, 1), (7, 7), (23, 1), (39, 1), (27, 1), (3, 3), (2, 1), (20, 1), (6, 6), (21, 1), (5, 5), (22, 1), (24, 1), (30, 1), (4, 4), (36, 1), (44, 1), (14, 1), (25, 1), (32, 1), (11, 1), (3, 2), (16, 1), (17, 1), (12, 1), (15, 1), (10, 1), (13, 1), (35, 2), (9, 1)]
INFO:root:Optimize Clique Sampler: #hyperedges collected:967, recall: 0.942495126705653, efficiency:0.04835
INFO:root:Clique analysis done.
INFO:root:train: 15502 unique candidates out of 19994 sampled candidates
Note: to be able to use all crisp methods, you need to install some additional packages:  {'graph_tool', 'leidenalg', 'infomap', 'bayanpy', 'wurlitzer'}
Note: to be able to use all crisp methods, you need to install some additional packages:  {'ASLPAw', 'pyclustering', 'torch', 'hidef'}
Note: to be able to use all crisp methods, you need to install some additional packages:  {'leidenalg', 'scikit-network', 'wurlitzer', 'infomap'}
Sanity check failed, reindexing the hypergraphs ...
Sanity check failed, reindexing the hypergraphs ...
number of nodes in construct graph 2356
number of nodes in construct graph 2334
(0, 0), (1, 1), (2, 2), (3, 3), (4, 4), (5, 5), (6, 6), (8, 8), (9, 9), (10, 10), (11, 11), (13, 13), (17, 17), (22, 22), (27, 27), (34, 34), (41, 41), (51, 51), (59, 59), (65, 65), (72, 72), (146, 146), (165, 165), (194, 191), (213, 208), (227, 219), (248, 235), (303, 273), (344, 301), (425, 332), (586, 377), (621, 383), (939, 432), (991, 439), (1022, 443), (1764, 505), (1879, 514), (1918, 517), (1945, 519), (3331, 611), (3479, 620), (3679, 631), (5001, 699), (5148, 706), (7355, 795), (7509, 801), (7629, 805), (7659, 806), (10365, 889), (10401, 890), (10445, 891), (10851, 900), (10951, 902), (11015, 903), (11620, 910), (15778, 952), (16082, 955), (16201, 956), (16693, 959), (16903, 960), (17713, 963), (17986, 964), (18581, 965), 
(0, 0), (0, 0), (0, 0), (0, 0), (0, 0), (0, 0), (0, 0), (0, 0), (0, 0), (0, 0), (52, 0), (2288, 0), (29261, 0), (226492, 0), (1157343, 0), (3946173, 0), (9478906, 0), (16544565, 0), (22761566, 0), (26459119, 0), (27826255, 0), (27827190, 72), (27827201, 81), (27836722, 81), (28140309, 81), (28183943, 81), (28193898, 81), (28199104, 81), (28207313, 81), (28210333, 81), (28212171, 81), (28212171, 81), (28213612, 81), (28213612, 81), (28213612, 81), (28214840, 87), (49624413, 93), (49624413, 93), (49625817, 93), (49627638, 180), (49629508, 259), (190942688, 259), (190943973, 273), (307131366, 273), (307133227, 288), (368487487, 288), (373221031, 288), (373221031, 288), (373224045, 340), (373224045, 340), (373224045, 340), (373357339, 355), (374031664, 355), (374031664, 355), (374088930, 381), (374094393, 407), (378951785, 407), (402193097, 407), (402291605, 407), (402946115, 407), (402976315, 409), (403105730, 409), (403105730, 409), 

0it [00:00, ?it/s]
15502it [00:00, 194102.02it/s]
INFO:root:test: 28229513 unique candidates out of 403121921 sampled candidates

0it [00:00, ?it/s]
3225it [00:00, 32238.50it/s]
6506it [00:00, 32569.30it/s]
9803it [00:00, 32747.69it/s]
13089it [00:00, 32789.60it/s]
16414it [00:00, 32952.54it/s]
19716it [00:00, 32972.41it/s]
23014it [00:00, 32971.36it/s]
26314it [00:00, 32977.23it/s]
29630it [00:00, 33031.83it/s]
32934it [00:01, 32704.61it/s]
36206it [00:01, 32676.20it/s]
39484it [00:01, 32706.24it/s]
42839it [00:01, 32957.81it/s]
46183it [00:01, 33100.39it/s]
49494it [00:01, 32712.54it/s]
52827it [00:01, 32893.40it/s]
56128it [00:01, 32925.77it/s]
59474it [00:01, 33082.13it/s]
62844it [00:01, 33089.32it/s]
66190it [00:02, 33199.15it/s]
69524it [00:02, 33240.76it/s]
72849it [00:02, 33209.49it/s]
76184it [00:02, 33248.39it/s]
79509it [00:02, 32974.86it/s]
82876it [00:02, 33181.60it/s]
86230it [00:02, 33287.65it/s]
89608it [00:02, 33433.46it/s]
92952it [00:02, 33271.89it/s]
96330it [00:02, 33421.03it/s]
99709it [00:03, 33528.36it/s]
103063it [00:03, 33265.12it/s]
106438it [00:03, 33409.09it/s]
109818it [00:03, 33525.16it/s]
113187it [00:03, 33572.77it/s]
116545it [00:03, 33221.01it/s]
119914it [00:03, 33358.27it/s]
123277it [00:03, 33438.01it/s]
126633it [00:03, 33472.97it/s]
130002it [00:03, 33535.65it/s]
133356it [00:04, 33407.87it/s]
136770it [00:04, 33623.65it/s]
140171it [00:04, 33737.40it/s]
143600it [00:04, 33901.20it/s]
146991it [00:04, 33694.34it/s]
150400it [00:04, 33810.82it/s]
153793it [00:04, 33845.89it/s]
157194it [00:04, 33891.42it/s]
160584it [00:04, 33535.63it/s]
163995it [00:04, 33705.36it/s]
167389it [00:05, 33773.28it/s]
170767it [00:05, 33416.24it/s]
174161it [00:05, 33569.63it/s]
177556it [00:05, 33682.40it/s]
180925it [00:05, 33426.79it/s]
184295it [00:05, 33506.76it/s]
187647it [00:05, 33276.77it/s]
191007it [00:05, 33371.95it/s]
194388it [00:05, 33499.13it/s]
197756it [00:05, 33551.66it/s]
201112it [00:06, 33315.57it/s]
204445it [00:06, 33292.72it/s]
207787it [00:06, 33327.75it/s]
211147it [00:06, 33406.30it/s]
214488it [00:06, 32458.52it/s]
217845it [00:06, 32784.16it/s]
221214it [00:06, 33049.60it/s]
224584it [00:06, 33241.67it/s]
227981it [00:06, 33457.61it/s]
231363it [00:06, 33564.29it/s]
234722it [00:07, 33495.61it/s]
238122it [00:07, 33644.56it/s]
241493it [00:07, 33661.50it/s]
244883it [00:07, 33729.75it/s]
248257it [00:07, 33640.49it/s]
251667it [00:07, 33776.92it/s]
255077it [00:07, 33871.54it/s]
258465it [00:07, 33774.42it/s]
261843it [00:07, 32456.96it/s]
265238it [00:07, 32890.92it/s]
268657it [00:08, 33269.02it/s]
272055it [00:08, 33478.85it/s]
275449it [00:08, 33615.23it/s]
278835it [00:08, 33686.50it/s]
282207it [00:08, 33680.62it/s]
285577it [00:08, 32697.89it/s]
288952it [00:08, 33005.66it/s]
292288it [00:08, 33107.48it/s]
295688it [00:08, 33370.25it/s]
299116it [00:08, 33640.31it/s]
302557it [00:09, 33867.79it/s]
305946it [00:09, 32484.27it/s]
309347it [00:09, 32924.97it/s]
312751it [00:09, 33249.35it/s]
316151it [00:09, 33470.67it/s]
319582it [00:09, 33716.69it/s]
322992it [00:09, 33830.10it/s]
326379it [00:09, 33561.37it/s]
329773it [00:09, 33672.17it/s]
333143it [00:09, 33242.07it/s]
336520it [00:10, 33396.88it/s]
339901it [00:10, 33517.69it/s]
343307it [00:10, 33677.90it/s]
346717it [00:10, 33802.57it/s]
350099it [00:10, 32410.98it/s]
353470it [00:10, 32785.56it/s]
356854it [00:10, 33091.80it/s]
360219it [00:10, 33254.85it/s]
363614it [00:10, 33459.20it/s]
366965it [00:11, 33176.64it/s]
370382it [00:11, 33469.09it/s]
373732it [00:11, 33412.41it/s]
377175it [00:11, 33712.36it/s]
380600it [00:11, 33872.19it/s]
384045it [00:11, 34042.76it/s]
387451it [00:11, 32929.56it/s]
390872it [00:11, 33302.87it/s]
394308it [00:11, 33614.04it/s]
397733it [00:11, 33801.97it/s]
401147it [00:12, 33901.92it/s]
404560it [00:12, 33968.32it/s]
407990it [00:12, 34066.82it/s]
411399it [00:12, 33897.31it/s]
414790it [00:12, 33543.84it/s]
418206it [00:12, 33723.27it/s]
421666it [00:12, 33983.47it/s]
425066it [00:12, 33665.60it/s]
428518it [00:12, 33917.47it/s]
431970it [00:12, 34095.99it/s]
435415it [00:13, 34200.71it/s]
438867it [00:13, 34295.05it/s]
442298it [00:13, 33910.14it/s]
445765it [00:13, 34134.81it/s]
449213it [00:13, 34237.29it/s]
452675it [00:13, 34348.14it/s]
456126it [00:13, 34395.14it/s]
459566it [00:13, 33863.39it/s]
463010it [00:13, 34031.10it/s]
466415it [00:13, 33942.24it/s]
469857it [00:14, 34081.31it/s]
473296it [00:14, 34171.54it/s]
476714it [00:14, 33697.78it/s]
480149it [00:14, 33888.20it/s]
483595it [00:14, 34057.63it/s]
487043it [00:14, 34181.47it/s]
490496it [00:14, 34284.72it/s]
493926it [00:14, 33852.46it/s]
497387it [00:14, 34075.51it/s]
500848it [00:14, 34234.32it/s]
504277it [00:15, 34249.99it/s]
507725it [00:15, 34316.88it/s]
511158it [00:15, 33782.19it/s]
514590it [00:15, 33937.50it/s]
518035it [00:15, 34089.41it/s]
521446it [00:15, 34083.28it/s]
524862it [00:15, 34103.57it/s]
528274it [00:15, 33643.61it/s]
531698it [00:15, 33817.74it/s]
535144it [00:15, 34006.97it/s]
538577it [00:16, 34101.61it/s]
541991it [00:16, 34111.02it/s]
545403it [00:16, 33575.53it/s]
548829it [00:16, 33777.43it/s]
552264it [00:16, 33945.33it/s]
555693it [00:16, 34047.36it/s]
559142it [00:16, 34176.31it/s]
562561it [00:16, 33504.23it/s]
565930it [00:16, 33558.81it/s]
569334it [00:16, 33701.07it/s]
572712it [00:17, 33722.06it/s]
576086it [00:17, 33665.03it/s]
579454it [00:17, 33085.58it/s]
582830it [00:17, 33283.58it/s]
586161it [00:17, 33240.03it/s]
589571it [00:17, 33493.83it/s]
592989it [00:17, 33694.82it/s]
596360it [00:17, 33293.61it/s]
599769it [00:17, 33529.38it/s]
603153it [00:17, 33621.34it/s]
606554it [00:18, 33736.44it/s]
609951it [00:18, 33805.68it/s]
613333it [00:18, 33325.01it/s]
616697it [00:18, 33416.51it/s]
620080it [00:18, 33537.80it/s]
623479it [00:18, 33670.86it/s]
626872it [00:18, 33745.68it/s]
630248it [00:18, 33275.60it/s]
633674it [00:18, 33566.15it/s]
637082it [00:18, 33717.39it/s]
640492it [00:19, 33831.06it/s]
643910it [00:19, 33934.83it/s]
647305it [00:19, 33397.95it/s]
650712it [00:19, 33595.86it/s]
654126it [00:19, 33755.98it/s]
657557it [00:19, 33918.14it/s]
660950it [00:19, 33074.35it/s]
664263it [00:19, 32822.52it/s]
667631it [00:19, 33072.92it/s]
671025it [00:20, 33328.78it/s]
674439it [00:20, 33566.94it/s]
677848it [00:20, 33721.43it/s]
681222it [00:20, 33209.64it/s]
684610it [00:20, 33405.27it/s]
688006it [00:20, 33568.76it/s]
691403it [00:20, 33685.60it/s]
694809it [00:20, 33796.91it/s]
698190it [00:20, 33315.82it/s]
701583it [00:20, 33494.72it/s]
704958it [00:21, 33568.23it/s]
708317it [00:21, 33571.20it/s]
711682it [00:21, 33594.10it/s]
715043it [00:21, 33039.06it/s]
718390it [00:21, 33163.44it/s]
721755it [00:21, 33305.95it/s]
725103it [00:21, 33356.06it/s]
728472it [00:21, 33455.23it/s]
731819it [00:21, 33098.09it/s]
735234it [00:21, 33409.03it/s]
738619it [00:22, 33537.80it/s]
742001it [00:22, 33620.56it/s]
745374it [00:22, 33651.75it/s]
748740it [00:22, 33063.78it/s]
752121it [00:22, 33281.26it/s]
755484it [00:22, 33382.39it/s]
758862it [00:22, 33499.63it/s]
762240it [00:22, 33582.71it/s]
765600it [00:22, 32998.00it/s]
768983it [00:22, 33241.36it/s]
772336it [00:23, 33325.78it/s]
775726it [00:23, 33496.22it/s]
779108it [00:23, 33589.49it/s]
782468it [00:23, 33087.94it/s]
785863it [00:23, 33342.41it/s]
789261it [00:23, 33531.36it/s]
792665it [00:23, 33680.22it/s]
796046it [00:23, 33717.97it/s]
799419it [00:23, 33681.62it/s]
802801it [00:23, 33720.11it/s]
806206it [00:24, 33817.25it/s]
809594it [00:24, 33832.86it/s]
812978it [00:24, 33811.07it/s]
816379it [00:24, 33867.59it/s]
819768it [00:24, 33872.18it/s]
823181it [00:24, 33946.47it/s]
826586it [00:24, 33975.12it/s]
829999it [00:24, 34020.77it/s]
833402it [00:24, 33650.82it/s]
836769it [00:24, 33111.65it/s]
840169it [00:25, 33372.30it/s]
843571it [00:25, 33563.04it/s]
846929it [00:25, 33369.79it/s]
850324it [00:25, 33540.00it/s]
853713it [00:25, 33643.34it/s]
857122it [00:25, 33774.68it/s]
860538it [00:25, 33886.95it/s]
863928it [00:25, 33653.39it/s]
867334it [00:25, 33774.11it/s]
870758it [00:25, 33910.62it/s]
874165it [00:26, 33955.24it/s]
877561it [00:26, 33704.97it/s]
880951it [00:26, 33761.36it/s]
884357it [00:26, 33849.44it/s]
887761it [00:26, 33906.06it/s]
891152it [00:26, 33781.59it/s]
894557it [00:26, 33858.57it/s]
897944it [00:26, 33855.31it/s]
901343it [00:26, 33893.77it/s]
904733it [00:26, 33751.98it/s]
908138it [00:27, 33838.86it/s]
911538it [00:27, 33884.55it/s]
914943it [00:27, 33932.64it/s]
918337it [00:27, 33798.11it/s]
921783it [00:27, 33993.81it/s]
925211it [00:27, 34078.54it/s]
928645it [00:27, 34155.23it/s]
932061it [00:27, 33353.22it/s]
935402it [00:27, 33367.71it/s]
938742it [00:28, 30871.51it/s]
942091it [00:28, 31605.85it/s]
945483it [00:28, 32266.96it/s]
948735it [00:28, 32293.17it/s]
952128it [00:28, 32771.00it/s]
955550it [00:28, 33197.85it/s]
958957it [00:28, 33455.69it/s]
962310it [00:28, 33202.67it/s]
965680it [00:28, 33348.87it/s]
969054it [00:28, 33462.89it/s]
972434it [00:29, 33561.05it/s]
975805it [00:29, 33602.69it/s]
979167it [00:29, 33457.46it/s]
982548it [00:29, 33559.67it/s]
985930it [00:29, 33636.20it/s]
989316it [00:29, 33701.97it/s]
992687it [00:29, 33399.46it/s]
996088it [00:29, 33578.80it/s]
999492it [00:29, 33713.90it/s]
1002864it [00:29, 33670.30it/s]
1006232it [00:30, 33473.21it/s]
1009609it [00:30, 33560.27it/s]
1012975it [00:30, 33587.93it/s]
1016345it [00:30, 33619.15it/s]
1019708it [00:30, 33416.13it/s]
1023085it [00:30, 33520.74it/s]
1026460it [00:30, 33587.97it/s]
1029846it [00:30, 33667.02it/s]
1033213it [00:30, 33455.88it/s]
1036584it [00:30, 33529.41it/s]
1039964it [00:31, 33606.26it/s]
1043327it [00:31, 33612.03it/s]
1046689it [00:31, 32598.91it/s]
1050050it [00:31, 32891.39it/s]
1053409it [00:31, 33096.22it/s]
1056723it [00:31, 31585.92it/s]
1060091it [00:31, 32186.27it/s]
1063455it [00:31, 32608.50it/s]
1066776it [00:31, 32784.97it/s]
1070187it [00:31, 33174.90it/s]
1073579it [00:32, 33395.49it/s]
1076969it [00:32, 33545.30it/s]
1080327it [00:32, 32268.45it/s]
1083738it [00:32, 32803.14it/s]
1087147it [00:32, 33178.46it/s]
1090518it [00:32, 33334.60it/s]
1093884it [00:32, 33430.68it/s]
1097271it [00:32, 33558.63it/s]
1100640it [00:32, 33596.91it/s]
1104016it [00:32, 32695.67it/s]
1107394it [00:33, 33012.09it/s]
1110801it [00:33, 33321.93it/s]
1114213it [00:33, 33557.08it/s]
1117655it [00:33, 33812.92it/s]
1121073it [00:33, 33920.58it/s]
1124478it [00:33, 33957.72it/s]
1127876it [00:33, 32310.34it/s]
1131287it [00:33, 32827.86it/s]
1134684it [00:33, 33159.65it/s]
1138090it [00:33, 33422.89it/s]
1141495it [00:34, 33608.03it/s]
1144903it [00:34, 33748.01it/s]
1148313it [00:34, 33852.56it/s]
1151718it [00:34, 33908.76it/s]
1155112it [00:34, 33609.52it/s]
1158501it [00:34, 33692.64it/s]
1161888it [00:34, 33742.63it/s]
1165277it [00:34, 33784.40it/s]
1168657it [00:34, 32595.99it/s]
1172054it [00:35, 32994.83it/s]
1175441it [00:35, 33251.49it/s]
1178806it [00:35, 33367.30it/s]
1182217it [00:35, 33584.68it/s]
1185624it [00:35, 33726.64it/s]
1188999it [00:35, 32734.38it/s]
1192317it [00:35, 32864.49it/s]
1195728it [00:35, 33231.16it/s]
1199137it [00:35, 33482.12it/s]
1202545it [00:35, 33658.55it/s]
1205914it [00:36, 33402.84it/s]
1209300it [00:36, 33537.76it/s]
1212675it [00:36, 33600.27it/s]
1216076it [00:36, 33721.96it/s]
1219450it [00:36, 33579.62it/s]
1222878it [00:36, 33787.04it/s]
1226295it [00:36, 33899.68it/s]
1229724it [00:36, 34013.97it/s]
1233126it [00:36, 33838.82it/s]
1236565it [00:36, 34000.47it/s]
1239998it [00:37, 34096.34it/s]
1243416it [00:37, 34119.29it/s]
1246829it [00:37, 33655.31it/s]
1250240it [00:37, 33789.83it/s]
1253641it [00:37, 33853.51it/s]
1257054it [00:37, 33933.05it/s]
1260448it [00:37, 33387.43it/s]
1263828it [00:37, 33506.50it/s]
1267203it [00:37, 33576.48it/s]
1270584it [00:37, 33643.88it/s]
1273968it [00:38, 33700.75it/s]
1277339it [00:38, 33248.28it/s]
1280739it [00:38, 33468.25it/s]
1284141it [00:38, 33630.05it/s]
1287544it [00:38, 33747.24it/s]
1290951it [00:38, 33843.11it/s]
1294336it [00:38, 33274.81it/s]
1297736it [00:38, 33486.32it/s]
1301159it [00:38, 33704.20it/s]
1304589it [00:38, 33879.35it/s]
1308004it [00:39, 33957.73it/s]
1311401it [00:39, 33519.39it/s]
1314836it [00:39, 33764.76it/s]
1318278it [00:39, 33957.45it/s]
1321723it [00:39, 34103.91it/s]
1325162it [00:39, 34188.03it/s]
1328582it [00:39, 33720.47it/s]
1332008it [00:39, 33880.04it/s]
1335444it [00:39, 34020.95it/s]
1338848it [00:39, 30833.84it/s]
1342272it [00:40, 31782.39it/s]
1345532it [00:40, 32013.07it/s]
1348986it [00:40, 32741.37it/s]
1352435it [00:40, 33251.32it/s]
1355875it [00:40, 33588.94it/s]
1359332it [00:40, 33877.10it/s]
1362731it [00:40, 33522.13it/s]
1366182it [00:40, 33811.90it/s]
1369617it [00:40, 33970.28it/s]
1373055it [00:40, 34091.58it/s]
1376502it [00:41, 34202.28it/s]
1379925it [00:41, 33771.87it/s]
1383359it [00:41, 33939.25it/s]
1386788it [00:41, 34041.10it/s]
1390235it [00:41, 34167.29it/s]
1393673it [00:41, 34229.46it/s]
1397097it [00:41, 33748.78it/s]
1400546it [00:41, 33966.82it/s]
1403969it [00:41, 34043.16it/s]
1407402it [00:42, 34127.69it/s]
1410816it [00:42, 34078.92it/s]
1414225it [00:42, 33591.37it/s]
1417637it [00:42, 33745.84it/s]
1421038it [00:42, 33820.40it/s]
1424422it [00:42, 33813.83it/s]
1427822it [00:42, 33866.77it/s]
1431210it [00:42, 33405.64it/s]
1434642it [00:42, 33675.63it/s]
1438053it [00:42, 33802.28it/s]
1441435it [00:43, 33778.95it/s]
1444814it [00:43, 33305.55it/s]
1448198it [00:43, 33462.73it/s]
1451602it [00:43, 33632.03it/s]
1455007it [00:43, 33755.12it/s]
1458405it [00:43, 33819.24it/s]
1461788it [00:43, 33366.70it/s]
1465156it [00:43, 33458.34it/s]
1468519it [00:43, 33508.47it/s]
1471871it [00:43, 33495.36it/s]
1475241it [00:44, 33554.82it/s]
1478597it [00:44, 33056.17it/s]
1481967it [00:44, 33244.91it/s]
1485361it [00:44, 33450.61it/s]
1488749it [00:44, 33578.19it/s]
1492119it [00:44, 33612.19it/s]
1495481it [00:44, 33186.63it/s]
1498891it [00:44, 33455.78it/s]
1502303it [00:44, 33651.77it/s]
1505670it [00:44, 32684.88it/s]
1509072it [00:45, 33074.35it/s]
1512385it [00:45, 32788.69it/s]
1515788it [00:45, 33152.56it/s]
1519188it [00:45, 33402.13it/s]
1522592it [00:45, 33588.32it/s]
1525973it [00:45, 33652.56it/s]
1529340it [00:45, 33253.82it/s]
1532748it [00:45, 33496.46it/s]
1536170it [00:45, 33709.81it/s]
1539586it [00:45, 33841.18it/s]
1542972it [00:46, 33797.63it/s]
1546353it [00:46, 33168.68it/s]
1549735it [00:46, 33358.07it/s]
1553135it [00:46, 33547.64it/s]
1556511it [00:46, 33610.04it/s]
1559879it [00:46, 33629.92it/s]
1563243it [00:46, 33096.34it/s]
1566629it [00:46, 33319.43it/s]
1570028it [00:46, 33517.20it/s]
1573425it [00:46, 33650.15it/s]
1576813it [00:47, 33715.68it/s]
1580186it [00:47, 33204.54it/s]
1583552it [00:47, 33336.96it/s]
1586899it [00:47, 33375.23it/s]
1590257it [00:47, 33432.78it/s]
1593616it [00:47, 33478.92it/s]
1596965it [00:47, 32986.87it/s]
1600324it [00:47, 33164.14it/s]
1603656it [00:47, 33210.16it/s]
1607013it [00:47, 33317.11it/s]
1610367it [00:48, 33383.45it/s]
1613706it [00:48, 33189.80it/s]
1617027it [00:48, 33193.12it/s]
1620377it [00:48, 33282.22it/s]
1623726it [00:48, 33343.49it/s]
1627091it [00:48, 33434.36it/s]
1630471it [00:48, 33540.58it/s]
1633846it [00:48, 33602.94it/s]
1637236it [00:48, 33689.39it/s]
1640631it [00:48, 33765.34it/s]
1644028it [00:49, 33825.14it/s]
1647411it [00:49, 33785.25it/s]
1650790it [00:49, 33759.79it/s]
1654167it [00:49, 33750.54it/s]
1657543it [00:49, 33706.65it/s]
1660925it [00:49, 33738.55it/s]
1664301it [00:49, 33742.17it/s]
1667683it [00:49, 33763.12it/s]
1671070it [00:49, 33794.85it/s]
1674462it [00:49, 33830.91it/s]
1677873it [00:50, 33912.92it/s]
1681265it [00:50, 33862.87it/s]
1684652it [00:50, 33780.75it/s]
1688031it [00:50, 33688.70it/s]
1691400it [00:50, 33658.78it/s]
1694766it [00:50, 32577.98it/s]
1698107it [00:50, 32818.80it/s]
1701452it [00:50, 33003.80it/s]
1704825it [00:50, 33215.93it/s]
1708174it [00:50, 33295.66it/s]
1711548it [00:51, 33427.38it/s]
1714893it [00:51, 33397.78it/s]
1718234it [00:51, 33394.85it/s]
1721594it [00:51, 33454.16it/s]
1724949it [00:51, 33481.50it/s]
1728307it [00:51, 33508.29it/s]
1731660it [00:51, 33513.49it/s]
1735017it [00:51, 33530.01it/s]
1738371it [00:51, 33509.85it/s]
1741740it [00:51, 33561.05it/s]
1745105it [00:52, 33586.89it/s]
1748509it [00:52, 33721.44it/s]
1751894it [00:52, 33759.04it/s]
1755293it [00:52, 33827.66it/s]
1758676it [00:52, 33814.35it/s]
1762086it [00:52, 33898.64it/s]
1765476it [00:52, 33861.09it/s]
1768876it [00:52, 33901.28it/s]
1772277it [00:52, 33933.20it/s]
1775680it [00:52, 33959.64it/s]
1779096it [00:53, 34017.20it/s]
1782498it [00:53, 33963.82it/s]
1785903it [00:53, 33988.41it/s]
1789302it [00:53, 33610.40it/s]
1792696it [00:53, 33707.92it/s]
1796097it [00:53, 33796.69it/s]
1799497it [00:53, 33855.84it/s]
1802909it [00:53, 33932.93it/s]
1806303it [00:53, 33513.57it/s]
1809692it [00:53, 33623.47it/s]
1813114it [00:54, 33798.27it/s]
1816526it [00:54, 33891.51it/s]
1819916it [00:54, 33648.00it/s]
1823333it [00:54, 33801.23it/s]
1826743it [00:54, 33889.57it/s]
1830161it [00:54, 33976.09it/s]
1833559it [00:54, 33793.46it/s]
1836982it [00:54, 33921.95it/s]
1840380it [00:54, 33938.00it/s]
1843791it [00:55, 33987.09it/s]
1847190it [00:55, 33738.98it/s]
1850605it [00:55, 33860.35it/s]
1854022it [00:55, 33949.40it/s]
1857439it [00:55, 34014.06it/s]
1860841it [00:55, 33848.94it/s]
1864267it [00:55, 33970.94it/s]
1867674it [00:55, 33999.28it/s]
1871104it [00:55, 34088.67it/s]
1874532it [00:55, 34145.15it/s]
1877947it [00:56, 33788.28it/s]
1881410it [00:56, 34036.96it/s]
1884850it [00:56, 34144.61it/s]
1888289it [00:56, 34215.31it/s]
1891712it [00:56, 33143.28it/s]
1895129it [00:56, 33440.64it/s]
1898543it [00:56, 33646.03it/s]
1901937it [00:56, 33731.59it/s]
1905314it [00:56, 29881.20it/s]
1908734it [00:56, 31059.85it/s]
1911934it [00:57, 31321.58it/s]
1915303it [00:57, 31997.68it/s]
1918676it [00:57, 32497.90it/s]
1922070it [00:57, 32920.15it/s]
1925452it [00:57, 33184.01it/s]
1928823it [00:57, 33338.84it/s]
1932168it [00:57, 32973.79it/s]
1935512it [00:57, 33110.40it/s]
1938862it [00:57, 33222.56it/s]
1942219it [00:57, 33325.17it/s]
1945555it [00:58, 33042.18it/s]
1948921it [00:58, 33224.43it/s]
1952294it [00:58, 33372.38it/s]
1955686it [00:58, 33534.07it/s]
1959073it [00:58, 33630.97it/s]
1962437it [00:58, 33493.66it/s]
1965819it [00:58, 33588.99it/s]
1969205it [00:58, 33667.85it/s]
1972573it [00:58, 32967.25it/s]
1975931it [00:58, 33145.83it/s]
1979289it [00:59, 33273.55it/s]
1982670it [00:59, 33432.81it/s]
1986040it [00:59, 33510.61it/s]
1989426it [00:59, 33614.63it/s]
1992789it [00:59, 33566.35it/s]
1996166it [00:59, 33625.90it/s]
1999530it [00:59, 33575.74it/s]
2002898it [00:59, 33604.76it/s]
2006259it [00:59, 33407.86it/s]
2009628it [00:59, 33489.50it/s]
2013011it [01:00, 33590.50it/s]
2016396it [01:00, 33667.04it/s]
2019763it [01:00, 32779.55it/s]
2023171it [01:00, 33160.44it/s]
2026565it [01:00, 33389.19it/s]
2029947it [01:00, 33515.45it/s]
2033311it [01:00, 33551.08it/s]
2036693it [01:00, 33630.70it/s]
2040058it [01:00, 33490.98it/s]
2043451it [01:00, 33619.27it/s]
2046861it [01:01, 33760.08it/s]
2050238it [01:01, 33762.02it/s]
2053615it [01:01, 32478.04it/s]
2057013it [01:01, 32913.72it/s]
2060407it [01:01, 33213.95it/s]
2063788it [01:01, 33389.70it/s]
2067176it [01:01, 33534.43it/s]
2070585it [01:01, 33699.49it/s]
2073981it [01:01, 33776.93it/s]
2077361it [01:02, 32898.71it/s]
2080741it [01:02, 33161.72it/s]
2084147it [01:02, 33425.61it/s]
2087549it [01:02, 33601.39it/s]
2090942it [01:02, 33697.23it/s]
2094359it [01:02, 33837.73it/s]
2097745it [01:02, 32636.88it/s]
2101175it [01:02, 33121.40it/s]
2104628it [01:02, 33534.55it/s]
2108063it [01:02, 33773.76it/s]
2111459it [01:03, 33827.97it/s]
2114861it [01:03, 33882.83it/s]
2118280it [01:03, 33973.07it/s]
2121680it [01:03, 33834.45it/s]
2125090it [01:03, 33911.98it/s]
2128504it [01:03, 33979.14it/s]
2131929it [01:03, 34057.27it/s]
2135345it [01:03, 34085.92it/s]
2138754it [01:03, 33905.38it/s]
2142145it [01:03, 31799.96it/s]
2145581it [01:04, 32528.81it/s]
2148945it [01:04, 32848.70it/s]
2152392it [01:04, 33320.84it/s]
2155848it [01:04, 33683.59it/s]
2159286it [01:04, 33887.00it/s]
2162682it [01:04, 32843.70it/s]
2166148it [01:04, 33371.31it/s]
2169622it [01:04, 33771.88it/s]
2173095it [01:04, 34054.00it/s]
2176556it [01:04, 34218.87it/s]
2180019it [01:05, 34339.80it/s]
2183493it [01:05, 34458.87it/s]
2186941it [01:05, 34407.90it/s]
2190384it [01:05, 34098.88it/s]
2193807it [01:05, 34134.54it/s]
2197226it [01:05, 34148.97it/s]
2200659it [01:05, 34201.36it/s]
2204080it [01:05, 33876.51it/s]
2207480it [01:05, 33911.86it/s]
2210872it [01:05, 33868.18it/s]
2214260it [01:06, 33764.61it/s]
2217637it [01:06, 33517.74it/s]
2221048it [01:06, 33693.01it/s]
2224450it [01:06, 33789.29it/s]
2227837it [01:06, 33812.25it/s]
2231219it [01:06, 33545.39it/s]
2234628it [01:06, 33705.49it/s]
2238036it [01:06, 33815.69it/s]
2241453it [01:06, 33918.82it/s]
2244846it [01:06, 33403.48it/s]
2248258it [01:07, 33615.14it/s]
2251681it [01:07, 33795.40it/s]
2255065it [01:07, 33806.90it/s]
2258481it [01:07, 33909.13it/s]
2261873it [01:07, 33419.55it/s]
2265258it [01:07, 33544.74it/s]
2268679it [01:07, 33741.93it/s]
2272098it [01:07, 33875.02it/s]
2275500it [01:07, 33916.33it/s]
2278893it [01:07, 33419.22it/s]
2282305it [01:08, 33626.47it/s]
2285737it [01:08, 33830.00it/s]
2289169it [01:08, 33973.19it/s]
2292570it [01:08, 33981.39it/s]
2295969it [01:08, 33474.96it/s]
2299389it [01:08, 33688.85it/s]
2302813it [01:08, 33850.27it/s]
2306248it [01:08, 33996.98it/s]
2309674it [01:08, 34073.48it/s]
2313083it [01:09, 33510.66it/s]
2316486it [01:09, 33660.85it/s]
2319881it [01:09, 33745.41it/s]
2323275it [01:09, 33802.89it/s]
2326657it [01:09, 33804.59it/s]
2330039it [01:09, 33202.48it/s]
2333432it [01:09, 33415.55it/s]
2336831it [01:09, 33583.99it/s]
2340224it [01:09, 33685.30it/s]
2343626it [01:09, 33783.60it/s]
2347006it [01:10, 33305.09it/s]
2350413it [01:10, 33529.79it/s]
2353827it [01:10, 33710.53it/s]
2357233it [01:10, 33812.66it/s]
2360631it [01:10, 33861.08it/s]
2364018it [01:10, 33353.02it/s]
2367401it [01:10, 33492.82it/s]
2370802it [01:10, 33644.30it/s]
2374209it [01:10, 33767.72it/s]
2377623it [01:10, 33876.23it/s]
2381012it [01:11, 33298.01it/s]
2384392it [01:11, 33446.15it/s]
2387760it [01:11, 33513.54it/s]
2391141it [01:11, 33601.57it/s]
2394522it [01:11, 33663.27it/s]
2397890it [01:11, 33153.43it/s]
2401259it [01:11, 33310.97it/s]
2404644it [01:11, 33468.84it/s]
2407997it [01:11, 33483.98it/s]
2411347it [01:11, 28793.11it/s]
2414744it [01:12, 30180.44it/s]
2418147it [01:12, 31244.81it/s]
2421543it [01:12, 32014.51it/s]
2424944it [01:12, 32589.26it/s]
2428246it [01:12, 32510.50it/s]
2431654it [01:12, 32969.31it/s]
2435073it [01:12, 33328.22it/s]
2438507it [01:12, 33626.36it/s]
2441931it [01:12, 33806.24it/s]
2445320it [01:12, 33325.27it/s]
2448706it [01:13, 33482.88it/s]
2452068it [01:13, 33522.58it/s]
2455433it [01:13, 33558.80it/s]
2458800it [01:13, 33588.99it/s]
2462161it [01:13, 33016.21it/s]
2465519it [01:13, 33182.57it/s]
2468899it [01:13, 33364.76it/s]
2472283it [01:13, 33504.36it/s]
2475664it [01:13, 33591.95it/s]
2479025it [01:14, 33093.04it/s]
2482393it [01:14, 33265.79it/s]
2485758it [01:14, 33377.42it/s]
2489126it [01:14, 33465.87it/s]
2492530it [01:14, 33634.57it/s]
2495895it [01:14, 33152.66it/s]
2499273it [01:14, 33337.51it/s]
2502695it [01:14, 33597.66it/s]
2506094it [01:14, 33712.84it/s]
2509486it [01:14, 33774.03it/s]
2512865it [01:15, 33322.12it/s]
2516278it [01:15, 33560.77it/s]
2519726it [01:15, 33831.64it/s]
2523163it [01:15, 33991.45it/s]
2526602it [01:15, 34108.81it/s]
2530014it [01:15, 33555.67it/s]
2533411it [01:15, 33676.14it/s]
2536839it [01:15, 33854.81it/s]
2540234it [01:15, 33880.49it/s]
2543640it [01:15, 33932.16it/s]
2547034it [01:16, 33459.66it/s]
2550455it [01:16, 33681.72it/s]
2553895it [01:16, 33894.12it/s]
2557325it [01:16, 34014.91it/s]
2560745it [01:16, 34069.24it/s]
2564153it [01:16, 33507.24it/s]
2567573it [01:16, 33710.53it/s]
2570989it [01:16, 33843.26it/s]
2574404it [01:16, 33932.42it/s]
2577805it [01:16, 33954.50it/s]
2581202it [01:17, 33402.57it/s]
2584600it [01:17, 33572.83it/s]
2587975it [01:17, 33624.47it/s]
2591365it [01:17, 33704.75it/s]
2594753it [01:17, 33755.92it/s]
2598130it [01:17, 33421.38it/s]
2601527it [01:17, 33581.76it/s]
2604919it [01:17, 33679.69it/s]
2608301it [01:17, 33721.07it/s]
2611674it [01:17, 33716.20it/s]
2615074it [01:18, 33798.82it/s]
2618478it [01:18, 33870.69it/s]
2621905it [01:18, 33989.76it/s]
2625342it [01:18, 34101.96it/s]
2628777it [01:18, 34173.06it/s]
2632206it [01:18, 34206.93it/s]
2635627it [01:18, 33799.32it/s]
2639009it [01:18, 33778.06it/s]
2642397it [01:18, 33806.09it/s]
2645782it [01:18, 33816.95it/s]
2649165it [01:19, 33543.96it/s]
2652573it [01:19, 33702.52it/s]
2655965it [01:19, 33766.68it/s]
2659373it [01:19, 33859.52it/s]
2662760it [01:19, 33693.89it/s]
2666172it [01:19, 33819.40it/s]
2669567it [01:19, 33854.82it/s]
2672975it [01:19, 33919.75it/s]
2676368it [01:19, 33752.32it/s]
2679770it [01:19, 33830.38it/s]
2683198it [01:20, 33964.23it/s]
2686602it [01:20, 33985.29it/s]
2690001it [01:20, 33778.95it/s]
2693401it [01:20, 33841.98it/s]
2696814it [01:20, 33926.10it/s]
2700227it [01:20, 33986.02it/s]
2703626it [01:20, 33728.85it/s]
2707023it [01:20, 33799.20it/s]
2710404it [01:20, 28580.94it/s]
2713456it [01:21, 29093.44it/s]
2716843it [01:21, 30403.06it/s]
2720203it [01:21, 31301.42it/s]
2723577it [01:21, 31998.58it/s]
2726961it [01:21, 32532.28it/s]
2730347it [01:21, 32921.50it/s]
2733665it [01:21, 32730.09it/s]
2737067it [01:21, 33108.23it/s]
2740485it [01:21, 33422.89it/s]
2743907it [01:21, 33657.15it/s]
2747298it [01:22, 33730.55it/s]
2750676it [01:22, 33267.50it/s]
2754058it [01:22, 33428.37it/s]
2757425it [01:22, 33499.40it/s]
2760800it [01:22, 33571.46it/s]
2764184it [01:22, 33649.75it/s]
2767551it [01:22, 32958.82it/s]
2770900it [01:22, 33113.24it/s]
2774258it [01:22, 33250.51it/s]
2777641it [01:22, 33420.52it/s]
2781017it [01:23, 33520.29it/s]
2784371it [01:23, 33111.39it/s]
2787743it [01:23, 33290.55it/s]
2791098it [01:23, 33364.63it/s]
2794472it [01:23, 33475.88it/s]
2797845it [01:23, 33551.15it/s]
2801201it [01:23, 33292.83it/s]
2804590it [01:23, 33468.25it/s]
2807974it [01:23, 33576.95it/s]
2811368it [01:23, 33683.16it/s]
2814737it [01:24, 33542.73it/s]
2818135it [01:24, 33671.68it/s]
2821527it [01:24, 33743.96it/s]
2824915it [01:24, 33784.20it/s]
2828294it [01:24, 33238.84it/s]
2831679it [01:24, 33417.56it/s]
2835046it [01:24, 33491.08it/s]
2838451it [01:24, 33655.01it/s]
2841833it [01:24, 33702.35it/s]
2845204it [01:24, 33590.46it/s]
2848598it [01:25, 33692.33it/s]
2851997it [01:25, 33780.43it/s]
2855381it [01:25, 33797.02it/s]
2858761it [01:25, 33525.03it/s]
2862116it [01:25, 33529.17it/s]
2865491it [01:25, 33594.82it/s]
2868851it [01:25, 32729.31it/s]
2872210it [01:25, 32980.79it/s]
2875575it [01:25, 33178.29it/s]
2878929it [01:25, 33284.18it/s]
2882290it [01:26, 33378.95it/s]
2885659it [01:26, 33469.44it/s]
2889008it [01:26, 33339.86it/s]
2892373it [01:26, 33430.81it/s]
2895756it [01:26, 33549.31it/s]
2899130it [01:26, 33603.91it/s]
2902491it [01:26, 32267.54it/s]
2905855it [01:26, 32666.72it/s]
2909216it [01:26, 32942.81it/s]
2912598it [01:26, 33201.57it/s]
2915974it [01:27, 33365.13it/s]
2919343it [01:27, 33461.58it/s]
2922713it [01:27, 33532.22it/s]
2926089it [01:27, 33597.61it/s]
2929451it [01:27, 32677.88it/s]
2932826it [01:27, 32990.87it/s]
2936200it [01:27, 33210.21it/s]
2939602it [01:27, 33447.19it/s]
2942997it [01:27, 33596.58it/s]
2946384it [01:27, 33677.70it/s]
2949754it [01:28, 32495.91it/s]
2953176it [01:28, 32997.14it/s]
2956579it [01:28, 33299.37it/s]
2959995it [01:28, 33553.19it/s]
2963414it [01:28, 33741.84it/s]
2966826it [01:28, 33852.15it/s]
2970216it [01:28, 33864.35it/s]
2973605it [01:28, 33469.39it/s]
2977047it [01:28, 33748.92it/s]
2980486it [01:29, 33938.25it/s]
2983918it [01:29, 34050.96it/s]
2987325it [01:29, 34052.17it/s]
2990731it [01:29, 33353.78it/s]
2994161it [01:29, 33632.65it/s]
2997560it [01:29, 33737.29it/s]
3000949it [01:29, 33782.09it/s]
3004331it [01:29, 33792.95it/s]
3007712it [01:29, 33654.40it/s]
3011120it [01:29, 33780.75it/s]
3014507it [01:30, 33805.55it/s]
3017900it [01:30, 33840.66it/s]
3021285it [01:30, 33590.95it/s]
3024645it [01:30, 33586.90it/s]
3028052it [01:30, 33729.72it/s]
3031464it [01:30, 33845.81it/s]
3034849it [01:30, 33497.63it/s]
3038229it [01:30, 33586.21it/s]
3041621it [01:30, 33683.24it/s]
3045031it [01:30, 33804.92it/s]
3048412it [01:31, 33541.81it/s]
3051767it [01:31, 24962.23it/s]
3055176it [01:31, 27155.02it/s]
3058609it [01:31, 28986.57it/s]
3061883it [01:31, 29990.23it/s]
3065329it [01:31, 31223.66it/s]
3068774it [01:31, 32136.50it/s]
3072229it [01:31, 32829.32it/s]
3075583it [01:31, 32874.34it/s]
3079018it [01:32, 33303.20it/s]
3082464it [01:32, 33642.26it/s]
3085911it [01:32, 33885.52it/s]
3089331it [01:32, 33977.86it/s]
3092742it [01:32, 33510.68it/s]
3096168it [01:32, 33731.05it/s]
3099593it [01:32, 33883.02it/s]
3103030it [01:32, 34024.75it/s]
3106476it [01:32, 34154.32it/s]
3109895it [01:32, 33703.87it/s]
3113352it [01:33, 33957.60it/s]
3116785it [01:33, 34067.56it/s]
3120217it [01:33, 34141.83it/s]
3123646it [01:33, 34184.54it/s]
3127066it [01:33, 33726.32it/s]
3130527it [01:33, 33985.88it/s]
3133987it [01:33, 34166.82it/s]
3137421it [01:33, 34217.68it/s]
3140870it [01:33, 34296.73it/s]
3144301it [01:33, 33839.23it/s]
3147741it [01:34, 34003.71it/s]
3151178it [01:34, 34111.51it/s]
3154593it [01:34, 34120.55it/s]
3158023it [01:34, 34173.28it/s]
3161441it [01:34, 33728.11it/s]
3164875it [01:34, 33908.19it/s]
3168291it [01:34, 33982.40it/s]
3171724it [01:34, 34083.20it/s]
3175181it [01:34, 34226.07it/s]
3178605it [01:34, 33786.84it/s]
3182043it [01:35, 33962.49it/s]
3185472it [01:35, 34059.55it/s]
3188910it [01:35, 34152.50it/s]
3192348it [01:35, 34217.06it/s]
3195771it [01:35, 33736.81it/s]
3199222it [01:35, 33963.05it/s]
3202651it [01:35, 34058.34it/s]
3206082it [01:35, 34130.94it/s]
3209517it [01:35, 34188.82it/s]
3212937it [01:35, 33659.54it/s]
3216342it [01:36, 33771.67it/s]
3219727it [01:36, 33793.45it/s]
3223128it [01:36, 33857.18it/s]
3226540it [01:36, 33934.71it/s]
3229935it [01:36, 33465.04it/s]
3233363it [01:36, 33704.79it/s]
3236777it [01:36, 33833.41it/s]
3240177it [01:36, 33882.62it/s]
3243567it [01:36, 33349.77it/s]
3246953it [01:36, 33498.28it/s]
3250338it [01:37, 33601.49it/s]
3253710it [01:37, 33633.91it/s]
3257088it [01:37, 33676.21it/s]
3260457it [01:37, 33175.51it/s]
3263832it [01:37, 33343.16it/s]
3267211it [01:37, 33474.38it/s]
3270618it [01:37, 33650.43it/s]
3274005it [01:37, 33715.72it/s]
3277378it [01:37, 33210.51it/s]
3280759it [01:37, 33384.94it/s]
3284158it [01:38, 33562.74it/s]
3287537it [01:38, 33628.77it/s]
3290902it [01:38, 33632.10it/s]
3294266it [01:38, 33115.57it/s]
3297600it [01:38, 33180.29it/s]
3300922it [01:38, 33191.09it/s]
3304261it [01:38, 33250.03it/s]
3307587it [01:38, 33241.09it/s]
3310912it [01:38, 32760.30it/s]
3314252it [01:39, 32949.10it/s]
3317610it [01:39, 33134.68it/s]
3320973it [01:39, 33281.05it/s]
3324346it [01:39, 33413.96it/s]
3327689it [01:39, 33006.82it/s]
3331041it [01:39, 33156.02it/s]
3334393it [01:39, 33261.34it/s]
3337736it [01:39, 33309.49it/s]
3341111it [01:39, 33440.12it/s]
3344456it [01:39, 33083.84it/s]
3347857it [01:40, 33356.28it/s]
3351215it [01:40, 33421.11it/s]
3354581it [01:40, 33490.92it/s]
3357936it [01:40, 33506.23it/s]
3361288it [01:40, 33053.70it/s]
3364688it [01:40, 33333.58it/s]
3368055it [01:40, 33430.80it/s]
3371400it [01:40, 33399.12it/s]
3374769it [01:40, 33484.24it/s]
3378118it [01:40, 33016.52it/s]
3381505it [01:41, 33266.33it/s]
3384890it [01:41, 33437.70it/s]
3388290it [01:41, 33604.89it/s]
3391652it [01:41, 33119.23it/s]
3395062it [01:41, 33409.03it/s]
3398467it [01:41, 33597.85it/s]
3401875it [01:41, 33740.91it/s]
3405254it [01:41, 33752.76it/s]
3408631it [01:41, 33071.20it/s]
3412006it [01:41, 33270.74it/s]
3415406it [01:42, 33484.45it/s]
3418812it [01:42, 33654.67it/s]
3422180it [01:42, 33657.21it/s]
3425547it [01:42, 33597.94it/s]
3428927it [01:42, 33655.93it/s]
3432294it [01:42, 28617.92it/s]
3435666it [01:42, 29976.03it/s]
3439042it [01:42, 31018.68it/s]
3442422it [01:42, 31803.59it/s]
3445795it [01:42, 32356.45it/s]
3449169it [01:43, 32758.26it/s]
3452554it [01:43, 33076.46it/s]
3455937it [01:43, 33297.57it/s]
3459341it [01:43, 33515.32it/s]
3462746it [01:43, 33674.01it/s]
3466150it [01:43, 33781.16it/s]
3469538it [01:43, 33808.59it/s]
3472924it [01:43, 33814.02it/s]
3476320it [01:43, 33855.90it/s]
3479721it [01:43, 33899.94it/s]
3483151it [01:44, 34016.92it/s]
3486555it [01:44, 34021.10it/s]
3489978it [01:44, 34083.09it/s]
3493387it [01:44, 34058.09it/s]
3496803it [01:44, 34088.38it/s]
3500220it [01:44, 34109.81it/s]
3503640it [01:44, 34135.91it/s]
3507069it [01:44, 34180.96it/s]
3510488it [01:44, 34031.30it/s]
3513896it [01:44, 34043.66it/s]
3517301it [01:45, 33956.50it/s]
3520697it [01:45, 33917.98it/s]
3524089it [01:45, 33918.18it/s]
3527481it [01:45, 33872.30it/s]
3530877it [01:45, 33897.68it/s]
3534267it [01:45, 33886.07it/s]
3537661it [01:45, 33901.15it/s]
3541065it [01:45, 33940.12it/s]
3544477it [01:45, 33992.98it/s]
3547898it [01:45, 34055.53it/s]
3551336it [01:46, 34149.49it/s]
3554768it [01:46, 34197.72it/s]
3558209it [01:46, 34258.72it/s]
3561635it [01:46, 34200.20it/s]
3565056it [01:46, 34189.82it/s]
3568485it [01:46, 34216.84it/s]
3571907it [01:46, 34205.87it/s]
3575328it [01:46, 34056.03it/s]
3578734it [01:46, 33943.30it/s]
3582133it [01:47, 33956.00it/s]
3585543it [01:47, 33997.19it/s]
3588943it [01:47, 33690.34it/s]
3592359it [01:47, 33828.38it/s]
3595789it [01:47, 33966.87it/s]
3599209it [01:47, 34036.03it/s]
3602613it [01:47, 33825.70it/s]
3606017it [01:47, 33888.38it/s]
3609417it [01:47, 33919.26it/s]
3612824it [01:47, 33961.88it/s]
3616221it [01:48, 33730.52it/s]
3619619it [01:48, 33801.41it/s]
3623030it [01:48, 33891.06it/s]
3626439it [01:48, 33948.21it/s]
3629835it [01:48, 33751.96it/s]
3633238it [01:48, 33832.28it/s]
3636650it [01:48, 33917.94it/s]
3640046it [01:48, 33929.20it/s]
3643440it [01:48, 33618.66it/s]
3646832it [01:48, 33705.34it/s]
3650237it [01:49, 33805.38it/s]
3653639it [01:49, 33868.14it/s]
3657027it [01:49, 33772.82it/s]
3660446it [01:49, 33895.93it/s]
3663854it [01:49, 33949.84it/s]
3667250it [01:49, 33896.57it/s]
3670640it [01:49, 33025.59it/s]
3674033it [01:49, 33288.67it/s]
3677437it [01:49, 33508.44it/s]
3680862it [01:49, 33727.99it/s]
3684285it [01:50, 33874.71it/s]
3687717it [01:50, 34005.97it/s]
3691119it [01:50, 33050.74it/s]
3694542it [01:50, 33395.83it/s]
3697960it [01:50, 33626.60it/s]
3701374it [01:50, 33776.72it/s]
3704776it [01:50, 33846.23it/s]
3708186it [01:50, 33919.80it/s]
3711594it [01:50, 33966.33it/s]
3714992it [01:50, 33536.80it/s]
3718358it [01:51, 33571.27it/s]
3721761it [01:51, 33705.95it/s]
3725142it [01:51, 33735.59it/s]
3728517it [01:51, 33013.95it/s]
3731888it [01:51, 33215.27it/s]
3735263it [01:51, 33371.98it/s]
3738641it [01:51, 33490.69it/s]
3741994it [01:51, 33501.97it/s]
3745346it [01:51, 33003.61it/s]
3748672it [01:51, 33076.20it/s]
3752016it [01:52, 33182.46it/s]
3755383it [01:52, 33325.06it/s]
3758734it [01:52, 33377.48it/s]
3762073it [01:52, 32974.08it/s]
3765435it [01:52, 33162.88it/s]
3768821it [01:52, 33368.05it/s]
3772209it [01:52, 33519.40it/s]
3775562it [01:52, 33424.44it/s]
3778945it [01:52, 33544.56it/s]
3782332it [01:52, 33638.85it/s]
3785726it [01:53, 33728.24it/s]
3789100it [01:53, 33193.24it/s]
3792479it [01:53, 33368.87it/s]
3795837it [01:53, 33431.38it/s]
3799213it [01:53, 33527.70it/s]
3802572it [01:53, 33545.48it/s]
3805928it [01:53, 33343.79it/s]
3809299it [01:53, 33450.10it/s]
3812656it [01:53, 33484.46it/s]
3816014it [01:53, 33510.91it/s]
3819366it [01:54, 33317.40it/s]
3822735it [01:54, 33427.88it/s]
3826112it [01:54, 33529.35it/s]
3829466it [01:54, 33527.45it/s]
3832819it [01:54, 32676.01it/s]
3836182it [01:54, 32954.43it/s]
3839550it [01:54, 33166.79it/s]
3842930it [01:54, 33352.96it/s]
3846313it [01:54, 33494.04it/s]
3849696it [01:54, 33592.27it/s]
3853057it [01:55, 33492.08it/s]
3856442it [01:55, 33595.96it/s]
3859803it [01:55, 29252.80it/s]
3863093it [01:55, 30240.33it/s]
3866474it [01:55, 31235.24it/s]
3869857it [01:55, 31973.49it/s]
3873251it [01:55, 32540.09it/s]
3876542it [01:55, 31651.21it/s]
3879942it [01:55, 32327.95it/s]
3883344it [01:56, 32819.23it/s]
3886731it [01:56, 33124.98it/s]
3890132it [01:56, 33384.77it/s]
3893549it [01:56, 33616.95it/s]
3896976it [01:56, 33811.04it/s]
3900363it [01:56, 33033.58it/s]
3903788it [01:56, 33390.99it/s]
3907200it [01:56, 33605.37it/s]
3910576it [01:56, 33650.17it/s]
3913960it [01:56, 33705.89it/s]
3917340it [01:57, 33732.51it/s]
3920715it [01:57, 32424.65it/s]
3924135it [01:57, 32940.03it/s]
3927538it [01:57, 33256.91it/s]
3930970it [01:57, 33568.37it/s]
3934357it [01:57, 33654.98it/s]
3937792it [01:57, 33860.46it/s]
3941214it [01:57, 33964.96it/s]
3944613it [01:57, 33517.31it/s]
3948013it [01:57, 33659.81it/s]
3951400it [01:58, 33721.34it/s]
3954786it [01:58, 33761.98it/s]
3958198it [01:58, 33866.89it/s]
3961586it [01:58, 33764.33it/s]
3965025it [01:58, 33948.89it/s]
3968434it [01:58, 33989.26it/s]
3971851it [01:58, 34041.26it/s]
3975256it [01:58, 32909.62it/s]
3978673it [01:58, 33276.24it/s]
3982107it [01:58, 33589.25it/s]
3985522it [01:59, 33754.37it/s]
3988941it [01:59, 33883.48it/s]
3992380it [01:59, 34030.80it/s]
3995791it [01:59, 34051.27it/s]
3999198it [01:59, 33986.72it/s]
4002617it [01:59, 34045.26it/s]
4006072it [01:59, 34195.96it/s]
4009496it [01:59, 34207.62it/s]
4012918it [01:59, 33560.85it/s]
4016358it [01:59, 33806.84it/s]
4019797it [02:00, 33978.22it/s]
4023248it [02:00, 34136.29it/s]
4026700it [02:00, 34249.81it/s]
4030127it [02:00, 33958.81it/s]
4033525it [02:00, 33949.16it/s]
4036921it [02:00, 33906.97it/s]
4040313it [02:00, 33863.10it/s]
4043700it [02:00, 33560.24it/s]
4047114it [02:00, 33730.68it/s]
4050522it [02:00, 33832.85it/s]
4053936it [02:01, 33924.22it/s]
4057329it [02:01, 33441.26it/s]
4060739it [02:01, 33636.18it/s]
4064119it [02:01, 33683.64it/s]
4067489it [02:01, 33652.62it/s]
4070879it [02:01, 33723.61it/s]
4074252it [02:01, 33540.37it/s]
4077721it [02:01, 33880.91it/s]
4081178it [02:01, 34085.43it/s]
4084603it [02:01, 34133.90it/s]
4088017it [02:02, 34032.03it/s]
4091421it [02:02, 33517.62it/s]
4094850it [02:02, 33745.39it/s]
4098283it [02:02, 33918.23it/s]
4101726it [02:02, 34069.29it/s]
4105140it [02:02, 34089.49it/s]
4108550it [02:02, 33669.18it/s]
4111990it [02:02, 33885.42it/s]
4115430it [02:02, 34036.99it/s]
4118884it [02:03, 34184.09it/s]
4122304it [02:03, 33653.42it/s]
4125725it [02:03, 33816.11it/s]
4129152it [02:03, 33950.32it/s]
4132556it [02:03, 33975.87it/s]
4135973it [02:03, 34031.15it/s]
4139377it [02:03, 33490.19it/s]
4142780it [02:03, 33648.51it/s]
4146236it [02:03, 33918.67it/s]
4149686it [02:03, 34089.41it/s]
4153124it [02:04, 34173.62it/s]
4156543it [02:04, 33706.69it/s]
4159964it [02:04, 33855.27it/s]
4163395it [02:04, 33989.99it/s]
4166830it [02:04, 34094.81it/s]
4170256it [02:04, 34142.80it/s]
4173671it [02:04, 33596.14it/s]
4177056it [02:04, 33669.01it/s]
4180461it [02:04, 33780.22it/s]
4183892it [02:04, 33937.00it/s]
4187290it [02:05, 33947.16it/s]
4190686it [02:05, 33495.55it/s]
4194130it [02:05, 33774.15it/s]
4197561it [02:05, 33932.47it/s]
4200993it [02:05, 34045.35it/s]
4204403it [02:05, 34058.85it/s]
4207810it [02:05, 33512.24it/s]
4211196it [02:05, 33612.87it/s]
4214597it [02:05, 33730.08it/s]
4218021it [02:05, 33879.90it/s]
4221456it [02:06, 34019.33it/s]
4224859it [02:06, 33597.50it/s]
4228263it [02:06, 33725.47it/s]
4231683it [02:06, 33865.78it/s]
4235094it [02:06, 33937.81it/s]
4238515it [02:06, 34018.40it/s]
4241918it [02:06, 33499.63it/s]
4245334it [02:06, 33692.88it/s]
4248741it [02:06, 33803.19it/s]
4252140it [02:06, 33856.31it/s]
4255552it [02:07, 33934.76it/s]
4258947it [02:07, 33493.21it/s]
4262376it [02:07, 33727.07it/s]
4265776it [02:07, 33805.71it/s]
4269203it [02:07, 33942.54it/s]
4272647it [02:07, 34087.83it/s]
4276057it [02:07, 33600.43it/s]
4279496it [02:07, 33831.49it/s]
4282904it [02:07, 33902.77it/s]
4286333it [02:07, 34015.99it/s]
4289760it [02:08, 34091.37it/s]
4293170it [02:08, 33584.00it/s]
4296581it [02:08, 33739.01it/s]
4300003it [02:08, 33878.31it/s]
4303415it [02:08, 33949.21it/s]
4306827it [02:08, 33999.14it/s]
4310228it [02:08, 33503.19it/s]
4313636it [02:08, 33672.86it/s]
4317066it [02:08, 33857.05it/s]
4320491it [02:08, 33972.16it/s]
4323908it [02:09, 34030.65it/s]
4327312it [02:09, 33479.39it/s]
4330741it [02:09, 33717.82it/s]
4334143it [02:09, 33805.60it/s]
4337533it [02:09, 33831.98it/s]
4340918it [02:09, 30158.04it/s]
4344258it [02:09, 31048.25it/s]
4347614it [02:09, 31755.26it/s]
4350959it [02:09, 32240.63it/s]
4354336it [02:10, 32683.75it/s]
4357630it [02:10, 32460.23it/s]
4361022it [02:10, 32886.01it/s]
4364388it [02:10, 33112.52it/s]
4367769it [02:10, 33317.03it/s]
4371161it [02:10, 33495.06it/s]
4374516it [02:10, 33062.50it/s]
4377928it [02:10, 33374.92it/s]
4381332it [02:10, 33569.76it/s]
4384724it [02:10, 33672.65it/s]
4388113it [02:11, 33735.88it/s]
4391489it [02:11, 33173.61it/s]
4394856it [02:11, 33319.37it/s]
4398219it [02:11, 33408.87it/s]
4401612it [02:11, 33563.00it/s]
4404990it [02:11, 33625.58it/s]
4408354it [02:11, 33044.91it/s]
4411743it [02:11, 33293.81it/s]
4415135it [02:11, 33477.17it/s]
4418522it [02:11, 33592.26it/s]
4421916it [02:12, 33695.48it/s]
4425292it [02:12, 33713.76it/s]
4428701it [02:12, 33823.31it/s]
4432084it [02:12, 33811.28it/s]
4435466it [02:12, 33793.75it/s]
4438847it [02:12, 33797.97it/s]
4442236it [02:12, 33822.56it/s]
4445629it [02:12, 33853.67it/s]
4449015it [02:12, 33513.22it/s]
4452430it [02:12, 33699.67it/s]
4455812it [02:13, 33732.03it/s]
4459190it [02:13, 33744.77it/s]
4462565it [02:13, 33537.33it/s]
4465949it [02:13, 33624.85it/s]
4469341it [02:13, 33711.28it/s]
4472713it [02:13, 33689.13it/s]
4476083it [02:13, 33491.15it/s]
4479470it [02:13, 33603.17it/s]
4482853it [02:13, 33668.70it/s]
4486245it [02:13, 33742.84it/s]
4489620it [02:14, 33575.31it/s]
4493012it [02:14, 33676.60it/s]
4496395it [02:14, 33721.14it/s]
4499783it [02:14, 33766.18it/s]
4503160it [02:14, 33642.65it/s]
4506565it [02:14, 33762.21it/s]
4509946it [02:14, 33775.79it/s]
4513360it [02:14, 33884.44it/s]
4516749it [02:14, 33760.31it/s]
4520165it [02:14, 33876.57it/s]
4523585it [02:15, 33970.52it/s]
4527000it [02:15, 34023.43it/s]
4530403it [02:15, 33362.00it/s]
4533817it [02:15, 33588.87it/s]
4537229it [02:15, 33744.37it/s]
4540626it [02:15, 33810.23it/s]
4544041it [02:15, 33909.06it/s]
4547433it [02:15, 33284.30it/s]
4550816it [02:15, 33444.59it/s]
4554196it [02:15, 33546.99it/s]
4557586it [02:16, 33650.89it/s]
4560985it [02:16, 33751.43it/s]
4564362it [02:16, 33336.52it/s]
4567731it [02:16, 33438.90it/s]
4571093it [02:16, 33490.66it/s]
4574459it [02:16, 33540.71it/s]
4577852it [02:16, 33654.57it/s]
4581218it [02:16, 33287.65it/s]
4584628it [02:16, 33526.72it/s]
4588020it [02:16, 33642.66it/s]
4591422it [02:17, 33752.44it/s]
4594798it [02:17, 33532.48it/s]
4598182it [02:17, 33623.47it/s]
4601561it [02:17, 33672.24it/s]
4604929it [02:17, 33656.67it/s]
4608295it [02:17, 33071.42it/s]
4611685it [02:17, 33315.41it/s]
4615052it [02:17, 33419.03it/s]
4618425it [02:17, 33510.36it/s]
4621799it [02:17, 33576.79it/s]
4625158it [02:18, 33486.19it/s]
4628508it [02:18, 33478.17it/s]
4631857it [02:18, 33475.32it/s]
4635244it [02:18, 33590.73it/s]
4638604it [02:18, 33443.40it/s]
4641987it [02:18, 33558.45it/s]
4645365it [02:18, 33622.68it/s]
4648751it [02:18, 33691.95it/s]
4652121it [02:18, 32989.64it/s]
4655494it [02:18, 33207.84it/s]
4658869it [02:19, 33367.39it/s]
4662246it [02:19, 33486.64it/s]
4665627it [02:19, 33581.21it/s]
4668987it [02:19, 33472.79it/s]
4672364it [02:19, 33559.84it/s]
4675732it [02:19, 33593.39it/s]
4679096it [02:19, 33606.73it/s]
4682457it [02:19, 33451.69it/s]
4685823it [02:19, 33511.05it/s]
4689175it [02:19, 33337.02it/s]
4692510it [02:20, 33297.27it/s]
4695840it [02:20, 31933.91it/s]
4699169it [02:20, 32326.97it/s]
4702508it [02:20, 32636.38it/s]
4705856it [02:20, 32883.28it/s]
4709189it [02:20, 33012.47it/s]
4712530it [02:20, 33128.56it/s]
4715888it [02:20, 33259.93it/s]
4719217it [02:20, 32517.98it/s]
4722574it [02:21, 32826.36it/s]
4725915it [02:21, 32998.31it/s]
4729265it [02:21, 33146.46it/s]
4732624it [02:21, 33276.46it/s]
4736000it [02:21, 33417.69it/s]
4739344it [02:21, 32150.89it/s]
4742775it [02:21, 32777.55it/s]
4746189it [02:21, 33176.74it/s]
4749640it [02:21, 33570.24it/s]
4753091it [02:21, 33845.23it/s]
4756514it [02:22, 33959.44it/s]
4759956it [02:22, 34094.99it/s]
4763368it [02:22, 33620.20it/s]
4766766it [02:22, 33726.23it/s]
4770161it [02:22, 33792.23it/s]
4773570it [02:22, 33880.32it/s]
4776963it [02:22, 33894.08it/s]
4780354it [02:22, 33200.72it/s]
4783743it [02:22, 33402.64it/s]
4787130it [02:22, 33538.96it/s]
4790541it [02:23, 33705.56it/s]
4793949it [02:23, 33815.15it/s]
4797332it [02:23, 33193.12it/s]
4800768it [02:23, 33536.69it/s]
4804180it [02:23, 33708.87it/s]
4807589it [02:23, 33820.63it/s]
4811019it [02:23, 33962.25it/s]
4814417it [02:23, 33689.55it/s]
4817807it [02:23, 33749.60it/s]
4821234it [02:23, 33901.46it/s]
4824674it [02:24, 34047.31it/s]
4828105it [02:24, 34124.35it/s]
4831518it [02:24, 33694.64it/s]
4834959it [02:24, 33904.67it/s]
4838399it [02:24, 34048.08it/s]
4841850it [02:24, 34184.79it/s]
4845270it [02:24, 33824.68it/s]
4848721it [02:24, 34026.53it/s]
4852160it [02:24, 34131.92it/s]
4855617it [02:24, 34261.23it/s]
4859052it [02:25, 34285.94it/s]
4862482it [02:25, 33666.46it/s]
4865894it [02:25, 33798.86it/s]
4869311it [02:25, 33906.64it/s]
4872717it [02:25, 33949.19it/s]
4876114it [02:25, 33954.90it/s]
4879511it [02:25, 33482.48it/s]
4882927it [02:25, 33682.56it/s]
4886297it [02:25, 28045.37it/s]
4889702it [02:26, 29613.77it/s]
4892918it [02:26, 30303.49it/s]
4896309it [02:26, 31310.68it/s]
4899672it [02:26, 31971.64it/s]
4903045it [02:26, 32480.51it/s]
4906336it [02:26, 32382.97it/s]
4909711it [02:26, 32781.56it/s]
4913102it [02:26, 33112.17it/s]
4916472it [02:26, 33285.58it/s]
4919879it [02:26, 33516.77it/s]
4923239it [02:27, 33141.50it/s]
4926634it [02:27, 33379.28it/s]
4929998it [02:27, 33455.53it/s]
4933402it [02:27, 33626.95it/s]
4936768it [02:27, 33249.06it/s]
4940143it [02:27, 33396.74it/s]
4943513it [02:27, 33484.50it/s]
4946869it [02:27, 33504.60it/s]
4950243it [02:27, 33573.37it/s]
4953602it [02:27, 33121.25it/s]
4956980it [02:28, 33316.07it/s]
4960326it [02:28, 33357.99it/s]
4963681it [02:28, 33414.18it/s]
4967039it [02:28, 33461.11it/s]
4970386it [02:28, 32976.49it/s]
4973735it [02:28, 33127.41it/s]
4977083it [02:28, 33231.36it/s]
4980444it [02:28, 33343.18it/s]
4983824it [02:28, 33478.60it/s]
4987173it [02:28, 33081.34it/s]
4990574it [02:29, 33355.93it/s]
4993948it [02:29, 33468.05it/s]
4997339it [02:29, 33599.21it/s]
5000700it [02:29, 33140.27it/s]
5004045it [02:29, 33231.66it/s]
5007394it [02:29, 33306.88it/s]
5010771it [02:29, 33443.62it/s]
5014151it [02:29, 33549.11it/s]
5017507it [02:29, 33048.66it/s]
5020856it [02:29, 33178.67it/s]
5024214it [02:30, 33296.90it/s]
5027552it [02:30, 33319.19it/s]
5030885it [02:30, 33299.38it/s]
5034216it [02:30, 32885.46it/s]
5037566it [02:30, 33067.47it/s]
5040889it [02:30, 33115.26it/s]
5044260it [02:30, 33291.87it/s]
5047590it [02:30, 32887.21it/s]
5050967it [02:30, 33147.51it/s]
5054343it [02:30, 33328.42it/s]
5057732it [02:31, 33495.48it/s]
5061129it [02:31, 33635.27it/s]
5064494it [02:31, 33191.97it/s]
5067884it [02:31, 33399.97it/s]
5071269it [02:31, 33532.63it/s]
5074671it [02:31, 33676.54it/s]
5078040it [02:31, 33230.04it/s]
5081443it [02:31, 33466.12it/s]
5084856it [02:31, 33660.92it/s]
5088265it [02:31, 33786.80it/s]
5091659it [02:32, 33831.32it/s]
5095043it [02:32, 33336.81it/s]
5098451it [02:32, 33553.66it/s]
5101860it [02:32, 33711.74it/s]
5105295it [02:32, 33900.21it/s]
5108736it [02:32, 34048.55it/s]
5112142it [02:32, 33584.83it/s]
5115550it [02:32, 33729.22it/s]
5118945it [02:32, 33794.38it/s]
5122365it [02:32, 33913.70it/s]
5125782it [02:33, 33987.40it/s]
5129182it [02:33, 33452.86it/s]
5132586it [02:33, 33623.93it/s]
5135989it [02:33, 33743.96it/s]
5139400it [02:33, 33850.65it/s]
5142801it [02:33, 33896.63it/s]
5146192it [02:33, 33422.36it/s]
5149609it [02:33, 33641.62it/s]
5153028it [02:33, 33802.01it/s]
5156443it [02:34, 33904.99it/s]
5159865it [02:34, 33996.72it/s]
5163266it [02:34, 33512.85it/s]
5166674it [02:34, 33679.88it/s]
5170088it [02:34, 33813.93it/s]
5173484it [02:34, 33855.21it/s]
5176885it [02:34, 33901.19it/s]
5180276it [02:34, 33825.30it/s]
5183678it [02:34, 33882.17it/s]
5187083it [02:34, 33932.08it/s]
5190484it [02:35, 33954.77it/s]
5193880it [02:35, 33940.71it/s]
5197302it [02:35, 34023.82it/s]
5200708it [02:35, 34031.95it/s]
5204114it [02:35, 34038.84it/s]
5207533it [02:35, 34082.78it/s]
5210942it [02:35, 34051.92it/s]
5214348it [02:35, 34044.01it/s]
5217753it [02:35, 33968.65it/s]
5221150it [02:35, 33966.76it/s]
5224547it [02:36, 33939.82it/s]
5227955it [02:36, 33978.73it/s]
5231364it [02:36, 34009.02it/s]
5234781it [02:36, 34055.87it/s]
5238187it [02:36, 34030.70it/s]
5241616it [02:36, 34107.91it/s]
5245027it [02:36, 34064.55it/s]
5248437it [02:36, 34072.84it/s]
5251845it [02:36, 33975.93it/s]
5255245it [02:36, 33981.08it/s]
5258657it [02:37, 34020.64it/s]
5262060it [02:37, 34007.16it/s]
5265461it [02:37, 33990.03it/s]
5268861it [02:37, 33932.04it/s]
5272255it [02:37, 33836.82it/s]
5275639it [02:37, 33731.42it/s]
5279013it [02:37, 33651.06it/s]
5282379it [02:37, 33555.73it/s]
5285736it [02:37, 33557.73it/s]
5289110it [02:37, 33610.74it/s]
5292533it [02:38, 33794.30it/s]
5295958it [02:38, 33930.17it/s]
5299363it [02:38, 33963.31it/s]
5302772it [02:38, 33999.95it/s]
5306202it [02:38, 34088.84it/s]
5309643it [02:38, 34183.55it/s]
5313080it [02:38, 34236.17it/s]
5316516it [02:38, 34270.28it/s]
5319944it [02:38, 34268.67it/s]
5323371it [02:38, 34232.92it/s]
5326808it [02:39, 34271.35it/s]
5330236it [02:39, 34265.85it/s]
5333676it [02:39, 34303.01it/s]
5337120it [02:39, 34341.79it/s]
5340555it [02:39, 34335.37it/s]
5343999it [02:39, 34365.65it/s]
5347459it [02:39, 34433.21it/s]
5350903it [02:39, 34431.91it/s]
5354347it [02:39, 34390.92it/s]
5357791it [02:39, 34402.27it/s]
5361232it [02:40, 34357.57it/s]
5364668it [02:40, 34224.47it/s]
5368091it [02:40, 34084.59it/s]
5371500it [02:40, 33969.82it/s]
5374898it [02:40, 33933.60it/s]
5378297it [02:40, 33949.79it/s]
5381723it [02:40, 34040.78it/s]
5385135it [02:40, 34062.72it/s]
5388542it [02:40, 34002.01it/s]
5391943it [02:40, 33977.92it/s]
5395341it [02:41, 33945.80it/s]
5398774it [02:41, 34059.83it/s]
5402219it [02:41, 34176.36it/s]
5405637it [02:41, 34169.89it/s]
5409055it [02:41, 34038.91it/s]
5412460it [02:41, 34037.82it/s]
5415864it [02:41, 34018.29it/s]
5419275it [02:41, 34044.05it/s]
5422691it [02:41, 34076.99it/s]
5426124it [02:41, 34151.40it/s]
5429556it [02:42, 34200.95it/s]
5432980it [02:42, 34210.71it/s]
5436409it [02:42, 34232.20it/s]
5439849it [02:42, 34281.45it/s]
5443278it [02:42, 34250.13it/s]
5446704it [02:42, 34163.84it/s]
5450121it [02:42, 34160.38it/s]
5453557it [02:42, 34217.85it/s]
5456979it [02:42, 34135.82it/s]
5460393it [02:42, 34116.63it/s]
5463824it [02:43, 34172.25it/s]
5467269it [02:43, 34253.20it/s]
5470709it [02:43, 34294.72it/s]
5474139it [02:43, 34256.07it/s]
5477565it [02:43, 34244.71it/s]
5480990it [02:43, 34162.82it/s]
5484407it [02:43, 34143.40it/s]
5487849it [02:43, 34224.90it/s]
5491272it [02:43, 34202.33it/s]
5494693it [02:43, 34159.83it/s]
5498118it [02:44, 34184.39it/s]
5501537it [02:44, 34086.59it/s]
5504946it [02:44, 34039.49it/s]
5508350it [02:44, 34038.10it/s]
5511754it [02:44, 34007.56it/s]
5515167it [02:44, 34041.04it/s]
5518582it [02:44, 34070.62it/s]
5522003it [02:44, 34112.03it/s]
5525415it [02:44, 34091.77it/s]
5528825it [02:44, 34045.45it/s]
5532250it [02:45, 34103.99it/s]
5535661it [02:45, 34077.56it/s]
5539078it [02:45, 34102.66it/s]
5542497it [02:45, 34127.82it/s]
5545914it [02:45, 34137.64it/s]
5549328it [02:45, 34127.09it/s]
5552748it [02:45, 34146.44it/s]
5556164it [02:45, 34149.27it/s]
5559579it [02:45, 34146.74it/s]
5562994it [02:45, 34124.94it/s]
5566408it [02:46, 34129.05it/s]
5569821it [02:46, 34106.25it/s]
5573233it [02:46, 34108.68it/s]
5576644it [02:46, 34069.19it/s]
5580054it [02:46, 34076.10it/s]
5583468it [02:46, 34092.70it/s]
5586878it [02:46, 34092.27it/s]
5590312it [02:46, 34164.77it/s]
5593729it [02:46, 34113.62it/s]
5597141it [02:46, 34083.43it/s]
5600564it [02:47, 34124.93it/s]
5603977it [02:47, 34045.80it/s]
5607399it [02:47, 34097.19it/s]
5610839it [02:47, 34185.15it/s]
5614258it [02:47, 34159.67it/s]
5617675it [02:47, 34147.26it/s]
5621090it [02:47, 34067.09it/s]
5624497it [02:47, 34044.19it/s]
5627902it [02:47, 34021.98it/s]
5631323it [02:47, 34075.99it/s]
5634731it [02:48, 34055.65it/s]
5638148it [02:48, 34088.06it/s]
5641559it [02:48, 34093.65it/s]
5644983it [02:48, 34136.31it/s]
5648412it [02:48, 34179.91it/s]
5651831it [02:48, 34172.17it/s]
5655249it [02:48, 34158.73it/s]
5658679it [02:48, 34199.67it/s]
5662099it [02:48, 34197.78it/s]
5665522it [02:48, 34205.47it/s]
5668958it [02:49, 34250.33it/s]
5672396it [02:49, 34288.79it/s]
5675826it [02:49, 34291.13it/s]
5679257it [02:49, 34295.43it/s]
5682691it [02:49, 34307.31it/s]
5686122it [02:49, 34213.22it/s]
5689544it [02:49, 34177.27it/s]
5692973it [02:49, 34209.24it/s]
5696394it [02:49, 34197.07it/s]
5699846it [02:49, 34292.97it/s]
5703276it [02:50, 34291.85it/s]
5706706it [02:50, 34276.86it/s]
5710135it [02:50, 34280.08it/s]
5713576it [02:50, 34318.72it/s]
5717033it [02:50, 34392.73it/s]
5720473it [02:50, 34371.10it/s]
5723911it [02:50, 34340.18it/s]
5727359it [02:50, 34380.07it/s]
5730823it [02:50, 34455.63it/s]
5734294it [02:50, 34530.76it/s]
5737749it [02:51, 34534.25it/s]
5741207it [02:51, 34545.83it/s]
5744675it [02:51, 34584.17it/s]
5748136it [02:51, 34590.84it/s]
5751622it [02:51, 34668.95it/s]
5755089it [02:51, 34635.94it/s]
5758554it [02:51, 34637.24it/s]
5762018it [02:51, 34585.87it/s]
5765480it [02:51, 34594.40it/s]
5768970it [02:51, 34683.44it/s]
5772439it [02:52, 34634.25it/s]
5775910it [02:52, 34655.44it/s]
5779376it [02:52, 34604.87it/s]
5782838it [02:52, 34606.77it/s]
5786303it [02:52, 34617.97it/s]
5789765it [02:52, 34524.53it/s]
5793218it [02:52, 34448.47it/s]
5796663it [02:52, 34408.86it/s]
5800104it [02:52, 34386.04it/s]
5803549it [02:52, 34402.93it/s]
5806990it [02:53, 34390.84it/s]
5810430it [02:53, 34367.58it/s]
5813867it [02:53, 34295.44it/s]
5817297it [02:53, 34246.24it/s]
5820744it [02:53, 34312.23it/s]
5824183it [02:53, 34333.76it/s]
5827617it [02:53, 34323.33it/s]
5831061it [02:53, 34357.36it/s]
5834514it [02:53, 34407.69it/s]
5837967it [02:53, 34443.75it/s]
5841412it [02:54, 34434.76it/s]
5844871it [02:54, 34478.68it/s]
5848331it [02:54, 34514.52it/s]
5851783it [02:54, 34468.51it/s]
5855230it [02:54, 34421.53it/s]
5858699it [02:54, 34500.14it/s]
5862162it [02:54, 34538.00it/s]
5865616it [02:54, 34537.57it/s]
5869083it [02:54, 34575.45it/s]
5872561it [02:54, 34636.18it/s]
5876025it [02:55, 34565.74it/s]
5879482it [02:55, 34505.30it/s]
5882933it [02:55, 34478.53it/s]
5886381it [02:55, 34364.92it/s]
5889818it [02:55, 34284.47it/s]
5893255it [02:55, 34308.73it/s]
5896714it [02:55, 34389.18it/s]
5900154it [02:55, 34391.79it/s]
5903596it [02:55, 34396.64it/s]
5907052it [02:55, 34443.70it/s]
5910498it [02:56, 34445.30it/s]
5913943it [02:56, 34266.82it/s]
5917370it [02:56, 34237.56it/s]
5920794it [02:56, 34227.03it/s]
5924217it [02:56, 34224.51it/s]
5927659it [02:56, 34281.63it/s]
5931088it [02:56, 34212.70it/s]
5934510it [02:56, 34192.13it/s]
5937932it [02:56, 34200.07it/s]
5941383it [02:56, 34290.37it/s]
5944847it [02:57, 34393.55it/s]
5948297it [02:57, 34424.51it/s]
5951740it [02:57, 34417.70it/s]
5955191it [02:57, 34443.27it/s]
5958636it [02:57, 34416.29it/s]
5962098it [02:57, 34476.49it/s]
5965558it [02:57, 34513.14it/s]
5969010it [02:57, 34506.84it/s]
5972461it [02:57, 34487.29it/s]
5975910it [02:57, 34390.36it/s]
5979350it [02:58, 34363.81it/s]
5982808it [02:58, 34427.15it/s]
5986270it [02:58, 34482.28it/s]
5989719it [02:58, 34456.64it/s]
5993178it [02:58, 34495.52it/s]
5996628it [02:58, 34476.20it/s]
6000106it [02:58, 34566.09it/s]
6003604it [02:58, 34688.86it/s]
6007073it [02:58, 34680.66it/s]
6010542it [02:58, 34618.51it/s]
6014004it [02:59, 34591.45it/s]
6017467it [02:59, 34601.72it/s]
6020928it [02:59, 34573.68it/s]
6024386it [02:59, 34489.79it/s]
6027836it [02:59, 34373.73it/s]
6031288it [02:59, 34416.69it/s]
6034755it [02:59, 34490.93it/s]
6038216it [02:59, 34524.10it/s]
6041669it [02:59, 34365.79it/s]
6045115it [02:59, 34392.23it/s]
6048586it [03:00, 34485.63it/s]
6052063it [03:00, 34568.10it/s]
6055538it [03:00, 34621.43it/s]
6059006it [03:00, 34636.56it/s]
6062470it [03:00, 34615.04it/s]
6065932it [03:00, 34588.56it/s]
6069399it [03:00, 34612.58it/s]
6072891it [03:00, 34702.72it/s]
6076368it [03:00, 34719.08it/s]
6079844it [03:00, 34730.32it/s]
6083318it [03:01, 34597.77it/s]
6086778it [03:01, 34538.13it/s]
6090236it [03:01, 34547.80it/s]
6093691it [03:01, 34511.12it/s]
6097146it [03:01, 34520.35it/s]
6100599it [03:01, 34498.84it/s]
6104106it [03:01, 34668.64it/s]
6107591it [03:01, 34719.22it/s]
6111063it [03:01, 34706.99it/s]
6114536it [03:01, 34711.76it/s]
6118008it [03:02, 34712.98it/s]
6121484it [03:02, 34726.09it/s]
6124959it [03:02, 34729.92it/s]
6128432it [03:02, 34728.39it/s]
6131905it [03:02, 34662.36it/s]
6135372it [03:02, 34629.14it/s]
6138835it [03:02, 34581.56it/s]
6142294it [03:02, 34566.24it/s]
6145751it [03:02, 34553.29it/s]
6149208it [03:02, 34556.21it/s]
6152664it [03:03, 34512.97it/s]
6156116it [03:03, 34438.59it/s]
6159560it [03:03, 34352.38it/s]
6162996it [03:03, 34311.97it/s]
6166428it [03:03, 34232.54it/s]
6169852it [03:03, 34228.32it/s]
6173275it [03:03, 34225.85it/s]
6176709it [03:03, 34259.35it/s]
6180135it [03:03, 34214.94it/s]
6183557it [03:04, 29980.87it/s]
6186999it [03:04, 31190.72it/s]
6190459it [03:04, 32145.03it/s]
6193909it [03:04, 32816.65it/s]
6197361it [03:04, 33309.90it/s]
6200813it [03:04, 33663.35it/s]
6204267it [03:04, 33919.14it/s]
6207736it [03:04, 34145.12it/s]
6211196it [03:04, 34278.78it/s]
6214645it [03:04, 34339.51it/s]
6218127it [03:05, 34479.48it/s]
6221589it [03:05, 34520.39it/s]
6225047it [03:05, 34537.13it/s]
6228503it [03:05, 34500.53it/s]
6231955it [03:05, 34501.57it/s]
6235407it [03:05, 34474.35it/s]
6238885it [03:05, 34563.46it/s]
6242370it [03:05, 34646.63it/s]
6245849it [03:05, 34688.62it/s]
6249325it [03:05, 34709.21it/s]
6252805it [03:06, 34735.03it/s]
6256292it [03:06, 34773.00it/s]
6259772it [03:06, 34777.70it/s]
6263250it [03:06, 34686.06it/s]
6266719it [03:06, 34658.06it/s]
6270185it [03:06, 34649.43it/s]
6273650it [03:06, 34499.35it/s]
6277101it [03:06, 34458.34it/s]
6280563it [03:06, 34505.53it/s]
6284026it [03:06, 34541.99it/s]
6287490it [03:07, 34567.89it/s]
6290969it [03:07, 34632.59it/s]
6294451it [03:07, 34686.95it/s]
6297920it [03:07, 34613.88it/s]
6301382it [03:07, 34610.63it/s]
6304855it [03:07, 34643.18it/s]
6308334it [03:07, 34683.17it/s]
6311805it [03:07, 34689.69it/s]
6315282it [03:07, 34711.54it/s]
6318770it [03:07, 34758.69it/s]
6322270it [03:08, 34828.52it/s]
6325769it [03:08, 34876.58it/s]
6329280it [03:08, 34943.15it/s]
6332775it [03:08, 34887.84it/s]
6336264it [03:08, 34854.71it/s]
6339750it [03:08, 34825.52it/s]
6343233it [03:08, 34772.50it/s]
6346721it [03:08, 34803.56it/s]
6350221it [03:08, 34859.35it/s]
6353710it [03:08, 34868.07it/s]
6357197it [03:09, 34778.86it/s]
6360676it [03:09, 34780.96it/s]
6364164it [03:09, 34810.09it/s]
6367675it [03:09, 34897.49it/s]
6371169it [03:09, 34908.55it/s]
6374678it [03:09, 34961.36it/s]
6378183it [03:09, 34987.15it/s]
6381685it [03:09, 34996.61it/s]
6385197it [03:09, 35032.60it/s]
6388706it [03:09, 35048.35it/s]
6392211it [03:10, 34974.67it/s]
6395728it [03:10, 35031.33it/s]
6399235it [03:10, 35041.53it/s]
6402746it [03:10, 35059.41it/s]
6406252it [03:10, 35033.88it/s]
6409757it [03:10, 35038.34it/s]
6413269it [03:10, 35061.71it/s]
6416795it [03:10, 35118.86it/s]
6420347it [03:10, 35238.49it/s]
6423899it [03:10, 35322.04it/s]
6427436it [03:11, 35335.02it/s]
6430970it [03:11, 35207.39it/s]
6434491it [03:11, 35172.60it/s]
6438009it [03:11, 35155.26it/s]
6441532it [03:11, 35175.46it/s]
6445050it [03:11, 35118.37it/s]
6448562it [03:11, 35077.14it/s]
6452075it [03:11, 35089.62it/s]
6455584it [03:11, 35056.80it/s]
6459090it [03:11, 35024.06it/s]
6462593it [03:12, 34929.66it/s]
6466087it [03:12, 34869.30it/s]
6469595it [03:12, 34929.55it/s]
6473089it [03:12, 34803.65it/s]
6476570it [03:12, 34756.58it/s]
6480046it [03:12, 34746.27it/s]
6483521it [03:12, 34687.22it/s]
6487011it [03:12, 34750.25it/s]
6490523it [03:12, 34859.41it/s]
6494016it [03:12, 34878.54it/s]
6497521it [03:13, 34928.88it/s]
6501027it [03:13, 34965.72it/s]
6504550it [03:13, 35044.63it/s]
6508058it [03:13, 35053.17it/s]
6511564it [03:13, 35000.15it/s]
6515065it [03:13, 34963.85it/s]
6518562it [03:13, 34912.38it/s]
6522057it [03:13, 34923.05it/s]
6525551it [03:13, 34926.94it/s]
6529055it [03:13, 34960.01it/s]
6532552it [03:14, 34801.60it/s]
6536033it [03:14, 34782.78it/s]
6539516it [03:14, 34795.82it/s]
6543000it [03:14, 34806.50it/s]
6546481it [03:14, 34751.32it/s]
6549957it [03:14, 34697.05it/s]
6553427it [03:14, 34662.14it/s]
6556894it [03:14, 34631.08it/s]
6560358it [03:14, 34607.58it/s]
6563825it [03:14, 34624.10it/s]
6567288it [03:15, 34603.99it/s]
6570755it [03:15, 34621.69it/s]
6574227it [03:15, 34648.14it/s]
6577700it [03:15, 34672.22it/s]
6581168it [03:15, 34615.89it/s]
6584630it [03:15, 34554.33it/s]
6588086it [03:15, 34528.03it/s]
6591539it [03:15, 34444.17it/s]
6594985it [03:15, 34447.81it/s]
6598442it [03:15, 34481.93it/s]
6601910it [03:16, 34540.87it/s]
6605387it [03:16, 34607.98it/s]
6608848it [03:16, 34600.06it/s]
6612309it [03:16, 34548.95it/s]
6615784it [03:16, 34607.13it/s]
6619301it [03:16, 34773.49it/s]
6622801it [03:16, 34838.63it/s]
6626292it [03:16, 34859.14it/s]
6629778it [03:16, 34843.36it/s]
6633285it [03:16, 34910.77it/s]
6636777it [03:17, 34905.26it/s]
6640273it [03:17, 34921.24it/s]
6643782it [03:17, 34969.36it/s]
6647292it [03:17, 35004.97it/s]
6650800it [03:17, 35023.00it/s]
6654303it [03:17, 35021.68it/s]
6657831it [03:17, 35097.11it/s]
6661350it [03:17, 35123.45it/s]
6664863it [03:17, 35109.63it/s]
6668401it [03:17, 35187.54it/s]
6671943it [03:18, 35255.60it/s]
6675469it [03:18, 35171.15it/s]
6679003it [03:18, 35220.08it/s]
6682540it [03:18, 35262.21it/s]
6686067it [03:18, 35221.14it/s]
6689590it [03:18, 35022.97it/s]
6693093it [03:18, 35014.04it/s]
6696599it [03:18, 35025.31it/s]
6700102it [03:18, 34983.11it/s]
6703620it [03:18, 35039.95it/s]
6707148it [03:19, 35109.52it/s]
6710660it [03:19, 35076.05it/s]
6714193it [03:19, 35150.10it/s]
6717709it [03:19, 35123.37it/s]
6721232it [03:19, 35154.92it/s]
6724753it [03:19, 35169.93it/s]
6728287it [03:19, 35219.92it/s]
6731817it [03:19, 35241.32it/s]
6735342it [03:19, 35224.44it/s]
6738865it [03:19, 35201.51it/s]
6742386it [03:20, 35195.24it/s]
6745906it [03:20, 35185.51it/s]
6749425it [03:20, 35182.06it/s]
6752944it [03:20, 35087.85it/s]
6756453it [03:20, 35056.51it/s]
6759984it [03:20, 35131.29it/s]
6763516it [03:20, 35184.80it/s]
6767035it [03:20, 35184.53it/s]
6770554it [03:20, 35133.38it/s]
6774068it [03:20, 35123.64it/s]
6777607it [03:21, 35202.26it/s]
6781160it [03:21, 35300.17it/s]
6784725it [03:21, 35403.66it/s]
6788276it [03:21, 35432.14it/s]
6791840it [03:21, 35494.10it/s]
6795390it [03:21, 35476.12it/s]
6798938it [03:21, 35443.24it/s]
6802483it [03:21, 35432.90it/s]
6806027it [03:21, 35425.52it/s]
6809570it [03:21, 35379.79it/s]
6813108it [03:22, 35363.55it/s]
6816656it [03:22, 35397.61it/s]
6820196it [03:22, 35325.82it/s]
6823729it [03:22, 35325.22it/s]
6827262it [03:22, 35226.53it/s]
6830785it [03:22, 35193.65it/s]
6834306it [03:22, 35196.12it/s]
6837835it [03:22, 35223.03it/s]
6841358it [03:22, 35185.04it/s]
6844882it [03:22, 35199.30it/s]
6848409it [03:23, 35218.48it/s]
6851933it [03:23, 35223.76it/s]
6855456it [03:23, 35179.47it/s]
6858976it [03:23, 35185.23it/s]
6862503it [03:23, 35208.28it/s]
6866024it [03:23, 35197.18it/s]
6869554it [03:23, 35226.20it/s]
6873119it [03:23, 35351.41it/s]
6876671it [03:23, 35400.46it/s]
6880219it [03:23, 35423.49it/s]
6883762it [03:24, 35342.03it/s]
6887301it [03:24, 35353.83it/s]
6890837it [03:24, 35314.87it/s]
6894369it [03:24, 35281.80it/s]
6897898it [03:24, 35265.06it/s]
6901427it [03:24, 35270.50it/s]
6904982it [03:24, 35351.53it/s]
6908541it [03:24, 35421.67it/s]
6912109it [03:24, 35496.49it/s]
6915659it [03:24, 35460.41it/s]
6919206it [03:25, 35411.91it/s]
6922748it [03:25, 35396.05it/s]
6926288it [03:25, 35363.45it/s]
6929825it [03:25, 35316.28it/s]
6933378it [03:25, 35379.63it/s]
6936916it [03:25, 35328.94it/s]
6940457it [03:25, 35349.91it/s]
6943993it [03:25, 35285.51it/s]
6947522it [03:25, 35113.94it/s]
6951034it [03:25, 35040.06it/s]
6954539it [03:26, 29490.10it/s]
6958053it [03:26, 30981.09it/s]
6961565it [03:26, 32112.98it/s]
6965082it [03:26, 32971.44it/s]
6968603it [03:26, 33610.02it/s]
6972069it [03:26, 33913.59it/s]
6975551it [03:26, 34178.31it/s]
6979036it [03:26, 34374.31it/s]
6982564it [03:26, 34642.15it/s]
6986074it [03:27, 34776.76it/s]
6989576it [03:27, 34847.80it/s]
6993068it [03:27, 34802.21it/s]
6996554it [03:27, 34750.57it/s]
7000044it [03:27, 34794.68it/s]
7003526it [03:27, 34699.57it/s]
7007009it [03:27, 34737.53it/s]
7010519it [03:27, 34843.18it/s]
7014025it [03:27, 34906.53it/s]
7017520it [03:27, 34917.96it/s]
7021019it [03:28, 34937.21it/s]
7024514it [03:28, 34892.60it/s]
7028004it [03:28, 34838.60it/s]
7031490it [03:28, 34842.18it/s]
7035005it [03:28, 34932.02it/s]
7038544it [03:28, 35068.24it/s]
7042117it [03:28, 35266.26it/s]
7045671it [03:28, 35346.77it/s]
7049206it [03:28, 35326.51it/s]
7052739it [03:28, 35246.68it/s]
7056264it [03:29, 35166.06it/s]
7059781it [03:29, 35152.63it/s]
7063312it [03:29, 35198.91it/s]
7066836it [03:29, 35209.44it/s]
7070382it [03:29, 35283.31it/s]
7073928it [03:29, 35334.29it/s]
7077462it [03:29, 35255.09it/s]
7080997it [03:29, 35279.99it/s]
7084526it [03:29, 35281.59it/s]
7088055it [03:29, 35277.69it/s]
7091599it [03:30, 35324.15it/s]
7095134it [03:30, 35331.26it/s]
7098701it [03:30, 35430.94it/s]
7102245it [03:30, 35418.14it/s]
7105787it [03:30, 35390.98it/s]
7109341it [03:30, 35434.14it/s]
7112888it [03:30, 35442.37it/s]
7116433it [03:30, 35294.46it/s]
7119963it [03:30, 35158.43it/s]
7123488it [03:30, 35184.00it/s]
7127014it [03:31, 35206.05it/s]
7130547it [03:31, 35240.94it/s]
7134076it [03:31, 35252.85it/s]
7137602it [03:31, 35208.62it/s]
7141153it [03:31, 35295.43it/s]
7144697it [03:31, 35336.25it/s]
7148236it [03:31, 35348.13it/s]
7151771it [03:31, 35316.59it/s]
7155309it [03:31, 35334.67it/s]
7158879it [03:31, 35442.28it/s]
7162433it [03:32, 35469.01it/s]
7165989it [03:32, 35495.56it/s]
7169539it [03:32, 35474.33it/s]
7173087it [03:32, 35444.55it/s]
7176632it [03:32, 35389.99it/s]
7180172it [03:32, 35317.78it/s]
7183704it [03:32, 35206.19it/s]
7187225it [03:32, 35187.26it/s]
7190744it [03:32, 35166.73it/s]
7194273it [03:32, 35202.01it/s]
7197812it [03:33, 35256.24it/s]
7201365it [03:33, 35334.66it/s]
7204924it [03:33, 35410.18it/s]
7208470it [03:33, 35424.72it/s]
7212013it [03:33, 35285.13it/s]
7215542it [03:33, 35229.68it/s]
7219092it [03:33, 35309.58it/s]
7222639it [03:33, 35355.41it/s]
7226175it [03:33, 35329.88it/s]
7229709it [03:33, 35294.24it/s]
7233244it [03:34, 35309.86it/s]
7236779it [03:34, 35321.41it/s]
7240312it [03:34, 35308.30it/s]
7243861it [03:34, 35360.75it/s]
7247398it [03:34, 35346.28it/s]
7250939it [03:34, 35361.98it/s]
7254483it [03:34, 35383.63it/s]
7258027it [03:34, 35397.66it/s]
7261567it [03:34, 35300.37it/s]
7265098it [03:34, 35293.44it/s]
7268628it [03:35, 34958.62it/s]
7272146it [03:35, 35023.80it/s]
7275670it [03:35, 35088.03it/s]
7279193it [03:35, 35128.41it/s]
7282707it [03:35, 34849.86it/s]
7286254it [03:35, 35031.87it/s]
7289812it [03:35, 35194.68it/s]
7293362it [03:35, 35282.42it/s]
7296891it [03:35, 35012.40it/s]
7300401it [03:35, 35036.36it/s]
7303934it [03:36, 35122.31it/s]
7307478it [03:36, 35214.87it/s]
7311000it [03:36, 35012.97it/s]
7314525it [03:36, 35080.18it/s]
7318074it [03:36, 35200.54it/s]
7321602it [03:36, 35223.56it/s]
7325125it [03:36, 34918.37it/s]
7328647it [03:36, 35006.42it/s]
7332149it [03:36, 34985.12it/s]
7335665it [03:36, 35036.72it/s]
7339169it [03:37, 34865.59it/s]
7342694it [03:37, 34978.69it/s]
7346206it [03:37, 35018.16it/s]
7349710it [03:37, 35021.73it/s]
7353213it [03:37, 34242.37it/s]
7356695it [03:37, 34411.71it/s]
7360207it [03:37, 34619.88it/s]
7363723it [03:37, 34778.08it/s]
7367233it [03:37, 34872.35it/s]
7370722it [03:37, 34115.76it/s]
7374228it [03:38, 34385.95it/s]
7377756it [03:38, 34647.93it/s]
7381294it [03:38, 34863.75it/s]
7384842it [03:38, 35045.93it/s]
7388389it [03:38, 35170.35it/s]
7391908it [03:38, 34813.75it/s]
7395456it [03:38, 35011.24it/s]
7399003it [03:38, 35147.63it/s]
7402567it [03:38, 35292.92it/s]
7406098it [03:38, 35059.68it/s]
7409625it [03:39, 35120.84it/s]
7413155it [03:39, 35172.76it/s]
7416695it [03:39, 35238.26it/s]
7420220it [03:39, 34523.42it/s]
7423714it [03:39, 34644.15it/s]
7427227it [03:39, 34785.77it/s]
7430725it [03:39, 34842.67it/s]
7434231it [03:39, 34903.76it/s]
7437723it [03:39, 34903.97it/s]
7441215it [03:40, 34204.71it/s]
7444710it [03:40, 34423.00it/s]
7448174it [03:40, 34486.49it/s]
7451666it [03:40, 34612.04it/s]
7455179it [03:40, 34763.41it/s]
7458657it [03:40, 34250.87it/s]
7462142it [03:40, 34426.16it/s]
7465615it [03:40, 34513.97it/s]
7469107it [03:40, 34633.85it/s]
7472591it [03:40, 34694.75it/s]
7476062it [03:41, 34456.06it/s]
7479538it [03:41, 34546.06it/s]
7483014it [03:41, 34608.37it/s]
7486511it [03:41, 34715.34it/s]
7489983it [03:41, 34092.31it/s]
7493458it [03:41, 34286.27it/s]
7496971it [03:41, 34534.24it/s]
7500451it [03:41, 34611.76it/s]
7503914it [03:41, 34469.69it/s]
7507424it [03:41, 34654.92it/s]
7510917it [03:42, 34735.32it/s]
7514433it [03:42, 34859.98it/s]
7517920it [03:42, 34704.82it/s]
7521443it [03:42, 34859.76it/s]
7524941it [03:42, 34892.54it/s]
7528463it [03:42, 34987.87it/s]
7531963it [03:42, 34828.34it/s]
7535483it [03:42, 34936.48it/s]
7538989it [03:42, 34972.76it/s]
7542493it [03:42, 34992.44it/s]
7545993it [03:43, 34225.37it/s]
7549490it [03:43, 34443.70it/s]
7552992it [03:43, 34612.33it/s]
7556477it [03:43, 34682.56it/s]
7559978it [03:43, 34778.18it/s]
7563458it [03:43, 34642.40it/s]
7566950it [03:43, 34721.68it/s]
7570472it [03:43, 34868.51it/s]
7573960it [03:43, 34869.99it/s]
7577448it [03:43, 34570.97it/s]
7580934it [03:44, 34656.67it/s]
7584409it [03:44, 34680.63it/s]
7587902it [03:44, 34753.01it/s]
7591378it [03:44, 33357.30it/s]
7594841it [03:44, 33725.38it/s]
7598319it [03:44, 34034.33it/s]
7601799it [03:44, 34258.49it/s]
7605301it [03:44, 34481.80it/s]
7608815it [03:44, 34675.14it/s]
7612312it [03:44, 34761.75it/s]
7615791it [03:45, 34248.43it/s]
7619293it [03:45, 34474.62it/s]
7622801it [03:45, 34652.56it/s]
7626322it [03:45, 34816.80it/s]
7629855it [03:45, 34968.41it/s]
7633353it [03:45, 34623.46it/s]
7636867it [03:45, 34775.68it/s]
7640358it [03:45, 34813.30it/s]
7643841it [03:45, 34758.54it/s]
7647318it [03:45, 34585.76it/s]
7650830it [03:46, 34744.23it/s]
7654339it [03:46, 34845.95it/s]
7657863it [03:46, 34961.21it/s]
7661360it [03:46, 33671.03it/s]
7664912it [03:46, 34207.12it/s]
7668462it [03:46, 34585.65it/s]
7672014it [03:46, 34861.43it/s]
7675572it [03:46, 35071.97it/s]
7679091it [03:46, 35105.90it/s]
7682646it [03:46, 35236.48it/s]
7686172it [03:47, 35015.45it/s]
7689729it [03:47, 35180.29it/s]
7693282it [03:47, 35282.37it/s]
7696865it [03:47, 35443.22it/s]
7700434it [03:47, 35514.77it/s]
7703986it [03:47, 35268.67it/s]
7707514it [03:47, 35264.89it/s]
7711041it [03:47, 35238.50it/s]
7714577it [03:47, 35272.44it/s]
7718105it [03:47, 34984.26it/s]
7721643it [03:48, 35099.77it/s]
7725189it [03:48, 35204.46it/s]
7728739it [03:48, 35289.20it/s]
7732269it [03:48, 34451.12it/s]
7735805it [03:48, 34716.76it/s]
7739340it [03:48, 34901.52it/s]
7742886it [03:48, 35066.99it/s]
7746439it [03:48, 35202.31it/s]
7749961it [03:48, 34787.74it/s]
7753531it [03:48, 35055.50it/s]
7757062it [03:49, 35128.02it/s]
7760598it [03:49, 35196.19it/s]
7764155it [03:49, 35307.35it/s]
7767687it [03:49, 35220.29it/s]
7771232it [03:49, 35286.76it/s]
7774781it [03:49, 35344.86it/s]
7778359it [03:49, 35474.06it/s]
7781907it [03:49, 35353.91it/s]
7785466it [03:49, 35422.74it/s]
7789009it [03:49, 35422.35it/s]
7792578it [03:50, 35501.75it/s]
7796129it [03:50, 34955.32it/s]
7799665it [03:50, 35074.22it/s]
7803193it [03:50, 35132.09it/s]
7806738it [03:50, 35226.36it/s]
7810262it [03:50, 35146.03it/s]
7813823it [03:50, 35282.23it/s]
7817381it [03:50, 35367.93it/s]
7820919it [03:50, 35334.89it/s]
7824453it [03:51, 27029.37it/s]
7828019it [03:51, 29155.66it/s]
7831603it [03:51, 30893.98it/s]
7835143it [03:51, 32115.30it/s]
7838634it [03:51, 32893.35it/s]
7842195it [03:51, 33665.22it/s]
7845760it [03:51, 34237.58it/s]
7849333it [03:51, 34673.72it/s]
7852845it [03:51, 34544.98it/s]
7856423it [03:52, 34906.99it/s]
7859995it [03:52, 35145.83it/s]
7863539it [03:52, 35229.55it/s]
7867074it [03:52, 34490.20it/s]
7870602it [03:52, 34719.43it/s]
7874113it [03:52, 34834.62it/s]
7877615it [03:52, 34886.63it/s]
7881118it [03:52, 34927.39it/s]
7884631it [03:52, 34983.98it/s]
7888132it [03:52, 34302.35it/s]
7891643it [03:53, 34537.74it/s]
7895202it [03:53, 34846.77it/s]
7898756it [03:53, 35051.58it/s]
7902339it [03:53, 35283.02it/s]
7905869it [03:53, 34629.31it/s]
7909436it [03:53, 34935.04it/s]
7912999it [03:53, 35139.68it/s]
7916541it [03:53, 35222.44it/s]
7920106it [03:53, 35348.52it/s]
7923643it [03:53, 34574.60it/s]
7927173it [03:54, 34785.00it/s]
7930688it [03:54, 34890.88it/s]
7934214it [03:54, 34998.53it/s]
7937749it [03:54, 35100.51it/s]
7941281it [03:54, 35165.54it/s]
7944799it [03:54, 34473.89it/s]
7948350it [03:54, 34778.87it/s]
7951873it [03:54, 34911.40it/s]
7955375it [03:54, 34942.98it/s]
7958871it [03:54, 34935.17it/s]
7962366it [03:55, 34113.73it/s]
7965825it [03:55, 34251.73it/s]
7969259it [03:55, 34275.65it/s]
7972705it [03:55, 34329.58it/s]
7976169it [03:55, 34421.51it/s]
7979622it [03:55, 34451.60it/s]
7983069it [03:55, 33755.29it/s]
7986531it [03:55, 34010.01it/s]
7990005it [03:55, 34225.59it/s]
7993475it [03:55, 34363.87it/s]
7996971it [03:56, 34540.51it/s]
8000427it [03:56, 33854.13it/s]
8003887it [03:56, 34073.33it/s]
8007352it [03:56, 34241.80it/s]
8010832it [03:56, 34404.68it/s]
8014328it [03:56, 34568.30it/s]
8017842it [03:56, 34737.13it/s]
8021317it [03:56, 34024.65it/s]
8024773it [03:56, 34181.64it/s]
8028265it [03:56, 34399.47it/s]
8031733it [03:57, 34480.30it/s]
8035213it [03:57, 34573.18it/s]
8038672it [03:57, 33889.03it/s]
8042153it [03:57, 34158.71it/s]
8045638it [03:57, 34362.85it/s]
8049095it [03:57, 34422.73it/s]
8052539it [03:57, 34419.59it/s]
8055986it [03:57, 34433.68it/s]
8059431it [03:57, 33636.78it/s]
8062883it [03:57, 33894.83it/s]
8066339it [03:58, 34091.32it/s]
8069825it [03:58, 34318.13it/s]
8073282it [03:58, 34391.67it/s]
8076723it [03:58, 33783.40it/s]
8080188it [03:58, 34038.96it/s]
8083635it [03:58, 34164.62it/s]
8087104it [03:58, 34317.70it/s]
8090564it [03:58, 34401.37it/s]
8094050it [03:58, 34537.57it/s]
8097505it [03:58, 33769.42it/s]
8100921it [03:59, 33882.75it/s]
8104334it [03:59, 33954.91it/s]
8107749it [03:59, 34012.38it/s]
8111184it [03:59, 34111.74it/s]
8114597it [03:59, 33528.44it/s]
8118066it [03:59, 33870.06it/s]
8121539it [03:59, 34122.37it/s]
8125009it [03:59, 34291.94it/s]
8128460it [03:59, 34356.14it/s]
8131907it [04:00, 34389.88it/s]
8135347it [04:00, 33655.29it/s]
8138801it [04:00, 33913.78it/s]
8142251it [04:00, 34085.29it/s]
8145719it [04:00, 34259.75it/s]
8149176it [04:00, 34350.59it/s]
8152613it [04:00, 33649.59it/s]
8156069it [04:00, 33917.36it/s]
8159518it [04:00, 34084.38it/s]
8162973it [04:00, 34221.14it/s]
8166417it [04:01, 34285.63it/s]
8169857it [04:01, 34318.51it/s]
8173290it [04:01, 33520.85it/s]
8176748it [04:01, 33831.80it/s]
8180196it [04:01, 34021.51it/s]
8183629it [04:01, 34112.61it/s]
8187043it [04:01, 34114.82it/s]
8190456it [04:01, 33380.13it/s]
8193878it [04:01, 33624.88it/s]
8197274it [04:01, 33722.80it/s]
8200663it [04:02, 33771.10it/s]
8204047it [04:02, 33791.11it/s]
8207448it [04:02, 33855.45it/s]
8210835it [04:02, 33174.60it/s]
8214253it [04:02, 33468.19it/s]
8217667it [04:02, 33666.70it/s]
8221094it [04:02, 33843.86it/s]
8224493it [04:02, 33883.89it/s]
8227883it [04:02, 33154.55it/s]
8231315it [04:02, 33494.25it/s]
8234719it [04:03, 33655.48it/s]
8238107it [04:03, 33721.69it/s]
8241497it [04:03, 33773.24it/s]
8244876it [04:03, 33765.63it/s]
8248254it [04:03, 32950.34it/s]
8251596it [04:03, 33087.94it/s]
8254986it [04:03, 33325.85it/s]
8258348it [04:03, 33411.95it/s]
8261717it [04:03, 33493.97it/s]
8265110it [04:03, 33623.80it/s]
8268474it [04:04, 32818.65it/s]
8271842it [04:04, 33069.49it/s]
8275207it [04:04, 33240.52it/s]
8278569it [04:04, 33351.25it/s]
8281943it [04:04, 33466.50it/s]
8285292it [04:04, 33389.41it/s]
8288666it [04:04, 33491.20it/s]
8292056it [04:04, 33610.79it/s]
8295430it [04:04, 33647.06it/s]
8298796it [04:04, 33646.81it/s]
8302189it [04:05, 33731.13it/s]
8305563it [04:05, 33706.10it/s]
8308966it [04:05, 33801.61it/s]
8312373it [04:05, 33881.27it/s]
8315762it [04:05, 33879.99it/s]
8319151it [04:05, 33111.59it/s]
8322554it [04:05, 33379.82it/s]
8325980it [04:05, 33639.23it/s]
8329385it [04:05, 33758.68it/s]
8332775it [04:05, 33800.29it/s]
8336157it [04:06, 33798.29it/s]
8339538it [04:06, 32999.92it/s]
8342892it [04:06, 33155.72it/s]
8346239it [04:06, 33246.48it/s]
8349598it [04:06, 33344.23it/s]
8352957it [04:06, 33414.22it/s]
8356336it [04:06, 33523.35it/s]
8359690it [04:06, 32944.63it/s]
8363028it [04:06, 33071.83it/s]
8366357it [04:06, 33134.85it/s]
8369683it [04:07, 33170.93it/s]
8373017it [04:07, 33218.31it/s]
8376340it [04:07, 32561.89it/s]
8379657it [04:07, 32739.59it/s]
8382996it [04:07, 32929.60it/s]
8386342it [04:07, 33085.31it/s]
8389664it [04:07, 33124.95it/s]
8392978it [04:07, 32670.03it/s]
8396298it [04:07, 32824.80it/s]
8399651it [04:08, 33033.36it/s]
8402986it [04:08, 33126.21it/s]
8406315it [04:08, 33174.34it/s]
8409634it [04:08, 32853.74it/s]
8412974it [04:08, 33014.91it/s]
8416293it [04:08, 33065.06it/s]
8419601it [04:08, 33059.15it/s]
8422948it [04:08, 33180.51it/s]
8426267it [04:08, 32942.08it/s]
8429583it [04:08, 33006.18it/s]
8432910it [04:09, 33081.19it/s]
8436238it [04:09, 33140.09it/s]
8439553it [04:09, 32563.67it/s]
8442873it [04:09, 32748.86it/s]
8446226it [04:09, 32978.79it/s]
8449568it [04:09, 33108.57it/s]
8452881it [04:09, 33000.76it/s]
8456216it [04:09, 33102.41it/s]
8459565it [04:09, 33216.41it/s]
8462902it [04:09, 33258.94it/s]
8466229it [04:10, 33041.98it/s]
8469537it [04:10, 33050.48it/s]
8472881it [04:10, 33165.13it/s]
8476251it [04:10, 33322.87it/s]
8479584it [04:10, 32499.54it/s]
8482918it [04:10, 32745.29it/s]
8486265it [04:10, 32957.24it/s]
8489613it [04:10, 33110.50it/s]
8492952it [04:10, 33192.05it/s]
8496282it [04:10, 33223.13it/s]
8499606it [04:11, 33032.69it/s]
8502959it [04:11, 33179.16it/s]
8506325it [04:11, 33320.11it/s]
8509667it [04:11, 33348.82it/s]
8513003it [04:11, 32065.18it/s]
8516359it [04:11, 32500.15it/s]
8519704it [04:11, 32778.21it/s]
8523106it [04:11, 33143.66it/s]
8526480it [04:11, 33319.46it/s]
8529840it [04:11, 33400.49it/s]
8533208it [04:12, 33479.83it/s]
8536558it [04:12, 32828.85it/s]
8539947it [04:12, 33140.88it/s]
8543348it [04:12, 33395.98it/s]
8546734it [04:12, 33532.06it/s]
8550120it [04:12, 33629.29it/s]
8553515it [04:12, 33723.27it/s]
8556889it [04:12, 32318.97it/s]
8560285it [04:12, 32794.89it/s]
8563655it [04:12, 33059.93it/s]
8567040it [04:13, 33291.98it/s]
8570433it [04:13, 33479.82it/s]
8573822it [04:13, 33599.61it/s]
8577194it [04:13, 33633.57it/s]
8580560it [04:13, 32963.25it/s]
8583948it [04:13, 33232.62it/s]
8587389it [04:13, 33579.28it/s]
8590790it [04:13, 33704.43it/s]
8594177it [04:13, 33751.46it/s]
8597554it [04:13, 33594.81it/s]
8600954it [04:14, 33712.15it/s]
8604350it [04:14, 33785.03it/s]
8607741it [04:14, 33821.64it/s]
8611124it [04:14, 33506.36it/s]
8614507it [04:14, 33601.22it/s]
8617881it [04:14, 33641.21it/s]
8621281it [04:14, 33746.59it/s]
8624657it [04:14, 33698.63it/s]
8628028it [04:14, 33576.49it/s]
8631401it [04:14, 33620.11it/s]
8634782it [04:15, 33673.58it/s]
8638166it [04:15, 33721.90it/s]
8641539it [04:15, 33533.63it/s]
8644902it [04:15, 33561.73it/s]
8648259it [04:15, 33551.35it/s]
8651641it [04:15, 33629.71it/s]
8655005it [04:15, 33456.51it/s]
8658412it [04:15, 33637.28it/s]
8661809it [04:15, 33734.37it/s]
8665203it [04:15, 33792.82it/s]
8668583it [04:16, 33539.64it/s]
8672011it [04:16, 33758.27it/s]
8675438it [04:16, 33909.90it/s]
8678897it [04:16, 34110.44it/s]
8682309it [04:16, 33634.46it/s]
8685715it [04:16, 33758.42it/s]
8689148it [04:16, 33926.65it/s]
8692556it [04:16, 33968.49it/s]
8695977it [04:16, 34037.82it/s]
8699382it [04:16, 33725.08it/s]
8702827it [04:17, 33938.12it/s]
8706261it [04:17, 34057.72it/s]
8709678it [04:17, 34090.54it/s]
8713088it [04:17, 33661.40it/s]
8716498it [04:17, 33788.53it/s]
8719924it [04:17, 33927.05it/s]
8723355it [04:17, 34038.80it/s]
8726793it [04:17, 34138.75it/s]
8730208it [04:17, 33535.75it/s]
8733619it [04:18, 33703.44it/s]
8737037it [04:18, 33843.71it/s]
8740456it [04:18, 33946.50it/s]
8743913it [04:18, 34131.30it/s]
8747328it [04:18, 33699.23it/s]
8750734it [04:18, 33805.20it/s]
8754166it [04:18, 33955.56it/s]
8757598it [04:18, 34063.47it/s]
8761006it [04:18, 33548.31it/s]
8764415it [04:18, 33703.70it/s]
8767810it [04:19, 33774.86it/s]
8771200it [04:19, 33810.16it/s]
8774590it [04:19, 33834.18it/s]
8777975it [04:19, 33337.70it/s]
8781353it [04:19, 33465.98it/s]
8784731it [04:19, 33555.90it/s]
8788104it [04:19, 33606.20it/s]
8791489it [04:19, 33676.05it/s]
8794858it [04:19, 33185.26it/s]
8798244it [04:19, 33383.99it/s]
8801584it [04:20, 25867.24it/s]
8804780it [04:20, 27374.40it/s]
8808142it [04:20, 29005.91it/s]
8811518it [04:20, 30297.27it/s]
8814911it [04:20, 31310.98it/s]
8818326it [04:20, 32118.73it/s]
8821613it [04:20, 32082.95it/s]
8824992it [04:20, 32577.37it/s]
8828367it [04:20, 32920.89it/s]
8831766it [04:21, 33236.51it/s]
8835110it [04:21, 33042.62it/s]
8838535it [04:21, 33398.67it/s]
8841946it [04:21, 33606.71it/s]
8845366it [04:21, 33781.01it/s]
8848774it [04:21, 33869.88it/s]
8852165it [04:21, 33333.13it/s]
8855561it [04:21, 33516.06it/s]
8858925it [04:21, 33550.23it/s]
8862301it [04:21, 33611.19it/s]
8865664it [04:22, 33610.53it/s]
8869027it [04:22, 33152.16it/s]
8872405it [04:22, 33337.29it/s]
8875789it [04:22, 33486.16it/s]
8879163it [04:22, 33559.43it/s]
8882520it [04:22, 33053.02it/s]
8885880it [04:22, 33214.34it/s]
8889237it [04:22, 33318.40it/s]
8892616it [04:22, 33457.91it/s]
8896000it [04:22, 33568.99it/s]
8899358it [04:23, 33177.69it/s]
8902752it [04:23, 33400.39it/s]
8906129it [04:23, 33509.31it/s]
8909514it [04:23, 33609.69it/s]
8912876it [04:23, 33606.60it/s]
8916238it [04:23, 33056.57it/s]
8919574it [04:23, 33143.73it/s]
8922909it [04:23, 33203.62it/s]
8926239it [04:23, 33229.87it/s]
8929569it [04:23, 32840.71it/s]
8932958it [04:24, 33150.00it/s]
8936322it [04:24, 33294.37it/s]
8939695it [04:24, 33423.91it/s]
8943060it [04:24, 33490.34it/s]
8946410it [04:24, 33069.68it/s]
8949806it [04:24, 33331.91it/s]
8953184it [04:24, 33462.95it/s]
8956575it [04:24, 33593.50it/s]
8959955it [04:24, 33654.23it/s]
8963322it [04:24, 33129.79it/s]
8966685it [04:25, 33275.71it/s]
8970029it [04:25, 33322.73it/s]
8973376it [04:25, 33364.76it/s]
8976755it [04:25, 33488.85it/s]
8980105it [04:25, 32971.56it/s]
8983468it [04:25, 33164.83it/s]
8986836it [04:25, 33317.08it/s]
8990219it [04:25, 33467.41it/s]
8993605it [04:25, 33581.61it/s]
8996964it [04:25, 33113.99it/s]
9000344it [04:26, 33315.06it/s]
9003735it [04:26, 33490.86it/s]
9007142it [04:26, 33663.25it/s]
9010510it [04:26, 33598.17it/s]
9013871it [04:26, 33056.74it/s]
9017217it [04:26, 33175.04it/s]
9020560it [04:26, 33249.34it/s]
9023936it [04:26, 33399.17it/s]
9027277it [04:26, 33279.52it/s]
9030606it [04:26, 33267.40it/s]
9033947it [04:27, 33307.15it/s]
9037297it [04:27, 33363.97it/s]
9040634it [04:27, 33312.98it/s]
9043970it [04:27, 33324.40it/s]
9047318it [04:27, 33370.38it/s]
9050664it [04:27, 33394.61it/s]
9054009it [04:27, 33409.43it/s]
9057371it [04:27, 33469.98it/s]
9060756it [04:27, 33581.67it/s]
9064138it [04:27, 33651.63it/s]
9067521it [04:28, 33701.93it/s]
9070909it [04:28, 33753.34it/s]
9074285it [04:28, 33674.30it/s]
9077653it [04:28, 33654.49it/s]
9081019it [04:28, 33639.81it/s]
9084384it [04:28, 33616.61it/s]
9087746it [04:28, 33615.09it/s]
9091108it [04:28, 33548.79it/s]
9094463it [04:28, 33548.59it/s]
9097820it [04:28, 33553.86it/s]
9101196it [04:29, 33614.75it/s]
9104580it [04:29, 33679.01it/s]
9107974it [04:29, 33754.88it/s]
9111369it [04:29, 33811.92it/s]
9114757it [04:29, 33829.42it/s]
9118145it [04:29, 33841.89it/s]
9121550it [04:29, 33903.20it/s]
9124941it [04:29, 33898.10it/s]
9128331it [04:29, 33829.54it/s]
9131714it [04:29, 33820.39it/s]
9135122it [04:30, 33895.06it/s]
9138522it [04:30, 33924.80it/s]
9141915it [04:30, 33891.97it/s]
9145325it [04:30, 33951.33it/s]
9148735it [04:30, 33994.90it/s]
9152140it [04:30, 34009.66it/s]
9155550it [04:30, 34034.47it/s]
9158969it [04:30, 34079.75it/s]
9162377it [04:30, 33952.12it/s]
9165773it [04:30, 33937.44it/s]
9169167it [04:31, 33936.55it/s]
9172561it [04:31, 33811.76it/s]
9175959it [04:31, 33861.64it/s]
9179346it [04:31, 33855.36it/s]
9182732it [04:31, 33824.28it/s]
9186115it [04:31, 33118.23it/s]
9189491it [04:31, 33306.99it/s]
9192859it [04:31, 33415.55it/s]
9196232it [04:31, 33507.07it/s]
9199600it [04:31, 33558.04it/s]
9202957it [04:32, 32719.15it/s]
9206313it [04:32, 32963.73it/s]
9209686it [04:32, 33189.05it/s]
9213075it [04:32, 33395.50it/s]
9216469it [04:32, 33555.80it/s]
9219843it [04:32, 33610.07it/s]
9223206it [04:32, 32996.73it/s]
9226582it [04:32, 33219.49it/s]
9229934it [04:32, 33307.23it/s]
9233269it [04:33, 33317.91it/s]
9236608it [04:33, 33336.99it/s]
9239943it [04:33, 32879.35it/s]
9243275it [04:33, 33006.46it/s]
9246635it [04:33, 33182.16it/s]
9249973it [04:33, 33240.02it/s]
9253313it [04:33, 33285.47it/s]
9256643it [04:33, 32978.84it/s]
9259990it [04:33, 33122.82it/s]
9263312it [04:33, 33149.97it/s]
9266655it [04:34, 33230.64it/s]
9269979it [04:34, 33014.27it/s]
9273282it [04:34, 32979.63it/s]
9276591it [04:34, 33010.45it/s]
9279924it [04:34, 33102.43it/s]
9283235it [04:34, 32487.67it/s]
9286551it [04:34, 32684.86it/s]
9289887it [04:34, 32883.83it/s]
9293235it [04:34, 33060.10it/s]
9296588it [04:34, 33198.75it/s]
9299909it [04:35, 33109.36it/s]
9303265it [04:35, 33243.25it/s]
9306590it [04:35, 33223.99it/s]
9309918it [04:35, 33239.40it/s]
9313243it [04:35, 33140.55it/s]
9316591it [04:35, 33241.25it/s]
9319967it [04:35, 33396.10it/s]
9323307it [04:35, 32750.99it/s]
9326667it [04:35, 33001.16it/s]
9329994it [04:35, 33080.09it/s]
9333330it [04:36, 33161.64it/s]
9336674it [04:36, 33241.60it/s]
9340007it [04:36, 33265.19it/s]
9343335it [04:36, 33118.73it/s]
9346668it [04:36, 33180.48it/s]
9350008it [04:36, 33244.83it/s]
9353333it [04:36, 33127.55it/s]
9356688it [04:36, 33251.74it/s]
9360014it [04:36, 33225.03it/s]
9363375it [04:36, 33339.19it/s]
9366710it [04:37, 31970.54it/s]
9370057it [04:37, 32405.10it/s]
9373394it [04:37, 32685.70it/s]
9376767it [04:37, 32992.59it/s]
9380121it [04:37, 33153.13it/s]
9383493it [04:37, 33319.64it/s]
9386906it [04:37, 33558.37it/s]
9390265it [04:37, 33045.99it/s]
9393676it [04:37, 33360.29it/s]
9397101it [04:37, 33622.56it/s]
9400533it [04:38, 33829.69it/s]
9403970it [04:38, 33989.43it/s]
9407371it [04:38, 32641.39it/s]
9410801it [04:38, 33122.80it/s]
9414213it [04:38, 33413.66it/s]
9417633it [04:38, 33643.27it/s]
9421043it [04:38, 33776.72it/s]
9424449it [04:38, 33857.94it/s]
9427877it [04:38, 33982.68it/s]
9431309it [04:38, 34080.51it/s]
9434719it [04:39, 33878.53it/s]
9438131it [04:39, 33948.72it/s]
9441551it [04:39, 34021.77it/s]
9444954it [04:39, 33383.66it/s]
9448341it [04:39, 33524.40it/s]
9451748it [04:39, 33683.49it/s]
9455161it [04:39, 33816.08it/s]
9458595it [04:39, 33970.99it/s]
9462005it [04:39, 34009.19it/s]
9465407it [04:39, 33426.72it/s]
9468851it [04:40, 33724.32it/s]
9472276it [04:40, 33878.03it/s]
9475707it [04:40, 34006.41it/s]
9479143it [04:40, 34109.99it/s]
9482555it [04:40, 33986.18it/s]
9485993it [04:40, 34102.28it/s]
9489430it [04:40, 34179.35it/s]
9492852it [04:40, 34189.94it/s]
9496272it [04:40, 33920.68it/s]
9499694it [04:40, 34006.75it/s]
9503112it [04:41, 34057.20it/s]
9506559it [04:41, 34177.99it/s]
9509978it [04:41, 33989.94it/s]
9513390it [04:41, 34026.98it/s]
9516798it [04:41, 34040.65it/s]
9520203it [04:41, 33667.02it/s]
9523640it [04:41, 33875.65it/s]
9527116it [04:41, 34138.44it/s]
9530565it [04:41, 34241.07it/s]
9533990it [04:41, 34156.73it/s]
9537407it [04:42, 33547.94it/s]
9540828it [04:42, 33740.25it/s]
9544236it [04:42, 33840.16it/s]
9547658it [04:42, 33952.08it/s]
9551085it [04:42, 34046.24it/s]
9554491it [04:42, 33618.96it/s]
9557915it [04:42, 33800.76it/s]
9561345it [04:42, 33948.93it/s]
9564772it [04:42, 34041.68it/s]
9568177it [04:43, 33641.82it/s]
9571619it [04:43, 33871.26it/s]
9575070it [04:43, 34059.84it/s]
9578544it [04:43, 34260.01it/s]
9581975it [04:43, 34272.66it/s]
9585403it [04:43, 33786.55it/s]
9588839it [04:43, 33954.61it/s]
9592253it [04:43, 34007.50it/s]
9595667it [04:43, 34045.16it/s]
9599099it [04:43, 34125.35it/s]
9602513it [04:44, 33602.05it/s]
9605934it [04:44, 33781.77it/s]
9609326it [04:44, 33820.21it/s]
9612734it [04:44, 33896.50it/s]
9616154it [04:44, 33984.80it/s]
9619554it [04:44, 33496.33it/s]
9622968it [04:44, 33685.44it/s]
9626375it [04:44, 33797.82it/s]
9629811it [04:44, 33964.57it/s]
9633237it [04:44, 34051.66it/s]
9636643it [04:45, 33532.84it/s]
9640040it [04:45, 33660.38it/s]
9643445it [04:45, 33775.01it/s]
9646856it [04:45, 33874.25it/s]
9650245it [04:45, 33407.06it/s]
9653664it [04:45, 33635.51it/s]
9657085it [04:45, 33804.28it/s]
9660496it [04:45, 33894.06it/s]
9663895it [04:45, 33920.31it/s]
9667288it [04:45, 33404.52it/s]
9670718it [04:46, 33667.16it/s]
9674138it [04:46, 33822.51it/s]
9677567it [04:46, 33961.42it/s]
9680995it [04:46, 34052.85it/s]
9684402it [04:46, 33588.89it/s]
9687832it [04:46, 33797.58it/s]
9691256it [04:46, 33926.64it/s]
9694680it [04:46, 34019.40it/s]
9698092it [04:46, 34048.71it/s]
9701498it [04:46, 33583.52it/s]
9704916it [04:47, 33758.20it/s]
9708324it [04:47, 33853.21it/s]
9711748it [04:47, 33966.21it/s]
9715157it [04:47, 34001.92it/s]
9718558it [04:47, 33531.98it/s]
9721958it [04:47, 33668.64it/s]
9725349it [04:47, 33740.05it/s]
9728726it [04:47, 33747.65it/s]
9732102it [04:47, 33220.49it/s]
9735465it [04:47, 33339.60it/s]
9738801it [04:48, 33330.98it/s]
9742149it [04:48, 33372.30it/s]
9745505it [04:48, 33426.85it/s]
9748849it [04:48, 33030.59it/s]
9752239it [04:48, 33287.96it/s]
9755627it [04:48, 33461.67it/s]
9759000it [04:48, 33541.15it/s]
9762361it [04:48, 33559.84it/s]
9765718it [04:48, 33140.08it/s]
9769115it [04:48, 33383.96it/s]
9772524it [04:49, 33591.88it/s]
9775942it [04:49, 33764.16it/s]
9779352it [04:49, 33862.36it/s]
9782739it [04:49, 33417.15it/s]
9786143it [04:49, 33600.66it/s]
9789557it [04:49, 33758.68it/s]
9792943it [04:49, 33788.22it/s]
9796328it [04:49, 33805.46it/s]
9799710it [04:49, 33357.99it/s]
9803137it [04:49, 33625.24it/s]
9806537it [04:50, 33735.77it/s]
9809924it [04:50, 33773.49it/s]
9813324it [04:50, 33839.62it/s]
9816709it [04:50, 33326.79it/s]
9820124it [04:50, 33569.30it/s]
9823532it [04:50, 33718.93it/s]
9826954it [04:50, 33867.56it/s]
9830349it [04:50, 33888.93it/s]
9833739it [04:50, 33389.07it/s]
9837158it [04:50, 33624.61it/s]
9840574it [04:51, 33782.89it/s]
9843986it [04:51, 33881.26it/s]
9847376it [04:51, 33313.37it/s]
9850749it [04:51, 33434.42it/s]
9854121it [04:51, 33516.37it/s]
9857514it [04:51, 33637.85it/s]
9860900it [04:51, 33703.55it/s]
9864272it [04:51, 33175.01it/s]
9867662it [04:51, 33388.61it/s]
9871047it [04:52, 33524.73it/s]
9874412it [04:52, 33558.34it/s]
9877792it [04:52, 33629.83it/s]
9881156it [04:52, 33267.81it/s]
9884499it [04:52, 33314.24it/s]
9887863it [04:52, 33409.44it/s]
9891249it [04:52, 33542.27it/s]
9894604it [04:52, 33521.49it/s]
9897957it [04:52, 33517.85it/s]
9901310it [04:52, 33429.48it/s]
9904720it [04:53, 33627.14it/s]
9908158it [04:53, 33851.72it/s]
9911590it [04:53, 33990.08it/s]
9915017it [04:53, 34073.35it/s]
9918425it [04:53, 33786.11it/s]
9921813it [04:53, 33813.07it/s]
9925215it [04:53, 33873.37it/s]
9928618it [04:53, 33917.94it/s]
9932011it [04:53, 33597.38it/s]
9935389it [04:53, 33649.90it/s]
9938755it [04:54, 33549.82it/s]
9942111it [04:54, 33524.94it/s]
9945464it [04:54, 33339.16it/s]
9948829it [04:54, 33430.73it/s]
9952203it [04:54, 33521.27it/s]
9955577it [04:54, 33584.05it/s]
9958936it [04:54, 33424.49it/s]
9962293it [04:54, 33465.69it/s]
9965640it [04:54, 33454.30it/s]
9969007it [04:54, 33518.48it/s]
9972359it [04:55, 33444.96it/s]
9975751it [04:55, 33586.63it/s]
9979164it [04:55, 33748.93it/s]
9982540it [04:55, 33641.92it/s]
9985908it [04:55, 33651.40it/s]
9989281it [04:55, 33672.24it/s]
9992649it [04:55, 33659.05it/s]
9996015it [04:55, 33084.50it/s]
9999402it [04:55, 33314.98it/s]
10002794it [04:55, 33493.33it/s]
10006200it [04:56, 33660.41it/s]
10009608it [04:56, 33785.17it/s]
10012988it [04:56, 33399.57it/s]
10016388it [04:56, 33576.49it/s]
10019806it [04:56, 33754.79it/s]
10023207it [04:56, 33828.97it/s]
10026591it [04:56, 33158.51it/s]
10029974it [04:56, 33354.40it/s]
10033356it [04:56, 33491.94it/s]
10036724it [04:56, 33545.43it/s]
10040095it [04:57, 33593.76it/s]
10043481it [04:57, 33672.23it/s]
10046849it [04:57, 32946.40it/s]
10050191it [04:57, 33083.78it/s]
10053525it [04:57, 33157.14it/s]
10056862it [04:57, 33218.32it/s]
10060220it [04:57, 33324.04it/s]
10063554it [04:57, 32908.95it/s]
10066897it [04:57, 33060.66it/s]
10070214it [04:57, 33090.87it/s]
10073551it [04:58, 33170.61it/s]
10076869it [04:58, 32800.34it/s]
10080171it [04:58, 32864.49it/s]
10083486it [04:58, 32946.78it/s]
10086802it [04:58, 33009.05it/s]
10090104it [04:58, 32835.48it/s]
10093409it [04:58, 32896.91it/s]
10096709it [04:58, 32926.23it/s]
10100009it [04:58, 32947.00it/s]
10103304it [04:58, 32317.55it/s]
10106635it [04:59, 32609.71it/s]
10109976it [04:59, 32846.23it/s]
10113319it [04:59, 33016.43it/s]
10116675it [04:59, 33178.19it/s]
10119994it [04:59, 33071.37it/s]
10123353it [04:59, 33224.33it/s]
10126682it [04:59, 33242.67it/s]
10130007it [04:59, 33243.62it/s]
10133332it [04:59, 32977.33it/s]
10136660it [04:59, 33065.99it/s]
10140015it [05:00, 33208.58it/s]
10143359it [05:00, 33275.26it/s]
10146687it [05:00, 32570.44it/s]
10150043it [05:00, 32861.17it/s]
10153401it [05:00, 33071.82it/s]
10156750it [05:00, 33193.84it/s]
10160124it [05:00, 33355.59it/s]
10163461it [05:00, 33245.98it/s]
10166840it [05:00, 33406.41it/s]
10170215it [05:00, 33508.01it/s]
10173576it [05:01, 33537.03it/s]
10176931it [05:01, 33336.08it/s]
10180297it [05:01, 33432.03it/s]
10183650it [05:01, 33458.36it/s]
10187040it [05:01, 33587.37it/s]
10190399it [05:01, 32302.56it/s]
10193764it [05:01, 32693.87it/s]
10197134it [05:01, 32988.57it/s]
10200484it [05:01, 33137.37it/s]
10203849it [05:01, 33287.01it/s]
10207206it [05:02, 33369.63it/s]
10210557it [05:02, 33410.52it/s]
10213900it [05:02, 32786.34it/s]
10217243it [05:02, 32974.04it/s]
10220620it [05:02, 33209.08it/s]
10224006it [05:02, 33400.20it/s]
10227416it [05:02, 33608.51it/s]
10230779it [05:02, 32362.81it/s]
10234222it [05:02, 32962.46it/s]
10237627it [05:03, 33279.15it/s]
10241051it [05:03, 33560.76it/s]
10244453it [05:03, 33695.53it/s]
10247868it [05:03, 33829.16it/s]
10251287it [05:03, 33936.29it/s]
10254683it [05:03, 33133.35it/s]
10258086it [05:03, 33395.56it/s]
10261512it [05:03, 33650.56it/s]
10264930it [05:03, 33805.86it/s]
10268347it [05:03, 33911.53it/s]
10271771it [05:04, 34007.82it/s]
10275174it [05:04, 33319.89it/s]
10278567it [05:04, 33497.74it/s]
10281973it [05:04, 33663.34it/s]
10285360it [05:04, 33721.39it/s]
10288765it [05:04, 33816.66it/s]
10292148it [05:04, 33683.09it/s]
10295561it [05:04, 33814.04it/s]
10298969it [05:04, 33891.92it/s]
10302372it [05:04, 33930.13it/s]
10305766it [05:05, 33678.94it/s]
10309135it [05:05, 33589.94it/s]
10312495it [05:05, 33581.57it/s]
10315864it [05:05, 33611.41it/s]
10319226it [05:05, 33436.41it/s]
10322622it [05:05, 33589.57it/s]
10326008it [05:05, 33668.56it/s]
10329391it [05:05, 33713.89it/s]
10332763it [05:05, 33378.48it/s]
10336145it [05:05, 33508.83it/s]
10339527it [05:06, 33599.53it/s]
10342889it [05:06, 33603.35it/s]
10346250it [05:06, 33110.25it/s]
10349640it [05:06, 33341.73it/s]
10353043it [05:06, 33544.54it/s]
10356426it [05:06, 33627.17it/s]
10359818it [05:06, 33711.81it/s]
10363190it [05:06, 33253.91it/s]
10366562it [05:06, 33391.06it/s]
10369948it [05:06, 33529.80it/s]
10373346it [05:07, 33662.74it/s]
10376743it [05:07, 33753.13it/s]
10380119it [05:07, 33342.68it/s]
10383535it [05:07, 33584.68it/s]
10386943it [05:07, 33731.12it/s]
10390344it [05:07, 33811.76it/s]
10393726it [05:07, 33351.56it/s]
10397128it [05:07, 33548.56it/s]
10400557it [05:07, 33766.02it/s]
10403988it [05:07, 33925.09it/s]
10407420it [05:08, 34041.34it/s]
10410825it [05:08, 33589.54it/s]
10414274it [05:08, 33853.92it/s]
10417721it [05:08, 34036.13it/s]
10421177it [05:08, 34189.00it/s]
10424620it [05:08, 34258.99it/s]
10428047it [05:08, 33737.19it/s]
10431478it [05:08, 33904.24it/s]
10434905it [05:08, 34011.51it/s]
10438340it [05:08, 34110.29it/s]
10441752it [05:09, 33661.15it/s]
10445205it [05:09, 33916.29it/s]
10448656it [05:09, 34090.06it/s]
10452099it [05:09, 34189.60it/s]
10455524it [05:09, 34204.65it/s]
10458946it [05:09, 33711.06it/s]
10462322it [05:09, 33723.04it/s]
10465734it [05:09, 33840.68it/s]
10469129it [05:09, 33871.87it/s]
10472523it [05:09, 33891.16it/s]
10475913it [05:10, 33462.75it/s]
10479327it [05:10, 33661.42it/s]
10482757it [05:10, 33848.45it/s]
10486192it [05:10, 33997.44it/s]
10489635it [05:10, 34124.54it/s]
10493049it [05:10, 33571.14it/s]
10496455it [05:10, 33714.69it/s]
10499841it [05:10, 33756.38it/s]
10503231it [05:10, 33798.34it/s]
10506612it [05:10, 33367.21it/s]
10510004it [05:11, 33529.76it/s]
10513411it [05:11, 33689.65it/s]
10516782it [05:11, 33694.48it/s]
10520154it [05:11, 33700.10it/s]
10523525it [05:11, 33264.49it/s]
10526914it [05:11, 33449.09it/s]
10530296it [05:11, 33557.32it/s]
10533704it [05:11, 33712.82it/s]
10537077it [05:11, 33323.98it/s]
10540460it [05:11, 33473.56it/s]
10543842it [05:12, 33574.27it/s]
10547245it [05:12, 33706.90it/s]
10550641it [05:12, 33780.59it/s]
10554020it [05:12, 33394.73it/s]
10557444it [05:12, 33644.92it/s]
10560863it [05:12, 33806.25it/s]
10564294it [05:12, 33954.43it/s]
10567717it [05:12, 34036.51it/s]
10571122it [05:12, 33583.78it/s]
10574550it [05:13, 33787.10it/s]
10577965it [05:13, 33893.60it/s]
10581394it [05:13, 34010.78it/s]
10584796it [05:13, 33532.21it/s]
10588220it [05:13, 33740.05it/s]
10591656it [05:13, 33922.31it/s]
10595051it [05:13, 33928.99it/s]
10598469it [05:13, 34000.94it/s]
10601870it [05:13, 33512.69it/s]
10605266it [05:13, 33643.81it/s]
10608674it [05:14, 33771.95it/s]
10612076it [05:14, 33845.51it/s]
10615485it [05:14, 33915.80it/s]
10618878it [05:14, 33420.47it/s]
10622282it [05:14, 33600.79it/s]
10625694it [05:14, 33753.96it/s]
10629098it [05:14, 33838.41it/s]
10632506it [05:14, 33908.67it/s]
10635898it [05:14, 33412.34it/s]
10639316it [05:14, 33636.86it/s]
10642720it [05:15, 33754.16it/s]
10646135it [05:15, 33871.02it/s]
10649560it [05:15, 33983.32it/s]
10652960it [05:15, 33502.81it/s]
10656379it [05:15, 33703.91it/s]
10659815it [05:15, 33897.44it/s]
10663209it [05:15, 33908.91it/s]
10666636it [05:15, 34015.98it/s]
10670039it [05:15, 33526.21it/s]
10673459it [05:15, 33724.49it/s]
10676870it [05:16, 33837.37it/s]
10680291it [05:16, 33947.62it/s]
10683687it [05:16, 33802.41it/s]
10687140it [05:16, 34017.36it/s]
10690561it [05:16, 34072.34it/s]
10693997it [05:16, 34155.97it/s]
10697413it [05:16, 34118.23it/s]
10700844it [05:16, 34174.85it/s]
10704262it [05:16, 34142.05it/s]
10707688it [05:16, 34174.65it/s]
10711106it [05:17, 34151.77it/s]
10714535it [05:17, 34190.55it/s]
10717955it [05:17, 34156.71it/s]
10721371it [05:17, 34099.96it/s]
10724794it [05:17, 34136.02it/s]
10728211it [05:17, 34145.58it/s]
10731626it [05:17, 34114.67it/s]
10735040it [05:17, 34120.97it/s]
10738462it [05:17, 34148.83it/s]
10741877it [05:17, 34121.78it/s]
10745290it [05:18, 34095.43it/s]
10748701it [05:18, 34098.69it/s]
10752120it [05:18, 34124.46it/s]
10755533it [05:18, 34104.41it/s]
10758957it [05:18, 34142.67it/s]
10762372it [05:18, 34119.15it/s]
10765789it [05:18, 34133.32it/s]
10769220it [05:18, 34183.85it/s]
10772658it [05:18, 34242.01it/s]
10776083it [05:18, 34207.95it/s]
10779518it [05:19, 34248.21it/s]
10782943it [05:19, 34200.60it/s]
10786366it [05:19, 34208.93it/s]
10789793it [05:19, 34225.16it/s]
10793216it [05:19, 34197.12it/s]
10796653it [05:19, 34248.37it/s]
10800078it [05:19, 34238.62it/s]
10803502it [05:19, 34204.74it/s]
10806943it [05:19, 34263.44it/s]
10810375it [05:19, 34277.73it/s]
10813806it [05:20, 34285.26it/s]
10817235it [05:20, 34278.14it/s]
10820663it [05:20, 34206.74it/s]
10824084it [05:20, 34170.60it/s]
10827502it [05:20, 34156.70it/s]
10830924it [05:20, 34173.91it/s]
10834355it [05:20, 34212.35it/s]
10837792it [05:20, 34256.55it/s]
10841218it [05:20, 34230.14it/s]
10844642it [05:20, 34133.77it/s]
10848056it [05:21, 34062.44it/s]
10851468it [05:21, 34079.22it/s]
10854876it [05:21, 34038.30it/s]
10858280it [05:21, 33963.10it/s]
10861682it [05:21, 33979.27it/s]
10865080it [05:21, 33914.96it/s]
10868472it [05:21, 33890.47it/s]
10871862it [05:21, 33838.80it/s]
10875250it [05:21, 33849.30it/s]
10878645it [05:21, 33876.48it/s]
10882036it [05:22, 33885.80it/s]
10885441it [05:22, 33934.00it/s]
10888835it [05:22, 33907.75it/s]
10892254it [05:22, 33988.99it/s]
10895658it [05:22, 34003.97it/s]
10899083it [05:22, 34075.94it/s]
10902509it [05:22, 34128.70it/s]
10905969it [05:22, 34269.19it/s]
10909410it [05:22, 34309.25it/s]
10912864it [05:22, 34376.53it/s]
10916315it [05:23, 34416.10it/s]
10919757it [05:23, 34402.74it/s]
10923198it [05:23, 34390.30it/s]
10926651it [05:23, 34431.70it/s]
10930116it [05:23, 34496.16it/s]
10933566it [05:23, 34482.26it/s]
10937015it [05:23, 34473.77it/s]
10940493it [05:23, 34563.30it/s]
10943950it [05:23, 34525.58it/s]
10947403it [05:23, 34506.13it/s]
10950859it [05:24, 34520.70it/s]
10954320it [05:24, 34546.69it/s]
10957776it [05:24, 34548.29it/s]
10961231it [05:24, 34538.64it/s]
10964685it [05:24, 34438.05it/s]
10968129it [05:24, 34427.76it/s]
10971582it [05:24, 34455.78it/s]
10975028it [05:24, 34440.82it/s]
10978473it [05:24, 34364.44it/s]
10981910it [05:24, 34289.08it/s]
10985339it [05:25, 34272.04it/s]
10988767it [05:25, 34240.41it/s]
10992206it [05:25, 34284.30it/s]
10995652it [05:25, 34335.72it/s]
10999086it [05:25, 34255.21it/s]
11002512it [05:25, 34231.99it/s]
11005938it [05:25, 34237.48it/s]
11009363it [05:25, 34238.30it/s]
11012792it [05:25, 34252.53it/s]
11016230it [05:25, 34288.98it/s]
11019659it [05:26, 34280.26it/s]
11023090it [05:26, 34286.59it/s]
11026519it [05:26, 34242.72it/s]
11029957it [05:26, 34282.03it/s]
11033402it [05:26, 34330.93it/s]
11036836it [05:26, 34300.91it/s]
11040267it [05:26, 34231.59it/s]
11043691it [05:26, 34183.60it/s]
11047110it [05:26, 34116.31it/s]
11050546it [05:26, 34187.89it/s]
11053965it [05:27, 34169.64it/s]
11057383it [05:27, 34169.85it/s]
11060806it [05:27, 34187.19it/s]
11064238it [05:27, 34225.12it/s]
11067676it [05:27, 34268.67it/s]
11071103it [05:27, 34227.31it/s]
11074576it [05:27, 34375.06it/s]
11078035it [05:27, 34436.59it/s]
11081479it [05:27, 34369.36it/s]
11084916it [05:27, 34354.23it/s]
11088361it [05:28, 34381.70it/s]
11091820it [05:28, 34441.27it/s]
11095265it [05:28, 34412.62it/s]
11098711it [05:28, 34424.78it/s]
11102156it [05:28, 34430.55it/s]
11105600it [05:28, 34425.32it/s]
11109081it [05:28, 34539.55it/s]
11112560it [05:28, 34613.05it/s]
11116022it [05:28, 34583.54it/s]
11119481it [05:28, 34512.93it/s]
11122936it [05:29, 34523.27it/s]
11126395it [05:29, 34540.61it/s]
11129864it [05:29, 34584.13it/s]
11133338it [05:29, 34630.02it/s]
11136802it [05:29, 34574.30it/s]
11140260it [05:29, 34454.03it/s]
11143718it [05:29, 34488.97it/s]
11147186it [05:29, 34545.03it/s]
11150651it [05:29, 34574.03it/s]
11154129it [05:29, 34632.38it/s]
11157593it [05:30, 34586.98it/s]
11161052it [05:30, 34516.81it/s]
11164504it [05:30, 34465.67it/s]
11167956it [05:30, 34480.04it/s]
11171405it [05:30, 34476.66it/s]
11174861it [05:30, 34501.34it/s]
11178312it [05:30, 34496.55it/s]
11181762it [05:30, 34496.51it/s]
11185212it [05:30, 34417.69it/s]
11188654it [05:30, 34376.92it/s]
11192098it [05:31, 34393.92it/s]
11195538it [05:31, 34381.19it/s]
11198992it [05:31, 34428.26it/s]
11202435it [05:31, 34330.99it/s]
11205875it [05:31, 34350.49it/s]
11209327it [05:31, 34398.53it/s]
11212780it [05:31, 34435.39it/s]
11216225it [05:31, 34437.15it/s]
11219683it [05:31, 34479.02it/s]
11223161it [05:31, 34568.36it/s]
11226623it [05:32, 34581.16it/s]
11230117it [05:32, 34687.89it/s]
11233600it [05:32, 34730.10it/s]
11237083it [05:32, 34758.04it/s]
11240562it [05:32, 34766.09it/s]
11244039it [05:32, 34691.51it/s]
11247509it [05:32, 34593.62it/s]
11250969it [05:32, 34498.13it/s]
11254419it [05:32, 34489.14it/s]
11257872it [05:32, 34499.23it/s]
11261336it [05:33, 34538.72it/s]
11264790it [05:33, 34537.95it/s]
11268244it [05:33, 34520.94it/s]
11271697it [05:33, 34469.46it/s]
11275144it [05:33, 34427.51it/s]
11278591it [05:33, 34437.51it/s]
11282043it [05:33, 34459.03it/s]
11285511it [05:33, 34524.63it/s]
11288977it [05:33, 34563.49it/s]
11292444it [05:33, 34594.84it/s]
11295916it [05:34, 34629.73it/s]
11299391it [05:34, 34663.45it/s]
11302867it [05:34, 34689.49it/s]
11306344it [05:34, 34710.84it/s]
11309816it [05:34, 34677.77it/s]
11313284it [05:34, 34633.60it/s]
11316753it [05:34, 34647.58it/s]
11320236it [05:34, 34700.55it/s]
11323707it [05:34, 34702.00it/s]
11327178it [05:34, 34702.35it/s]
11330657it [05:35, 34727.75it/s]
11334130it [05:35, 34681.42it/s]
11337615it [05:35, 34729.24it/s]
11341088it [05:35, 34728.38it/s]
11344561it [05:35, 34708.66it/s]
11348032it [05:35, 34698.21it/s]
11351502it [05:35, 34675.02it/s]
11354970it [05:35, 34563.29it/s]
11358448it [05:35, 34626.49it/s]
11361960it [05:35, 34771.38it/s]
11365441it [05:36, 34778.24it/s]
11368919it [05:36, 34693.02it/s]
11372389it [05:36, 34653.41it/s]
11375855it [05:36, 34553.17it/s]
11379311it [05:36, 34489.39it/s]
11382760it [05:36, 34481.45it/s]
11386222it [05:36, 34522.31it/s]
11389694it [05:36, 34581.08it/s]
11393185it [05:36, 34678.68it/s]
11396653it [05:36, 34633.21it/s]
11400117it [05:37, 34566.83it/s]
11403574it [05:37, 34552.83it/s]
11407044it [05:37, 34595.24it/s]
11410508it [05:37, 34606.61it/s]
11413998it [05:37, 34693.10it/s]
11417488it [05:37, 34753.09it/s]
11420972it [05:37, 34776.03it/s]
11424450it [05:37, 34768.68it/s]
11427929it [05:37, 34774.63it/s]
11431407it [05:37, 34771.11it/s]
11434885it [05:38, 34662.18it/s]
11438352it [05:38, 34608.31it/s]
11441813it [05:38, 34586.06it/s]
11445277it [05:38, 34600.04it/s]
11448745it [05:38, 34621.30it/s]
11452208it [05:38, 34583.01it/s]
11455671it [05:38, 34594.97it/s]
11459131it [05:38, 34432.30it/s]
11462575it [05:38, 34398.28it/s]
11466023it [05:38, 34422.22it/s]
11469466it [05:39, 34350.70it/s]
11472910it [05:39, 34375.20it/s]
11476364it [05:39, 34422.77it/s]
11479807it [05:39, 34418.60it/s]
11483255it [05:39, 34433.96it/s]
11486700it [05:39, 34435.82it/s]
11490144it [05:39, 34429.36it/s]
11493587it [05:39, 34396.84it/s]
11497031it [05:39, 34407.00it/s]
11500481it [05:39, 34431.96it/s]
11503943it [05:40, 34485.04it/s]
11507432it [05:40, 34605.31it/s]
11510893it [05:40, 34584.45it/s]
11514361it [05:40, 34612.14it/s]
11517838it [05:40, 34657.82it/s]
11521304it [05:40, 34656.13it/s]
11524770it [05:40, 34627.02it/s]
11528261it [05:40, 34711.18it/s]
11531750it [05:40, 34761.75it/s]
11535242it [05:40, 34808.74it/s]
11538727it [05:41, 34819.75it/s]
11542209it [05:41, 34795.95it/s]
11545693it [05:41, 34806.23it/s]
11549174it [05:41, 34789.59it/s]
11552665it [05:41, 34824.80it/s]
11556173it [05:41, 34900.28it/s]
11559664it [05:41, 34872.29it/s]
11563152it [05:41, 34855.90it/s]
11566638it [05:41, 34856.39it/s]
11570125it [05:41, 34860.03it/s]
11573628it [05:42, 34909.16it/s]
11577137it [05:42, 34960.90it/s]
11580656it [05:42, 35028.47it/s]
11584159it [05:42, 34998.93it/s]
11587659it [05:42, 34948.71it/s]
11591154it [05:42, 34948.00it/s]
11594657it [05:42, 34969.51it/s]
11598154it [05:42, 34889.63it/s]
11601644it [05:42, 34889.68it/s]
11605133it [05:42, 34834.51it/s]
11608620it [05:43, 34842.86it/s]
11612105it [05:43, 34812.07it/s]
11615587it [05:43, 34755.94it/s]
11619067it [05:43, 34766.36it/s]
11622571it [05:43, 34845.26it/s]
11626080it [05:43, 34916.20it/s]
11629598it [05:43, 34993.85it/s]
11633098it [05:43, 34984.85it/s]
11636597it [05:43, 34908.06it/s]
11640088it [05:43, 34856.20it/s]
11643574it [05:44, 34814.33it/s]
11647079it [05:44, 34882.79it/s]
11650588it [05:44, 34942.30it/s]
11654084it [05:44, 34945.27it/s]
11657579it [05:44, 34872.12it/s]
11661067it [05:44, 34768.75it/s]
11664544it [05:44, 34702.00it/s]
11668015it [05:44, 34627.25it/s]
11671478it [05:44, 34566.39it/s]
11674935it [05:44, 34539.63it/s]
11678421it [05:45, 34634.57it/s]
11681885it [05:45, 34590.21it/s]
11685359it [05:45, 34633.92it/s]
11688835it [05:45, 34668.64it/s]
11692326it [05:45, 34740.06it/s]
11695825it [05:45, 34813.44it/s]
11699341it [05:45, 34916.04it/s]
11702886it [05:45, 35075.18it/s]
11706394it [05:45, 35053.00it/s]
11709900it [05:45, 34986.27it/s]
11713411it [05:46, 35021.03it/s]
11716914it [05:46, 35010.60it/s]
11720416it [05:46, 34948.98it/s]
11723925it [05:46, 34989.49it/s]
11727424it [05:46, 34985.05it/s]
11730927it [05:46, 34996.86it/s]
11734445it [05:46, 35049.21it/s]
11737970it [05:46, 35108.84it/s]
11741481it [05:46, 35037.16it/s]
11744985it [05:46, 34969.08it/s]
11748482it [05:47, 34956.47it/s]
11751999it [05:47, 35018.28it/s]
11755501it [05:47, 34994.71it/s]
11759001it [05:47, 34955.32it/s]
11762497it [05:47, 34929.52it/s]
11765990it [05:47, 34898.36it/s]
11769480it [05:47, 34891.84it/s]
11772979it [05:47, 34919.01it/s]
11776478it [05:47, 34939.94it/s]
11779973it [05:47, 34836.83it/s]
11783457it [05:48, 34813.20it/s]
11786967it [05:48, 34896.68it/s]
11790457it [05:48, 34889.66it/s]
11793947it [05:48, 34858.43it/s]
11797453it [05:48, 34915.92it/s]
11800945it [05:48, 34900.67it/s]
11804453it [05:48, 34951.87it/s]
11807965it [05:48, 35000.20it/s]
11811471it [05:48, 35015.49it/s]
11814973it [05:49, 34995.83it/s]
11818512it [05:49, 35111.69it/s]
11822027it [05:49, 35121.08it/s]
11825540it [05:49, 35044.02it/s]
11829045it [05:49, 35043.52it/s]
11832550it [05:49, 35004.42it/s]
11836051it [05:49, 34985.89it/s]
11839558it [05:49, 35007.77it/s]
11843059it [05:49, 34989.77it/s]
11846571it [05:49, 35028.08it/s]
11850074it [05:50, 35021.53it/s]
11853577it [05:50, 34992.27it/s]
11857077it [05:50, 34981.77it/s]
11860576it [05:50, 34982.00it/s]
11864075it [05:50, 34909.19it/s]
11867566it [05:50, 34817.39it/s]
11871048it [05:50, 34684.41it/s]
11874517it [05:50, 34665.44it/s]
11877985it [05:50, 34669.21it/s]
11881452it [05:50, 34640.64it/s]
11884931it [05:51, 34683.17it/s]
11888400it [05:51, 34676.96it/s]
11891879it [05:51, 34707.56it/s]
11895371it [05:51, 34768.95it/s]
11898869it [05:51, 34830.16it/s]
11902361it [05:51, 34856.26it/s]
11905847it [05:51, 34832.26it/s]
11909343it [05:51, 34870.21it/s]
11912831it [05:51, 34808.86it/s]
11916312it [05:51, 34776.43it/s]
11919795it [05:52, 34791.17it/s]
11923275it [05:52, 34764.60it/s]
11926752it [05:52, 34677.88it/s]
11930220it [05:52, 34661.15it/s]
11933689it [05:52, 34669.05it/s]
11937156it [05:52, 34632.87it/s]
11940620it [05:52, 34571.36it/s]
11944093it [05:52, 34616.59it/s]
11947574it [05:52, 34674.12it/s]
11951066it [05:52, 34745.07it/s]
11954560it [05:53, 34801.21it/s]
11958042it [05:53, 34804.32it/s]
11961523it [05:53, 34755.50it/s]
11965005it [05:53, 34773.14it/s]
11968527it [05:53, 34906.10it/s]
11972046it [05:53, 34990.57it/s]
11975576it [05:53, 35080.52it/s]
11979104it [05:53, 35138.32it/s]
11982660it [05:53, 35263.10it/s]
11986216it [05:53, 35349.65it/s]
11989756it [05:54, 35364.23it/s]
11993298it [05:54, 35379.43it/s]
11996836it [05:54, 35352.66it/s]
12000384it [05:54, 35388.47it/s]
12003923it [05:54, 35374.70it/s]
12007465it [05:54, 35386.85it/s]
12011004it [05:54, 35359.39it/s]
12014540it [05:54, 35316.98it/s]
12018074it [05:54, 35323.03it/s]
12021607it [05:54, 35255.00it/s]
12025133it [05:55, 35164.47it/s]
12028650it [05:55, 35139.86it/s]
12032187it [05:55, 35208.24it/s]
12035711it [05:55, 35217.10it/s]
12039234it [05:55, 35218.46it/s]
12042756it [05:55, 35198.66it/s]
12046276it [05:55, 35188.14it/s]
12049795it [05:55, 35144.78it/s]
12053327it [05:55, 35196.14it/s]
12056867it [05:55, 35254.70it/s]
12060418it [05:56, 35330.93it/s]
12063959it [05:56, 35353.31it/s]
12067499it [05:56, 35364.67it/s]
12071046it [05:56, 35394.57it/s]
12074586it [05:56, 35353.51it/s]
12078122it [05:56, 35340.39it/s]
12081657it [05:56, 35302.87it/s]
12085188it [05:56, 35250.11it/s]
12088723it [05:56, 35279.22it/s]
12092274it [05:56, 35347.02it/s]
12095820it [05:57, 35379.45it/s]
12099358it [05:57, 35339.92it/s]
12102893it [05:57, 35314.57it/s]
12106435it [05:57, 35345.45it/s]
12109989it [05:57, 35400.78it/s]
12113530it [05:57, 35400.60it/s]
12117075it [05:57, 35414.78it/s]
12120617it [05:57, 35397.88it/s]
12124157it [05:57, 35365.79it/s]
12127694it [05:57, 35216.13it/s]
12131216it [05:58, 35135.13it/s]
12134730it [05:58, 35125.99it/s]
12138262it [05:58, 35182.56it/s]
12141816it [05:58, 35286.61it/s]
12145367it [05:58, 35351.05it/s]
12148932it [05:58, 35439.68it/s]
12152477it [05:58, 35409.05it/s]
12156031it [05:58, 35447.26it/s]
12159576it [05:58, 35413.62it/s]
12163118it [05:58, 35366.41it/s]
12166668it [05:59, 35403.23it/s]
12170209it [05:59, 35332.51it/s]
12173743it [05:59, 35243.25it/s]
12177268it [05:59, 35165.75it/s]
12180785it [05:59, 35078.15it/s]
12184293it [05:59, 35043.43it/s]
12187816it [05:59, 35097.22it/s]
12191326it [05:59, 35089.72it/s]
12194836it [05:59, 35086.50it/s]
12198345it [05:59, 35023.91it/s]
12201848it [06:00, 34993.75it/s]
12205348it [06:00, 34934.08it/s]
12208842it [06:00, 34863.88it/s]
12212333it [06:00, 34874.42it/s]
12215824it [06:00, 34881.52it/s]
12219318it [06:00, 34895.70it/s]
12222812it [06:00, 34907.29it/s]
12226314it [06:00, 34940.16it/s]
12229834it [06:00, 35016.49it/s]
12233344it [06:00, 35038.53it/s]
12236855it [06:01, 35059.37it/s]
12240361it [06:01, 35019.21it/s]
12243863it [06:01, 34975.72it/s]
12247361it [06:01, 34957.17it/s]
12250857it [06:01, 34943.53it/s]
12254375it [06:01, 35011.98it/s]
12257885it [06:01, 35037.49it/s]
12261389it [06:01, 35031.85it/s]
12264915it [06:01, 35099.36it/s]
12268425it [06:01, 35087.94it/s]
12271948it [06:02, 35129.14it/s]
12275474it [06:02, 35165.95it/s]
12278991it [06:02, 35127.97it/s]
12282528it [06:02, 35198.40it/s]
12286059it [06:02, 35230.81it/s]
12289597it [06:02, 35272.48it/s]
12293151it [06:02, 35351.95it/s]
12296687it [06:02, 35350.78it/s]
12300269it [06:02, 35489.97it/s]
12303822it [06:02, 35500.89it/s]
12307382it [06:03, 35528.78it/s]
12310935it [06:03, 35494.58it/s]
12314485it [06:03, 35492.18it/s]
12318035it [06:03, 35392.71it/s]
12321581it [06:03, 35411.69it/s]
12325138it [06:03, 35455.97it/s]
12328684it [06:03, 35329.01it/s]
12332218it [06:03, 35326.72it/s]
12335751it [06:03, 35262.22it/s]
12339278it [06:03, 35217.85it/s]
12342803it [06:04, 35225.67it/s]
12346368it [06:04, 35350.28it/s]
12349909it [06:04, 35366.71it/s]
12353465it [06:04, 35422.97it/s]
12357025it [06:04, 35474.55it/s]
12360573it [06:04, 35467.68it/s]
12364122it [06:04, 35471.89it/s]
12367670it [06:04, 35423.15it/s]
12371213it [06:04, 35306.63it/s]
12374744it [06:04, 35266.89it/s]
12378271it [06:05, 35109.39it/s]
12381783it [06:05, 35057.37it/s]
12385289it [06:05, 35021.05it/s]
12388792it [06:05, 34994.32it/s]
12392293it [06:05, 34995.48it/s]
12395793it [06:05, 34961.64it/s]
12399311it [06:05, 35025.37it/s]
12402814it [06:05, 35024.92it/s]
12406370it [06:05, 35182.28it/s]
12409889it [06:05, 35165.53it/s]
12413406it [06:06, 35163.39it/s]
12416923it [06:06, 35145.01it/s]
12420438it [06:06, 35107.93it/s]
12423949it [06:06, 35012.36it/s]
12427460it [06:06, 35040.18it/s]
12430965it [06:06, 35039.40it/s]
12434498it [06:06, 35125.71it/s]
12438074it [06:06, 35313.15it/s]
12441660it [06:06, 35473.99it/s]
12445208it [06:06, 35367.04it/s]
12448745it [06:07, 35358.68it/s]
12452284it [06:07, 35365.54it/s]
12455828it [06:07, 35385.03it/s]
12459370it [06:07, 35395.19it/s]
12462945it [06:07, 35500.65it/s]
12466496it [06:07, 35426.93it/s]
12470039it [06:07, 35362.12it/s]
12473602it [06:07, 35440.19it/s]
12477188it [06:07, 35563.31it/s]
12480745it [06:07, 35551.01it/s]
12484307it [06:08, 35570.14it/s]
12487865it [06:08, 35548.13it/s]
12491420it [06:08, 35473.30it/s]
12494968it [06:08, 35401.78it/s]
12498519it [06:08, 35431.93it/s]
12502071it [06:08, 35457.01it/s]
12505617it [06:08, 35402.88it/s]
12509158it [06:08, 35390.67it/s]
12512698it [06:08, 35370.04it/s]
12516236it [06:08, 35264.11it/s]
12519763it [06:09, 35244.78it/s]
12523288it [06:09, 35223.74it/s]
12526811it [06:09, 35209.07it/s]
12530332it [06:09, 35031.31it/s]
12533838it [06:09, 35036.54it/s]
12537353it [06:09, 35069.95it/s]
12540870it [06:09, 35097.24it/s]
12544397it [06:09, 35147.96it/s]
12547937it [06:09, 35221.95it/s]
12551483it [06:09, 35292.00it/s]
12555013it [06:10, 35218.58it/s]
12558535it [06:10, 35124.87it/s]
12562048it [06:10, 35043.47it/s]
12565553it [06:10, 35040.91it/s]
12569058it [06:10, 35004.74it/s]
12572559it [06:10, 34991.67it/s]
12576106it [06:10, 35133.98it/s]
12579649it [06:10, 35220.27it/s]
12583172it [06:10, 35185.46it/s]
12586691it [06:10, 35121.69it/s]
12590204it [06:11, 35086.09it/s]
12593713it [06:11, 35014.67it/s]
12597218it [06:11, 35023.27it/s]
12600752it [06:11, 35116.03it/s]
12604292it [06:11, 35199.99it/s]
12607813it [06:11, 35136.10it/s]
12611327it [06:11, 35060.23it/s]
12614834it [06:11, 35004.33it/s]
12618335it [06:11, 34986.21it/s]
12621842it [06:11, 35010.44it/s]
12625348it [06:12, 35024.19it/s]
12628866it [06:12, 35068.25it/s]
12632389it [06:12, 35115.68it/s]
12635940it [06:12, 35231.99it/s]
12639464it [06:12, 35169.46it/s]
12642981it [06:12, 35084.35it/s]
12646490it [06:12, 35061.42it/s]
12650030it [06:12, 35159.11it/s]
12653552it [06:12, 35175.57it/s]
12657070it [06:12, 35139.11it/s]
12660604it [06:13, 35197.93it/s]
12664135it [06:13, 35229.05it/s]
12667658it [06:13, 35176.76it/s]
12671178it [06:13, 35183.33it/s]
12674697it [06:13, 35181.19it/s]
12678225it [06:13, 35210.26it/s]
12681748it [06:13, 35213.70it/s]
12685270it [06:13, 35214.34it/s]
12688825it [06:13, 35312.89it/s]
12692369it [06:13, 35348.95it/s]
12695904it [06:14, 35248.70it/s]
12699429it [06:14, 35228.51it/s]
12702952it [06:14, 35208.61it/s]
12706473it [06:14, 35204.51it/s]
12709999it [06:14, 35219.43it/s]
12713541it [06:14, 35276.28it/s]
12717069it [06:14, 35173.28it/s]
12720587it [06:14, 35087.84it/s]
12724109it [06:14, 35125.28it/s]
12727635it [06:14, 35163.90it/s]
12731187it [06:15, 35269.21it/s]
12734737it [06:15, 35336.55it/s]
12738271it [06:15, 35314.55it/s]
12741814it [06:15, 35346.96it/s]
12745349it [06:15, 35250.19it/s]
12748875it [06:15, 35212.31it/s]
12752397it [06:15, 35193.91it/s]
12755929it [06:15, 35227.29it/s]
12759496it [06:15, 35357.39it/s]
12763043it [06:15, 35388.64it/s]
12766582it [06:16, 35337.62it/s]
12770116it [06:16, 35303.48it/s]
12773647it [06:16, 35230.86it/s]
12777172it [06:16, 35236.25it/s]
12780696it [06:16, 35201.19it/s]
12784217it [06:16, 35186.66it/s]
12787743it [06:16, 35206.04it/s]
12791265it [06:16, 35207.27it/s]
12794786it [06:16, 35086.05it/s]
12798295it [06:16, 35074.56it/s]
12801808it [06:17, 35088.78it/s]
12805317it [06:17, 35069.90it/s]
12808830it [06:17, 35086.33it/s]
12812358it [06:17, 35142.97it/s]
12815912it [06:17, 35261.49it/s]
12819470it [06:17, 35355.38it/s]
12823016it [06:17, 35384.05it/s]
12826584it [06:17, 35472.05it/s]
12830167it [06:17, 35576.77it/s]
12833741it [06:17, 35624.31it/s]
12837346it [06:18, 35749.09it/s]
12840924it [06:18, 35755.89it/s]
12844500it [06:18, 35751.51it/s]
12848076it [06:18, 35736.28it/s]
12851657it [06:18, 35756.15it/s]
12855241it [06:18, 35780.61it/s]
12858820it [06:18, 35774.48it/s]
12862398it [06:18, 35770.04it/s]
12865976it [06:18, 35757.59it/s]
12869560it [06:18, 35781.06it/s]
12873139it [06:19, 35731.43it/s]
12876713it [06:19, 35667.26it/s]
12880280it [06:19, 35569.57it/s]
12883838it [06:19, 35476.69it/s]
12887386it [06:19, 35414.79it/s]
12890935it [06:19, 35434.66it/s]
12894526it [06:19, 35575.88it/s]
12898084it [06:19, 35554.21it/s]
12901640it [06:19, 35519.14it/s]
12905210it [06:19, 35570.60it/s]
12908790it [06:20, 35636.17it/s]
12912358it [06:20, 35647.43it/s]
12915945it [06:20, 35712.32it/s]
12919532it [06:20, 35756.84it/s]
12923119it [06:20, 35788.12it/s]
12926713it [06:20, 35833.37it/s]
12930297it [06:20, 35828.30it/s]
12933880it [06:20, 35810.18it/s]
12937462it [06:20, 35785.25it/s]
12941041it [06:20, 35728.73it/s]
12944617it [06:21, 35736.83it/s]
12948191it [06:21, 35721.97it/s]
12951764it [06:21, 35668.12it/s]
12955331it [06:21, 35639.46it/s]
12958895it [06:21, 35575.36it/s]
12962460it [06:21, 35595.14it/s]
12966040it [06:21, 35653.26it/s]
12969611it [06:21, 35666.29it/s]
12973194it [06:21, 35713.12it/s]
12976784it [06:21, 35768.13it/s]
12980384it [06:22, 35835.20it/s]
12983968it [06:22, 35811.20it/s]
12987558it [06:22, 35836.83it/s]
12991159it [06:22, 35887.20it/s]
12994756it [06:22, 35909.03it/s]
12998347it [06:22, 35884.75it/s]
13001936it [06:22, 35879.52it/s]
13005527it [06:22, 35885.59it/s]
13009116it [06:22, 35822.74it/s]
13012708it [06:22, 35851.01it/s]
13016294it [06:23, 35852.77it/s]
13019880it [06:23, 35839.99it/s]
13023490it [06:23, 35916.45it/s]
13027089it [06:23, 35935.71it/s]
13030683it [06:23, 35876.04it/s]
13034271it [06:23, 35834.60it/s]
13037858it [06:23, 35842.01it/s]
13041462it [06:23, 35898.28it/s]
13045052it [06:23, 35871.90it/s]
13048651it [06:23, 35906.68it/s]
13052245it [06:24, 35914.98it/s]
13055849it [06:24, 35951.32it/s]
13059462it [06:24, 36003.49it/s]
13063063it [06:24, 35980.55it/s]
13066662it [06:24, 35840.53it/s]
13070247it [06:24, 35625.67it/s]
13073810it [06:24, 35619.88it/s]
13077386it [06:24, 35659.90it/s]
13080953it [06:24, 35659.04it/s]
13084520it [06:24, 35655.87it/s]
13088086it [06:25, 35576.45it/s]
13091651it [06:25, 35597.14it/s]
13095242it [06:25, 35688.35it/s]
13098811it [06:25, 35663.02it/s]
13102406it [06:25, 35747.85it/s]
13105993it [06:25, 35782.80it/s]
13109572it [06:25, 35783.74it/s]
13113164it [06:25, 35822.17it/s]
13116781it [06:25, 35924.79it/s]
13120392it [06:25, 35978.26it/s]
13123990it [06:26, 35911.36it/s]
13127582it [06:26, 35756.12it/s]
13131158it [06:26, 35656.41it/s]
13134724it [06:26, 35567.27it/s]
13138281it [06:26, 35447.65it/s]
13141826it [06:26, 35349.37it/s]
13145362it [06:26, 35258.88it/s]
13148888it [06:26, 35162.25it/s]
13152405it [06:26, 35086.91it/s]
13155933it [06:26, 35141.85it/s]
13159477it [06:27, 35229.83it/s]
13163032it [06:27, 35322.86it/s]
13166577it [06:27, 35358.61it/s]
13170114it [06:27, 35361.55it/s]
13173651it [06:27, 35323.51it/s]
13177184it [06:27, 35277.75it/s]
13180714it [06:27, 35282.08it/s]
13184290it [06:27, 35424.60it/s]
13187884it [06:27, 35577.08it/s]
13191442it [06:27, 35559.34it/s]
13194998it [06:28, 35552.48it/s]
13198569it [06:28, 35597.12it/s]
13202155it [06:28, 35673.42it/s]
13205723it [06:28, 35671.81it/s]
13209291it [06:28, 35655.97it/s]
13212857it [06:28, 35652.02it/s]
13216423it [06:28, 35630.17it/s]
13219987it [06:28, 35541.74it/s]
13223547it [06:28, 35557.51it/s]
13227103it [06:28, 35502.19it/s]
13230670it [06:29, 35551.74it/s]
13234260it [06:29, 35653.31it/s]
13237850it [06:29, 35724.41it/s]
13241423it [06:29, 35690.34it/s]
13244993it [06:29, 35603.04it/s]
13248554it [06:29, 35563.58it/s]
13252111it [06:29, 35557.34it/s]
13255695it [06:29, 35640.52it/s]
13259313it [06:29, 35800.71it/s]
13262906it [06:29, 35838.82it/s]
13266499it [06:30, 35863.86it/s]
13270086it [06:30, 35799.28it/s]
13273666it [06:30, 35728.94it/s]
13277253it [06:30, 35770.11it/s]
13280831it [06:30, 35673.98it/s]
13284399it [06:30, 35646.67it/s]
13287968it [06:30, 35658.09it/s]
13291534it [06:30, 35646.00it/s]
13295116it [06:30, 35696.34it/s]
13298686it [06:30, 35645.57it/s]
13302251it [06:31, 35621.96it/s]
13305814it [06:31, 35619.42it/s]
13309378it [06:31, 35623.97it/s]
13312941it [06:31, 35594.30it/s]
13316517it [06:31, 35640.87it/s]
13320082it [06:31, 35584.53it/s]
13323671it [06:31, 35675.45it/s]
13327272it [06:31, 35773.62it/s]
13330869it [06:31, 35830.65it/s]
13334461it [06:31, 35856.86it/s]
13338054it [06:32, 35878.03it/s]
13341654it [06:32, 35911.30it/s]
13345246it [06:32, 35846.18it/s]
13348834it [06:32, 35855.86it/s]
13352420it [06:32, 35813.15it/s]
13356002it [06:32, 35779.01it/s]
13359580it [06:32, 35746.14it/s]
13363155it [06:32, 35675.18it/s]
13366723it [06:32, 35674.29it/s]
13370301it [06:33, 35702.97it/s]
13373872it [06:33, 35693.08it/s]
13377447it [06:33, 35709.74it/s]
13381018it [06:33, 35671.74it/s]
13384586it [06:33, 35626.61it/s]
13388164it [06:33, 35671.02it/s]
13391739it [06:33, 35691.71it/s]
13395309it [06:33, 35686.17it/s]
13398878it [06:33, 35674.63it/s]
13402446it [06:33, 35658.95it/s]
13406025it [06:34, 35696.07it/s]
13409605it [06:34, 35725.30it/s]
13413178it [06:34, 35654.53it/s]
13416744it [06:34, 35550.69it/s]
13420300it [06:34, 35518.87it/s]
13423862it [06:34, 35547.43it/s]
13427427it [06:34, 35575.68it/s]
13431006it [06:34, 35638.95it/s]
13434570it [06:34, 35595.30it/s]
13438131it [06:34, 35595.95it/s]
13441691it [06:35, 35592.17it/s]
13445255it [06:35, 35604.78it/s]
13448816it [06:35, 35519.35it/s]
13452373it [06:35, 35533.56it/s]
13455928it [06:35, 35537.18it/s]
13459482it [06:35, 35528.41it/s]
13463035it [06:35, 35474.25it/s]
13466597it [06:35, 35515.80it/s]
13470149it [06:35, 35467.84it/s]
13473696it [06:35, 35373.72it/s]
13477234it [06:36, 35329.79it/s]
13480768it [06:36, 35326.38it/s]
13484317it [06:36, 35372.81it/s]
13487880it [06:36, 35448.68it/s]
13491425it [06:36, 35415.31it/s]
13494967it [06:36, 35349.27it/s]
13498502it [06:36, 35328.00it/s]
13502035it [06:36, 35269.00it/s]
13505573it [06:36, 35300.51it/s]
13509104it [06:36, 35295.35it/s]
13512657it [06:37, 35363.05it/s]
13516194it [06:37, 35353.85it/s]
13519750it [06:37, 35411.85it/s]
13523302it [06:37, 35442.40it/s]
13526847it [06:37, 35380.70it/s]
13530398it [06:37, 35418.25it/s]
13533944it [06:37, 35429.12it/s]
13537494it [06:37, 35449.44it/s]
13541054it [06:37, 35494.26it/s]
13544623it [06:37, 35551.85it/s]
13548205it [06:38, 35628.99it/s]
13551810it [06:38, 35753.73it/s]
13555401it [06:38, 35797.41it/s]
13558981it [06:38, 35776.40it/s]
13562560it [06:38, 35779.18it/s]
13566143it [06:38, 35791.00it/s]
13569723it [06:38, 35719.55it/s]
13573311it [06:38, 35767.28it/s]
13576888it [06:38, 35684.08it/s]
13580457it [06:38, 35612.08it/s]
13584019it [06:39, 35575.27it/s]
13587577it [06:39, 35478.00it/s]
13591125it [06:39, 35361.72it/s]
13594662it [06:39, 35233.76it/s]
13598186it [06:39, 35203.50it/s]
13601707it [06:39, 35127.80it/s]
13605240it [06:39, 35187.49it/s]
13608765it [06:39, 35203.70it/s]
13612286it [06:39, 35205.17it/s]
13615807it [06:39, 35200.24it/s]
13619328it [06:40, 35170.37it/s]
13622852it [06:40, 35188.47it/s]
13626390it [06:40, 35242.45it/s]
13629922it [06:40, 35264.82it/s]
13633449it [06:40, 35246.08it/s]
13637000it [06:40, 35322.62it/s]
13640594it [06:40, 35504.93it/s]
13644145it [06:40, 35455.03it/s]
13647700it [06:40, 35481.67it/s]
13651283it [06:40, 35585.21it/s]
13654881it [06:41, 35702.88it/s]
13658465it [06:41, 35743.22it/s]
13662053it [06:41, 35783.33it/s]
13665632it [06:41, 35777.89it/s]
13669218it [06:41, 35799.69it/s]
13672798it [06:41, 35703.52it/s]
13676369it [06:41, 35544.62it/s]
13679924it [06:41, 35448.19it/s]
13683469it [06:41, 35408.73it/s]
13687020it [06:41, 35435.93it/s]
13690564it [06:42, 35333.39it/s]
13694098it [06:42, 35333.01it/s]
13697632it [06:42, 35309.00it/s]
13701163it [06:42, 35242.26it/s]
13704696it [06:42, 35267.38it/s]
13708228it [06:42, 35282.18it/s]
13711757it [06:42, 35192.20it/s]
13715280it [06:42, 35201.23it/s]
13718831it [06:42, 35292.24it/s]
13722373it [06:42, 35328.83it/s]
13725910it [06:43, 35340.17it/s]
13729466it [06:43, 35404.46it/s]
13733007it [06:43, 35375.88it/s]
13736548it [06:43, 35385.51it/s]
13740087it [06:43, 35341.45it/s]
13743622it [06:43, 35325.83it/s]
13747166it [06:43, 35358.61it/s]
13750744it [06:43, 35482.81it/s]
13754303it [06:43, 35514.34it/s]
13757858it [06:43, 35524.31it/s]
13761411it [06:44, 35512.69it/s]
13764963it [06:44, 35399.35it/s]
13768504it [06:44, 35368.38it/s]
13772051it [06:44, 35397.99it/s]
13775619it [06:44, 35480.88it/s]
13779168it [06:44, 35411.58it/s]
13782710it [06:44, 35343.01it/s]
13786263it [06:44, 35398.12it/s]
13789803it [06:44, 35355.92it/s]
13793339it [06:44, 35319.17it/s]
13796871it [06:45, 35299.98it/s]
13800402it [06:45, 35234.23it/s]
13803945it [06:45, 35290.29it/s]
13807497it [06:45, 35357.84it/s]
13811033it [06:45, 35357.99it/s]
13814573it [06:45, 35368.49it/s]
13818116it [06:45, 35384.72it/s]
13821655it [06:45, 35374.27it/s]
13825203it [06:45, 35403.30it/s]
13828744it [06:45, 35390.92it/s]
13832284it [06:46, 35349.51it/s]
13835824it [06:46, 35364.32it/s]
13839371it [06:46, 35395.25it/s]
13842912it [06:46, 35398.79it/s]
13846468it [06:46, 35446.74it/s]
13850042it [06:46, 35533.25it/s]
13853596it [06:46, 35528.83it/s]
13857159it [06:46, 35556.46it/s]
13860715it [06:46, 35555.19it/s]
13864271it [06:46, 35547.14it/s]
13867826it [06:47, 35477.08it/s]
13871374it [06:47, 35451.44it/s]
13874928it [06:47, 35476.38it/s]
13878476it [06:47, 35476.28it/s]
13882028it [06:47, 35487.57it/s]
13885577it [06:47, 35483.26it/s]
13889153it [06:47, 35565.00it/s]
13892739it [06:47, 35652.30it/s]
13896333it [06:47, 35735.48it/s]
13899926it [06:47, 35791.37it/s]
13903519it [06:48, 35830.42it/s]
13907109it [06:48, 35850.43it/s]
13910695it [06:48, 35850.18it/s]
13914282it [06:48, 35853.21it/s]
13917868it [06:48, 35733.90it/s]
13921442it [06:48, 35679.63it/s]
13925027it [06:48, 35728.64it/s]
13928637it [06:48, 35838.17it/s]
13932267it [06:48, 35974.24it/s]
13935871it [06:48, 35991.54it/s]
13939471it [06:49, 35953.51it/s]
13943067it [06:49, 35846.77it/s]
13946672it [06:49, 35905.26it/s]
13950263it [06:49, 35886.79it/s]
13953864it [06:49, 35920.77it/s]
13957462it [06:49, 35937.42it/s]
13961056it [06:49, 35813.88it/s]
13964638it [06:49, 35729.08it/s]
13968213it [06:49, 35732.75it/s]
13971787it [06:49, 35622.32it/s]
13975350it [06:50, 35580.98it/s]
13978909it [06:50, 35573.72it/s]
13982467it [06:50, 35566.78it/s]
13986046it [06:50, 35632.55it/s]
13989616it [06:50, 35651.49it/s]
13993182it [06:50, 35648.70it/s]
13996747it [06:50, 35623.34it/s]
14000310it [06:50, 35599.93it/s]
14003871it [06:50, 35598.69it/s]
14007433it [06:50, 35601.75it/s]
14010999it [06:51, 35617.42it/s]
14014561it [06:51, 35570.83it/s]
14018135it [06:51, 35619.59it/s]
14021699it [06:51, 35623.78it/s]
14025262it [06:51, 35612.52it/s]
14028829it [06:51, 35626.43it/s]
14032392it [06:51, 35619.36it/s]
14035954it [06:51, 35615.54it/s]
14039522it [06:51, 35633.45it/s]
14043107it [06:51, 35696.64it/s]
14046715it [06:52, 35809.17it/s]
14050306it [06:52, 35838.29it/s]
14053890it [06:52, 35744.67it/s]
14057465it [06:52, 35537.75it/s]
14061020it [06:52, 35511.00it/s]
14064602it [06:52, 35602.16it/s]
14068163it [06:52, 35530.16it/s]
14071741it [06:52, 35603.30it/s]
14075316it [06:52, 35646.72it/s]
14078881it [06:52, 35642.07it/s]
14082476it [06:53, 35733.82it/s]
14086067it [06:53, 35785.12it/s]
14089657it [06:53, 35819.16it/s]
14093239it [06:53, 35688.54it/s]
14096808it [06:53, 35660.40it/s]
14100385it [06:53, 35690.40it/s]
14103963it [06:53, 35714.49it/s]
14107548it [06:53, 35753.92it/s]
14111131it [06:53, 35775.58it/s]
14114710it [06:53, 35779.53it/s]
14118322it [06:54, 35879.12it/s]
14121946it [06:54, 35986.09it/s]
14125553it [06:54, 36008.35it/s]
14129164it [06:54, 36037.56it/s]
14132769it [06:54, 36040.01it/s]
14136396it [06:54, 36108.16it/s]
14140007it [06:54, 36028.74it/s]
14143613it [06:54, 36037.03it/s]
14147221it [06:54, 36048.91it/s]
14150826it [06:54, 36036.86it/s]
14154436it [06:55, 36052.65it/s]
14158042it [06:55, 35962.17it/s]
14161639it [06:55, 35868.94it/s]
14165226it [06:55, 35793.32it/s]
14168807it [06:55, 35796.73it/s]
14172392it [06:55, 35809.89it/s]
14175974it [06:55, 35791.03it/s]
14179556it [06:55, 35798.16it/s]
14183136it [06:55, 35737.17it/s]
14186710it [06:55, 35683.27it/s]
14190279it [06:56, 35607.71it/s]
14193840it [06:56, 35529.00it/s]
14197406it [06:56, 35566.74it/s]
14200973it [06:56, 35595.84it/s]
14204533it [06:56, 35539.84it/s]
14208099it [06:56, 35574.28it/s]
14211657it [06:56, 35570.01it/s]
14215215it [06:56, 35521.94it/s]
14218784it [06:56, 35569.30it/s]
14222341it [06:56, 35541.77it/s]
14225915it [06:57, 35598.77it/s]
14229475it [06:57, 35593.60it/s]
14233043it [06:57, 35617.98it/s]
14236619it [06:57, 35658.86it/s]
14240185it [06:57, 35608.02it/s]
14243760it [06:57, 35649.19it/s]
14247325it [06:57, 35624.17it/s]
14250905it [06:57, 35675.00it/s]
14254481it [06:57, 35698.68it/s]
14258055it [06:57, 35708.07it/s]
14261626it [06:58, 35689.98it/s]
14265196it [06:58, 35670.63it/s]
14268764it [06:58, 35654.50it/s]
14272330it [06:58, 35541.65it/s]
14275885it [06:58, 35467.67it/s]
14279432it [06:58, 35434.71it/s]
14282998it [06:58, 35498.73it/s]
14286599it [06:58, 35649.76it/s]
14290176it [06:58, 35684.61it/s]
14293763it [06:58, 35739.33it/s]
14297337it [06:59, 35631.11it/s]
14300915it [06:59, 35674.78it/s]
14304496it [06:59, 35714.05it/s]
14308068it [06:59, 35698.97it/s]
14311656it [06:59, 35752.14it/s]
14315232it [06:59, 35697.85it/s]
14318802it [06:59, 35692.11it/s]
14322372it [06:59, 35693.57it/s]
14325942it [06:59, 35586.59it/s]
14329501it [06:59, 35581.02it/s]
14333060it [07:00, 35486.08it/s]
14336609it [07:00, 35447.89it/s]
14340181it [07:00, 35526.64it/s]
14343742it [07:00, 35549.50it/s]
14347327it [07:00, 35638.78it/s]
14350921it [07:00, 35727.80it/s]
14354498it [07:00, 35738.54it/s]
14358083it [07:00, 35769.69it/s]
14361679it [07:00, 35825.51it/s]
14365282it [07:00, 35883.62it/s]
14368881it [07:01, 35914.63it/s]
14372473it [07:01, 35846.81it/s]
14376058it [07:01, 35461.26it/s]
14379623it [07:01, 35515.16it/s]
14383207it [07:01, 35610.71it/s]
14386795it [07:01, 35689.51it/s]
14390365it [07:01, 34565.32it/s]
14393954it [07:01, 34951.10it/s]
14397553it [07:01, 35254.90it/s]
14401133it [07:01, 35413.29it/s]
14404718it [07:02, 35542.20it/s]
14408312it [07:02, 35659.99it/s]
14411880it [07:02, 35312.85it/s]
14415486it [07:02, 35533.59it/s]
14419093it [07:02, 35692.26it/s]
14422702it [07:02, 35808.30it/s]
14426327it [07:02, 35938.33it/s]
14429922it [07:02, 35297.96it/s]
14433549it [07:02, 35584.27it/s]
14437182it [07:02, 35802.90it/s]
14440782it [07:03, 35859.76it/s]
14444385it [07:03, 35908.77it/s]
14447977it [07:03, 35257.95it/s]
14451551it [07:03, 35398.99it/s]
14455128it [07:03, 35506.36it/s]
14458691it [07:03, 35542.65it/s]
14462272it [07:03, 35617.80it/s]
14465835it [07:03, 35061.08it/s]
14469440it [07:03, 35352.17it/s]
14473065it [07:04, 35617.60it/s]
14476675it [07:04, 35759.85it/s]
14480281it [07:04, 35847.27it/s]
14483867it [07:04, 35110.73it/s]
14487382it [07:04, 35109.73it/s]
14490908it [07:04, 35153.65it/s]
14494426it [07:04, 35158.56it/s]
14497960it [07:04, 35210.84it/s]
14501483it [07:04, 34550.55it/s]
14504969it [07:04, 34639.42it/s]
14508478it [07:05, 34771.84it/s]
14512000it [07:05, 34904.37it/s]
14515510it [07:05, 34959.90it/s]
14519007it [07:05, 34381.61it/s]
14522557it [07:05, 34709.99it/s]
14526086it [07:05, 34879.13it/s]
14529602it [07:05, 34959.89it/s]
14533100it [07:05, 34930.73it/s]
14536594it [07:05, 34598.06it/s]
14540072it [07:05, 34651.26it/s]
14543583it [07:06, 34785.03it/s]
14547109it [07:06, 34926.47it/s]
14550631it [07:06, 35013.44it/s]
14554133it [07:06, 34737.75it/s]
14557674it [07:06, 34935.49it/s]
14561206it [07:06, 35049.62it/s]
14564749it [07:06, 35162.55it/s]
14568266it [07:06, 34877.84it/s]
14571785it [07:06, 34969.31it/s]
14575283it [07:06, 34963.10it/s]
14578802it [07:07, 34790.19it/s]
14582305it [07:07, 34859.17it/s]
14585816it [07:07, 34932.76it/s]
14589324it [07:07, 34975.48it/s]
14592822it [07:07, 34694.53it/s]
14596395it [07:07, 35001.18it/s]
14599948it [07:07, 35158.57it/s]
14603485it [07:07, 35218.71it/s]
14607008it [07:07, 35046.00it/s]
14610550it [07:07, 35157.06it/s]
14614118it [07:08, 35311.77it/s]
14617650it [07:08, 35293.32it/s]
14621180it [07:08, 34501.36it/s]
14624714it [07:08, 34748.11it/s]
14628237it [07:08, 34889.80it/s]
14631768it [07:08, 35013.74it/s]
14635330it [07:08, 35193.79it/s]
14638851it [07:08, 34945.88it/s]
14642398it [07:08, 35099.85it/s]
14645937it [07:08, 35185.73it/s]
14649486it [07:09, 35274.17it/s]
14653014it [07:09, 33806.82it/s]
14656553it [07:09, 34265.03it/s]
14660103it [07:09, 34623.45it/s]
14663659it [07:09, 34897.71it/s]
14667255it [07:09, 35210.51it/s]
14670825it [07:09, 35353.88it/s]
14674394it [07:09, 35451.64it/s]
14677942it [07:09, 34665.68it/s]
14681459it [07:09, 34812.50it/s]
14684982it [07:10, 34935.38it/s]
14688537it [07:10, 35115.49it/s]
14692077it [07:10, 35197.97it/s]
14695636it [07:10, 35311.55it/s]
14699169it [07:10, 35169.30it/s]
14702707it [07:10, 35229.94it/s]
14706260it [07:10, 35317.59it/s]
14709809it [07:10, 35366.49it/s]
14713347it [07:10, 34077.01it/s]
14716925it [07:10, 34570.22it/s]
14720520it [07:11, 34973.46it/s]
14724067it [07:11, 35118.60it/s]
14727622it [07:11, 35246.09it/s]
14731184it [07:11, 35354.40it/s]
14734739it [07:11, 35410.51it/s]
14738282it [07:11, 34959.47it/s]
14741811it [07:11, 35056.91it/s]
14745346it [07:11, 35140.65it/s]
14748878it [07:11, 35193.63it/s]
14752417it [07:11, 35249.88it/s]
14755943it [07:12, 35095.95it/s]
14759497it [07:12, 35227.71it/s]
14763055it [07:12, 35330.01it/s]
14766604it [07:12, 35376.10it/s]
14770142it [07:12, 35058.55it/s]
14773676it [07:12, 35140.81it/s]
14777249it [07:12, 35314.62it/s]
14780788it [07:12, 35335.95it/s]
14784322it [07:12, 35112.80it/s]
14787913it [07:12, 35347.92it/s]
14791523it [07:13, 35570.26it/s]
14795116it [07:13, 35677.31it/s]
14798685it [07:13, 34839.19it/s]
14802250it [07:13, 35077.13it/s]
14805803it [07:13, 35210.09it/s]
14809363it [07:13, 35323.59it/s]
14812937it [07:13, 35446.24it/s]
14816501it [07:13, 35503.76it/s]
14820053it [07:13, 35198.09it/s]
14823603it [07:14, 35285.36it/s]
14827175it [07:14, 35413.41it/s]
14830718it [07:14, 34833.66it/s]
14834308it [07:14, 35148.48it/s]
14837875it [07:14, 35301.77it/s]
14841460it [07:14, 35464.69it/s]
14845047it [07:14, 35584.46it/s]
14848607it [07:14, 35249.19it/s]
14852188it [07:14, 35414.94it/s]
14855769it [07:14, 35531.24it/s]
14859343it [07:15, 35590.88it/s]
14862903it [07:15, 35335.03it/s]
14866490it [07:15, 35492.28it/s]
14870049it [07:15, 35519.18it/s]
14873603it [07:15, 35524.40it/s]
14877156it [07:15, 35039.38it/s]
14880737it [07:15, 35265.98it/s]
14884301it [07:15, 35376.66it/s]
14887869it [07:15, 35464.46it/s]
14891440it [07:15, 35535.40it/s]
14894995it [07:16, 34393.73it/s]
14898532it [07:16, 34676.97it/s]
14902060it [07:16, 34853.18it/s]
14905615it [07:16, 35058.93it/s]
14909166it [07:16, 35190.64it/s]
14912717it [07:16, 35284.39it/s]
14916267it [07:16, 35346.91it/s]
14919804it [07:16, 34750.95it/s]
14923333it [07:16, 34906.99it/s]
14926874it [07:16, 35054.98it/s]
14930431it [07:17, 35207.28it/s]
14933954it [07:17, 34491.51it/s]
14937456it [07:17, 34644.84it/s]
14940960it [07:17, 34761.26it/s]
14944513it [07:17, 34987.71it/s]
14948034it [07:17, 35052.86it/s]
14951546it [07:17, 35071.48it/s]
14955055it [07:17, 34588.03it/s]
14958590it [07:17, 34812.57it/s]
14962132it [07:17, 34991.03it/s]
14965654it [07:18, 35058.08it/s]
14969161it [07:18, 34377.92it/s]
14972687it [07:18, 34636.24it/s]
14976216it [07:18, 34827.51it/s]
14979739it [07:18, 34945.61it/s]
14983289it [07:18, 35109.66it/s]
14986814it [07:18, 35149.27it/s]
14990330it [07:18, 34379.54it/s]
14993834it [07:18, 34573.32it/s]
14997317it [07:18, 34648.47it/s]
15000824it [07:19, 34771.42it/s]
15004318it [07:19, 34819.27it/s]
15007802it [07:19, 34073.22it/s]
15011317it [07:19, 34387.64it/s]
15014819it [07:19, 34573.81it/s]
15018342it [07:19, 34766.87it/s]
15021861it [07:19, 34890.20it/s]
15025369it [07:19, 34945.70it/s]
15028865it [07:19, 34199.60it/s]
15032377it [07:19, 34469.95it/s]
15035897it [07:20, 34682.54it/s]
15039401it [07:20, 34786.96it/s]
15042882it [07:20, 34767.81it/s]
15046361it [07:20, 34099.15it/s]
15049869it [07:20, 34385.38it/s]
15053322it [07:20, 34425.43it/s]
15056770it [07:20, 34440.79it/s]
15060257it [07:20, 34567.42it/s]
15063715it [07:20, 33872.50it/s]
15067225it [07:20, 34233.26it/s]
15070715it [07:21, 34429.80it/s]
15074209it [07:21, 34579.75it/s]
15077701it [07:21, 34679.27it/s]
15081243it [07:21, 34896.87it/s]
15084734it [07:21, 34189.11it/s]
15088219it [07:21, 34383.59it/s]
15091699it [07:21, 34504.29it/s]
15095168it [07:21, 34559.26it/s]
15098650it [07:21, 34634.75it/s]
15102115it [07:22, 33924.45it/s]
15105611it [07:22, 34227.08it/s]
15109118it [07:22, 34473.89it/s]
15112623it [07:22, 34642.90it/s]
15116124it [07:22, 34749.84it/s]
15119628it [07:22, 34835.13it/s]
15123113it [07:22, 34000.93it/s]
15126586it [07:22, 34215.09it/s]
15130075it [07:22, 34414.34it/s]
15133571it [07:22, 34573.73it/s]
15137058it [07:23, 34659.88it/s]
15140526it [07:23, 33882.28it/s]
15144009it [07:23, 34158.05it/s]
15147483it [07:23, 34327.39it/s]
15150964it [07:23, 34470.20it/s]
15154432it [07:23, 34530.93it/s]
15157887it [07:23, 33778.10it/s]
15161365it [07:23, 34072.12it/s]
15164826it [07:23, 34229.14it/s]
15168279it [07:23, 34316.27it/s]
15171736it [07:24, 34390.31it/s]
15175177it [07:24, 34390.23it/s]
15178618it [07:24, 33573.95it/s]
15182081it [07:24, 33882.14it/s]
15185547it [07:24, 34109.29it/s]
15188974it [07:24, 34155.38it/s]
15192400it [07:24, 34185.42it/s]
15195821it [07:24, 33521.34it/s]
15199281it [07:24, 33836.10it/s]
15202742it [07:24, 34063.00it/s]
15206216it [07:25, 34261.70it/s]
15209670it [07:25, 34342.32it/s]
15213106it [07:25, 33650.35it/s]
15216569it [07:25, 33936.38it/s]
15220016it [07:25, 34092.40it/s]
15223429it [07:25, 34101.97it/s]
15226856it [07:25, 34150.38it/s]
15230278it [07:25, 34168.03it/s]
15233696it [07:25, 33398.63it/s]
15237125it [07:25, 33660.32it/s]
15240546it [07:26, 33821.39it/s]
15243964it [07:26, 33924.62it/s]
15247391it [07:26, 34026.21it/s]
15250796it [07:26, 34003.32it/s]
15254198it [07:26, 33181.45it/s]
15257586it [07:26, 33386.51it/s]
15261005it [07:26, 33622.95it/s]
15264431it [07:26, 33810.17it/s]
15267875it [07:26, 33994.41it/s]
15271277it [07:26, 33239.74it/s]
15274694it [07:27, 33511.93it/s]
15278127it [07:27, 33751.08it/s]
15281534it [07:27, 33842.37it/s]
15284923it [07:27, 33855.95it/s]
15288321it [07:27, 33890.24it/s]
15291712it [07:27, 33106.24it/s]
15295123it [07:27, 33399.75it/s]
15298543it [07:27, 33635.98it/s]
15301960it [07:27, 33794.13it/s]
15305378it [07:27, 33906.63it/s]
15308791it [07:28, 33971.09it/s]
15312190it [07:28, 33170.17it/s]
15315629it [07:28, 33528.01it/s]
15319052it [07:28, 33733.81it/s]
15322441it [07:28, 33777.75it/s]
15325833it [07:28, 33817.62it/s]
15329217it [07:28, 33065.78it/s]
15332628it [07:28, 33371.50it/s]
15336037it [07:28, 33581.66it/s]
15339402it [07:29, 33599.60it/s]
15342776it [07:29, 33639.25it/s]
15346151it [07:29, 33669.97it/s]
15349520it [07:29, 33558.80it/s]
15352909it [07:29, 33654.53it/s]
15356311it [07:29, 33761.78it/s]
15359708it [07:29, 33821.86it/s]
15363122it [07:29, 33914.53it/s]
15366552it [07:29, 34026.92it/s]
15369995it [07:29, 34145.30it/s]
15373429it [07:30, 34200.40it/s]
15376857it [07:30, 34222.02it/s]
15380280it [07:30, 34201.42it/s]
15383701it [07:30, 33829.39it/s]
15387130it [07:30, 33965.96it/s]
15390540it [07:30, 34002.95it/s]
15393962it [07:30, 34065.62it/s]
15397369it [07:30, 32981.22it/s]
15400795it [07:30, 33353.75it/s]
15404232it [07:30, 33652.11it/s]
15407648it [07:31, 33799.28it/s]
15411045it [07:31, 33848.50it/s]
15414496it [07:31, 34043.98it/s]
15417903it [07:31, 33617.57it/s]
15421323it [07:31, 33787.66it/s]
15424769it [07:31, 33987.30it/s]
15428181it [07:31, 34025.89it/s]
15431635it [07:31, 34177.05it/s]
15435054it [07:31, 33648.74it/s]
15438471it [07:31, 33800.34it/s]
15441869it [07:32, 33852.87it/s]
15445279it [07:32, 33922.29it/s]
15448705it [07:32, 34022.20it/s]
15452108it [07:32, 33615.65it/s]
15455548it [07:32, 33847.55it/s]
15459000it [07:32, 34044.90it/s]
15462408it [07:32, 34054.05it/s]
15465815it [07:32, 33730.51it/s]
15469250it [07:32, 33914.00it/s]
15472696it [07:32, 34073.60it/s]
15476135it [07:33, 34166.60it/s]
15479571it [07:33, 34221.66it/s]
15482994it [07:33, 33500.42it/s]
15486393it [07:33, 33641.65it/s]
15489801it [07:33, 33770.43it/s]
15493204it [07:33, 33845.39it/s]
15496613it [07:33, 33917.10it/s]
15500006it [07:33, 32942.99it/s]
15503445it [07:33, 33363.85it/s]
15506894it [07:33, 33693.60it/s]
15510340it [07:34, 33920.26it/s]
15513795it [07:34, 34106.97it/s]
15517251it [07:34, 34241.26it/s]
15520677it [07:34, 33509.35it/s]
15524062it [07:34, 33608.26it/s]
15527466it [07:34, 33735.17it/s]
15530872it [07:34, 33829.10it/s]
15534274it [07:34, 33884.93it/s]
15537667it [07:34, 33895.77it/s]
15541058it [07:34, 33337.70it/s]
15544430it [07:35, 33449.35it/s]
15547798it [07:35, 33516.33it/s]
15551173it [07:35, 33584.48it/s]
15554533it [07:35, 33126.77it/s]
15557877it [07:35, 33216.26it/s]
15561233it [07:35, 33317.63it/s]
15564590it [07:35, 33392.39it/s]
15567931it [07:35, 33171.24it/s]
15571271it [07:35, 33236.85it/s]
15574625it [07:35, 33325.63it/s]
15577996it [07:36, 33439.18it/s]
15581341it [07:36, 33209.52it/s]
15584700it [07:36, 33322.13it/s]
15588042it [07:36, 33350.72it/s]
15591400it [07:36, 33417.85it/s]
15594743it [07:36, 33267.18it/s]
15598137it [07:36, 33467.76it/s]
15601536it [07:36, 33620.50it/s]
15604915it [07:36, 33670.89it/s]
15608283it [07:36, 33422.25it/s]
15611658it [07:37, 33516.88it/s]
15615025it [07:37, 33561.80it/s]
15618382it [07:37, 33523.94it/s]
15621735it [07:37, 33376.38it/s]
15625095it [07:37, 33441.53it/s]
15628469it [07:37, 33529.19it/s]
15631823it [07:37, 32820.96it/s]
15635185it [07:37, 33055.89it/s]
15638572it [07:37, 33296.91it/s]
15641949it [07:37, 33434.75it/s]
15645326it [07:38, 33532.26it/s]
15648685it [07:38, 33548.18it/s]
15652041it [07:38, 33383.72it/s]
15655381it [07:38, 33371.02it/s]
15658742it [07:38, 33441.25it/s]
15662087it [07:38, 32104.12it/s]
15665401it [07:38, 32404.17it/s]
15668715it [07:38, 32619.46it/s]
15672043it [07:38, 32812.10it/s]
15675358it [07:39, 32909.64it/s]
15678684it [07:39, 33011.06it/s]
15681989it [07:39, 33019.56it/s]
15685293it [07:39, 32736.01it/s]
15688618it [07:39, 32885.99it/s]
15691943it [07:39, 32993.62it/s]
15695271it [07:39, 33078.74it/s]
15698613it [07:39, 33178.61it/s]
15701932it [07:39, 33052.53it/s]
15705254it [07:39, 33100.96it/s]
15708618it [07:40, 33259.91it/s]
15711945it [07:40, 32014.97it/s]
15715303it [07:40, 32470.64it/s]
15718686it [07:40, 32868.27it/s]
15722047it [07:40, 33087.01it/s]
15725405it [07:40, 33231.48it/s]
15728738it [07:40, 33257.60it/s]
15732104it [07:40, 33376.21it/s]
15735459it [07:40, 33426.27it/s]
15738803it [07:40, 33168.68it/s]
15742194it [07:41, 33388.31it/s]
15745581it [07:41, 33528.80it/s]
15748982it [07:41, 33669.09it/s]
15752350it [07:41, 32957.35it/s]
15755769it [07:41, 33319.47it/s]
15759144it [07:41, 33444.46it/s]
15762501it [07:41, 33480.70it/s]
15765863it [07:41, 33521.06it/s]
15769217it [07:41, 32974.20it/s]
15772569it [07:41, 33133.31it/s]
15775934it [07:42, 33285.85it/s]
15779275it [07:42, 33320.14it/s]
15782612it [07:42, 33332.02it/s]
15785947it [07:42, 33143.60it/s]
15789326it [07:42, 33335.84it/s]
15792696it [07:42, 33442.50it/s]
15796085it [07:42, 33576.00it/s]
15799444it [07:42, 33010.89it/s]
15802835it [07:42, 33275.99it/s]
15806218it [07:42, 33439.29it/s]
15809609it [07:43, 33578.20it/s]
15813005it [07:43, 33689.64it/s]
15816375it [07:43, 33485.73it/s]
15819790it [07:43, 33683.21it/s]
15823214it [07:43, 33847.42it/s]
15826622it [07:43, 33914.75it/s]
15830014it [07:43, 33415.42it/s]
15833417it [07:43, 33595.38it/s]
15836779it [07:43, 33564.91it/s]
15840137it [07:43, 33553.73it/s]
15843531it [07:44, 33666.47it/s]
15846899it [07:44, 33209.50it/s]
15850264it [07:44, 33339.56it/s]
15853633it [07:44, 33441.08it/s]
15857017it [07:44, 33557.42it/s]
15860374it [07:44, 32894.32it/s]
15863759it [07:44, 33175.16it/s]
15867154it [07:44, 33404.30it/s]
15870550it [07:44, 33568.92it/s]
15873948it [07:44, 33690.26it/s]
15877319it [07:45, 33163.18it/s]
15880697it [07:45, 33342.93it/s]
15884063it [07:45, 33436.53it/s]
15887435it [07:45, 33520.60it/s]
15890814it [07:45, 33600.41it/s]
15894175it [07:45, 33154.49it/s]
15897566it [07:45, 33375.32it/s]
15900936it [07:45, 33469.69it/s]
15904305it [07:45, 33535.12it/s]
15907660it [07:45, 33053.26it/s]
15911027it [07:46, 33234.18it/s]
15914384it [07:46, 33331.93it/s]
15917731it [07:46, 33370.88it/s]
15921102it [07:46, 33469.27it/s]
15924450it [07:46, 32982.78it/s]
15927805it [07:46, 33148.19it/s]
15931177it [07:46, 33317.34it/s]
15934550it [07:46, 33439.00it/s]
15937955it [07:46, 33620.30it/s]
15941318it [07:46, 33055.06it/s]
15944677it [07:47, 33210.41it/s]
15948053it [07:47, 33371.34it/s]
15951434it [07:47, 33499.43it/s]
15954801it [07:47, 33548.99it/s]
15958157it [07:47, 33062.52it/s]
15961527it [07:47, 33250.24it/s]
15964894it [07:47, 33373.01it/s]
15968275it [07:47, 33503.00it/s]
15971627it [07:47, 33042.06it/s]
15974968it [07:48, 33149.32it/s]
15978305it [07:48, 33213.80it/s]
15981634it [07:48, 33234.85it/s]
15984990it [07:48, 33329.38it/s]
15988324it [07:48, 32928.19it/s]
15991696it [07:48, 33162.01it/s]
15995048it [07:48, 33266.92it/s]
15998411it [07:48, 33374.06it/s]
16001760it [07:48, 33405.63it/s]
16005102it [07:48, 33014.07it/s]
16008496it [07:49, 33288.62it/s]
16011875it [07:49, 33435.57it/s]
16015235it [07:49, 33481.80it/s]
16018592it [07:49, 33507.48it/s]
16021944it [07:49, 33083.34it/s]
16025309it [07:49, 33249.85it/s]
16028669it [07:49, 33351.36it/s]
16032037it [07:49, 33446.65it/s]
16035383it [07:49, 32966.35it/s]
16038765it [07:49, 33216.91it/s]
16042122it [07:50, 33319.97it/s]
16045484it [07:50, 33407.66it/s]
16048842it [07:50, 33455.04it/s]
16052189it [07:50, 33001.37it/s]
16055547it [07:50, 33169.81it/s]
16058914it [07:50, 33315.19it/s]
16062281it [07:50, 33420.50it/s]
16065624it [07:50, 33330.46it/s]
16068958it [07:50, 32746.43it/s]
16072294it [07:50, 32925.84it/s]
16075649it [07:51, 33107.15it/s]
16079004it [07:51, 33235.57it/s]
16082356it [07:51, 33318.18it/s]
16085689it [07:51, 32761.73it/s]
16089024it [07:51, 32934.16it/s]
16092378it [07:51, 33112.43it/s]
16095745it [07:51, 33276.04it/s]
16099088it [07:51, 33320.65it/s]
16102421it [07:51, 32744.80it/s]
16105750it [07:51, 32903.10it/s]
16109057it [07:52, 32950.16it/s]
16112402it [07:52, 33098.52it/s]
16115714it [07:52, 32638.93it/s]
16119078it [07:52, 32934.55it/s]
16122444it [07:52, 33148.60it/s]
16125786it [07:52, 33228.30it/s]
16129143it [07:52, 33329.32it/s]
16132477it [07:52, 32822.21it/s]
16135826it [07:52, 33019.10it/s]
16139167it [07:52, 33132.57it/s]
16142513it [07:53, 33228.33it/s]
16145846it [07:53, 33256.52it/s]
16149173it [07:53, 32807.82it/s]
16152518it [07:53, 32997.27it/s]
16155867it [07:53, 33143.09it/s]
16159201it [07:53, 33199.20it/s]
16162562it [07:53, 33321.41it/s]
16165895it [07:53, 32822.44it/s]
16169226it [07:53, 32965.17it/s]
16172551it [07:53, 33047.74it/s]
16175907it [07:54, 33199.70it/s]
16179250it [07:54, 33267.14it/s]
16182603it [07:54, 33342.08it/s]
16185975it [07:54, 33454.87it/s]
16189367it [07:54, 33592.25it/s]
16192729it [07:54, 33599.47it/s]
16196090it [07:54, 33540.99it/s]
16199457it [07:54, 33579.08it/s]
16202823it [07:54, 33602.30it/s]
16206213it [07:54, 33689.56it/s]
16209584it [07:55, 33695.36it/s]
16212954it [07:55, 33645.98it/s]
16216319it [07:55, 33637.18it/s]
16219683it [07:55, 33590.02it/s]
16223043it [07:55, 33567.71it/s]
16226400it [07:55, 33552.71it/s]
16229756it [07:55, 33515.99it/s]
16233108it [07:55, 33440.16it/s]
16236471it [07:55, 33494.23it/s]
16239829it [07:55, 33518.77it/s]
16243185it [07:56, 33529.60it/s]
16246538it [07:56, 33521.42it/s]
16249891it [07:56, 33484.76it/s]
16253245it [07:56, 33498.09it/s]
16256613it [07:56, 33549.64it/s]
16259999it [07:56, 33639.82it/s]
16263363it [07:56, 33637.91it/s]
16266739it [07:56, 33671.40it/s]
16270124it [07:56, 33723.62it/s]
16273515it [07:56, 33778.78it/s]
16276911it [07:57, 33828.88it/s]
16280309it [07:57, 33872.69it/s]
16283697it [07:57, 33823.66it/s]
16287080it [07:57, 33753.52it/s]
16290464it [07:57, 33776.76it/s]
16293845it [07:57, 33785.21it/s]
16297226it [07:57, 33790.16it/s]
16300608it [07:57, 33796.89it/s]
16304007it [07:57, 33853.75it/s]
16307393it [07:57, 33797.82it/s]
16310773it [07:58, 33714.74it/s]
16314145it [07:58, 33713.77it/s]
16317521it [07:58, 33725.02it/s]
16320898it [07:58, 33737.06it/s]
16324303it [07:58, 33830.39it/s]
16327700it [07:58, 33870.20it/s]
16331107it [07:58, 33929.55it/s]
16334520it [07:58, 33988.75it/s]
16337919it [07:58, 33976.26it/s]
16341317it [07:58, 33967.24it/s]
16344714it [07:59, 33865.62it/s]
16348101it [07:59, 33862.38it/s]
16351488it [07:59, 33820.82it/s]
16354871it [07:59, 33760.28it/s]
16358248it [07:59, 33664.56it/s]
16361615it [07:59, 33641.78it/s]
16364980it [07:59, 33632.59it/s]
16368362it [07:59, 33687.43it/s]
16371731it [07:59, 33686.17it/s]
16375100it [07:59, 33602.38it/s]
16378467it [08:00, 33621.49it/s]
16381848it [08:00, 33676.02it/s]
16385219it [08:00, 33684.79it/s]
16388588it [08:00, 33624.93it/s]
16391951it [08:00, 33600.72it/s]
16395330it [08:00, 33655.29it/s]
16398700it [08:00, 33667.23it/s]
16402081it [08:00, 33709.62it/s]
16405452it [08:00, 33676.24it/s]
16408856it [08:00, 33784.83it/s]
16412251it [08:01, 33832.30it/s]
16415647it [08:01, 33869.65it/s]
16419034it [08:01, 33841.02it/s]
16422441it [08:01, 33908.04it/s]
16425851it [08:01, 33962.59it/s]
16429248it [08:01, 33955.26it/s]
16432665it [08:01, 34019.09it/s]
16436067it [08:01, 34005.15it/s]
16439468it [08:01, 33961.85it/s]
16442865it [08:01, 33922.16it/s]
16446266it [08:02, 33946.05it/s]
16449668it [08:02, 33967.32it/s]
16453075it [08:02, 33997.33it/s]
16456475it [08:02, 33957.53it/s]
16459871it [08:02, 33833.40it/s]
16463255it [08:02, 33802.76it/s]
16466654it [08:02, 33856.09it/s]
16470077it [08:02, 33967.37it/s]
16473487it [08:02, 34004.24it/s]
16476905it [08:02, 34056.40it/s]
16480312it [08:03, 34059.69it/s]
16483719it [08:03, 34059.91it/s]
16487126it [08:03, 34004.09it/s]
16490527it [08:03, 33956.57it/s]
16493923it [08:03, 33882.01it/s]
16497312it [08:03, 33877.11it/s]
16500703it [08:03, 33885.52it/s]
16504092it [08:03, 33882.71it/s]
16507481it [08:03, 33824.42it/s]
16510873it [08:03, 33851.96it/s]
16514273it [08:04, 33895.10it/s]
16517663it [08:04, 33845.12it/s]
16521069it [08:04, 33905.97it/s]
16524483it [08:04, 33975.12it/s]
16527881it [08:04, 33891.69it/s]
16531271it [08:04, 33837.04it/s]
16534657it [08:04, 33842.01it/s]
16538042it [08:04, 33720.09it/s]
16541415it [08:04, 33696.49it/s]
16544792it [08:04, 33717.42it/s]
16548179it [08:05, 33762.61it/s]
16551596it [08:05, 33883.52it/s]
16554993it [08:05, 33908.40it/s]
16558392it [08:05, 33932.00it/s]
16561786it [08:05, 33890.20it/s]
16565189it [08:05, 33930.68it/s]
16568586it [08:05, 33941.99it/s]
16571991it [08:05, 33971.59it/s]
16575389it [08:05, 33957.76it/s]
16578800it [08:05, 34000.78it/s]
16582234it [08:06, 34100.48it/s]
16585664it [08:06, 34158.07it/s]
16589080it [08:06, 34118.80it/s]
16592492it [08:06, 34109.15it/s]
16595903it [08:06, 34071.75it/s]
16599311it [08:06, 34017.96it/s]
16602723it [08:06, 34045.89it/s]
16606177it [08:06, 34193.49it/s]
16609597it [08:06, 34154.26it/s]
16613015it [08:06, 34160.20it/s]
16616443it [08:07, 34194.30it/s]
16619863it [08:07, 34176.58it/s]
16623297it [08:07, 34224.49it/s]
16626720it [08:07, 34157.21it/s]
16630142it [08:07, 34173.26it/s]
16633560it [08:07, 34069.80it/s]
16636968it [08:07, 33962.87it/s]
16640376it [08:07, 33997.26it/s]
16643793it [08:07, 34047.86it/s]
16647201it [08:07, 34056.66it/s]
16650607it [08:08, 33930.00it/s]
16654001it [08:08, 33870.15it/s]
16657389it [08:08, 33867.26it/s]
16660794it [08:08, 33920.49it/s]
16664211it [08:08, 33993.50it/s]
16667617it [08:08, 34013.04it/s]
16671045it [08:08, 34091.25it/s]
16674479it [08:08, 34164.15it/s]
16677921it [08:08, 34240.58it/s]
16681351it [08:08, 34256.30it/s]
16684777it [08:09, 34175.85it/s]
16688195it [08:09, 34154.18it/s]
16691611it [08:09, 34075.50it/s]
16695019it [08:09, 34041.61it/s]
16698424it [08:09, 34020.01it/s]
16701827it [08:09, 33988.09it/s]
16705226it [08:09, 33980.91it/s]
16708637it [08:09, 34017.73it/s]
16712054it [08:09, 34061.41it/s]
16715476it [08:09, 34107.81it/s]
16718949it [08:10, 34292.48it/s]
16722417it [08:10, 34407.45it/s]
16725858it [08:10, 34395.81it/s]
16729298it [08:10, 34361.92it/s]
16732735it [08:10, 34239.74it/s]
16736160it [08:10, 34238.13it/s]
16739584it [08:10, 34160.24it/s]
16743001it [08:10, 34066.31it/s]
16746408it [08:10, 34018.68it/s]
16749810it [08:11, 33959.01it/s]
16753226it [08:11, 34017.62it/s]
16756630it [08:11, 34022.02it/s]
16760074it [08:11, 34146.83it/s]
16763516it [08:11, 34226.47it/s]
16766959it [08:11, 34284.22it/s]
16770425it [08:11, 34394.24it/s]
16773865it [08:11, 34297.08it/s]
16777295it [08:11, 34155.06it/s]
16780711it [08:11, 34088.44it/s]
16784122it [08:12, 34094.58it/s]
16787558it [08:12, 34171.05it/s]
16790978it [08:12, 34179.39it/s]
16794421it [08:12, 34253.94it/s]
16797862it [08:12, 34299.96it/s]
16801331it [08:12, 34414.15it/s]
16804791it [08:12, 34468.25it/s]
16808270it [08:12, 34563.36it/s]
16811758it [08:12, 34657.21it/s]
16815231it [08:12, 34675.83it/s]
16818699it [08:13, 34670.00it/s]
16822182it [08:13, 34717.25it/s]
16825654it [08:13, 34694.32it/s]
16829127it [08:13, 34702.49it/s]
16832599it [08:13, 34707.08it/s]
16836070it [08:13, 34690.95it/s]
16839540it [08:13, 34590.54it/s]
16843000it [08:13, 34497.05it/s]
16846454it [08:13, 34508.35it/s]
16849927it [08:13, 34572.56it/s]
16853404it [08:14, 34628.94it/s]
16856884it [08:14, 34679.18it/s]
16860367it [08:14, 34722.16it/s]
16863868it [08:14, 34805.30it/s]
16867349it [08:14, 34761.37it/s]
16870826it [08:14, 34752.40it/s]
16874302it [08:14, 34686.59it/s]
16877777it [08:14, 34704.17it/s]
16881248it [08:14, 34694.48it/s]
16884728it [08:14, 34723.30it/s]
16888201it [08:15, 34632.47it/s]
16891665it [08:15, 34494.43it/s]
16895144it [08:15, 34582.21it/s]
16898637it [08:15, 34683.79it/s]
16902106it [08:15, 34649.17it/s]
16905581it [08:15, 34678.37it/s]
16909052it [08:15, 34686.91it/s]
16912521it [08:15, 34669.07it/s]
16915994it [08:15, 34686.15it/s]
16919467it [08:15, 34698.81it/s]
16922937it [08:16, 34689.01it/s]
16926406it [08:16, 34522.57it/s]
16929859it [08:16, 34480.68it/s]
16933308it [08:16, 34475.42it/s]
16936777it [08:16, 34536.53it/s]
16940241it [08:16, 34566.38it/s]
16943729it [08:16, 34659.90it/s]
16947232it [08:16, 34768.18it/s]
16950753it [08:16, 34900.31it/s]
16954260it [08:16, 34948.85it/s]
16957770it [08:17, 34992.36it/s]
16961303it [08:17, 35092.58it/s]
16964833it [08:17, 35153.74it/s]
16968349it [08:17, 35139.90it/s]
16971864it [08:17, 35092.78it/s]
16975374it [08:17, 35076.84it/s]
16978882it [08:17, 35027.00it/s]
16982391it [08:17, 35043.38it/s]
16985902it [08:17, 35062.47it/s]
16989413it [08:17, 35075.65it/s]
16992921it [08:18, 35058.37it/s]
16996433it [08:18, 35075.95it/s]
16999941it [08:18, 35026.62it/s]
17003444it [08:18, 35015.22it/s]
17006946it [08:18, 34974.71it/s]
17010453it [08:18, 35002.58it/s]
17013955it [08:18, 35005.41it/s]
17017461it [08:18, 35019.23it/s]
17020963it [08:18, 35003.08it/s]
17024464it [08:18, 34919.64it/s]
17027957it [08:19, 34904.97it/s]
17031448it [08:19, 34876.76it/s]
17034936it [08:19, 34832.63it/s]
17038450it [08:19, 34922.92it/s]
17041943it [08:19, 34876.64it/s]
17045439it [08:19, 34899.91it/s]
17048930it [08:19, 34827.13it/s]
17052413it [08:19, 34716.82it/s]
17055885it [08:19, 34637.51it/s]
17059357it [08:19, 34661.29it/s]
17062824it [08:20, 34632.45it/s]
17066317it [08:20, 34720.65it/s]
17069790it [08:20, 34701.91it/s]
17073275it [08:20, 34744.65it/s]
17076750it [08:20, 34658.06it/s]
17080216it [08:20, 34610.41it/s]
17083678it [08:20, 34568.83it/s]
17087147it [08:20, 34602.65it/s]
17090608it [08:20, 34547.55it/s]
17094079it [08:20, 34595.75it/s]
17097543it [08:21, 34606.93it/s]
17101017it [08:21, 34645.99it/s]
17104505it [08:21, 34713.19it/s]
17107997it [08:21, 34772.39it/s]
17111475it [08:21, 34706.72it/s]
17114946it [08:21, 34597.59it/s]
17118406it [08:21, 34542.90it/s]
17121863it [08:21, 34550.02it/s]
17125327it [08:21, 34574.84it/s]
17128804it [08:21, 34629.61it/s]
17132274it [08:22, 34647.56it/s]
17135739it [08:22, 34647.12it/s]
17139221it [08:22, 34697.79it/s]
17142710it [08:22, 34753.05it/s]
17146191it [08:22, 34769.24it/s]
17149668it [08:22, 34764.48it/s]
17153152it [08:22, 34784.58it/s]
17156631it [08:22, 34766.95it/s]
17160108it [08:22, 34755.00it/s]
17163592it [08:22, 34777.76it/s]
17167092it [08:23, 34841.59it/s]
17170577it [08:23, 34808.21it/s]
17174083it [08:23, 34880.82it/s]
17177572it [08:23, 34870.20it/s]
17181060it [08:23, 34782.31it/s]
17184539it [08:23, 34776.78it/s]
17188017it [08:23, 34766.29it/s]
17191498it [08:23, 34775.64it/s]
17194992it [08:23, 34822.07it/s]
17198490it [08:23, 34869.07it/s]
17201977it [08:24, 34854.63it/s]
17205467it [08:24, 34867.87it/s]
17208954it [08:24, 34828.48it/s]
17212437it [08:24, 34780.72it/s]
17215916it [08:24, 34700.90it/s]
17219387it [08:24, 34564.21it/s]
17222844it [08:24, 34508.64it/s]
17226297it [08:24, 34514.57it/s]
17229749it [08:24, 34498.98it/s]
17233206it [08:24, 34518.10it/s]
17236658it [08:25, 34506.09it/s]
17240117it [08:25, 34528.74it/s]
17243583it [08:25, 34565.67it/s]
17247040it [08:25, 34543.37it/s]
17250495it [08:25, 34416.37it/s]
17253937it [08:25, 34349.83it/s]
17257373it [08:25, 34277.38it/s]
17260804it [08:25, 34286.75it/s]
17264251it [08:25, 34339.88it/s]
17267686it [08:25, 34265.24it/s]
17271113it [08:26, 34247.80it/s]
17274538it [08:26, 34196.06it/s]
17277958it [08:26, 34193.54it/s]
17281383it [08:26, 34209.99it/s]
17284805it [08:26, 34190.41it/s]
17288234it [08:26, 34217.44it/s]
17291656it [08:26, 34206.46it/s]
17295077it [08:26, 34195.66it/s]
17298497it [08:26, 34139.20it/s]
17301939it [08:26, 34221.54it/s]
17305388it [08:27, 34298.82it/s]
17308841it [08:27, 34365.17it/s]
17312313it [08:27, 34469.45it/s]
17315793it [08:27, 34567.66it/s]
17319278it [08:27, 34650.05it/s]
17322771it [08:27, 34733.20it/s]
17326245it [08:27, 34727.43it/s]
17329718it [08:27, 34722.08it/s]
17333198it [08:27, 34742.15it/s]
17336673it [08:27, 34743.60it/s]
17340158it [08:28, 34775.27it/s]
17343648it [08:28, 34811.97it/s]
17347136it [08:28, 34830.42it/s]
17350624it [08:28, 34842.98it/s]
17354117it [08:28, 34866.35it/s]
17357604it [08:28, 34851.75it/s]
17361090it [08:28, 34834.76it/s]
17364593it [08:28, 34892.98it/s]
17368084it [08:28, 34896.37it/s]
17371574it [08:28, 34885.45it/s]
17375063it [08:29, 34811.02it/s]
17378545it [08:29, 34791.19it/s]
17382025it [08:29, 34763.68it/s]
17385516it [08:29, 34806.19it/s]
17389009it [08:29, 34842.67it/s]
17392521it [08:29, 34924.53it/s]
17396014it [08:29, 34862.76it/s]
17399510it [08:29, 34889.38it/s]
17402999it [08:29, 34785.56it/s]
17406478it [08:29, 34770.38it/s]
17409976it [08:30, 34830.84it/s]
17413507it [08:30, 34971.65it/s]
17417032it [08:30, 35053.18it/s]
17420558it [08:30, 35114.30it/s]
17424100it [08:30, 35203.27it/s]
17427632it [08:30, 35237.90it/s]
17431156it [08:30, 35205.57it/s]
17434677it [08:30, 35203.01it/s]
17438198it [08:30, 35151.37it/s]
17441720it [08:30, 35169.90it/s]
17445265it [08:31, 35252.51it/s]
17448791it [08:31, 35192.49it/s]
17452311it [08:31, 35144.37it/s]
17455826it [08:31, 35132.78it/s]
17459356it [08:31, 35180.93it/s]
17462901it [08:31, 35258.65it/s]
17466447it [08:31, 35318.63it/s]
17469979it [08:31, 35282.36it/s]
17473512it [08:31, 35295.61it/s]
17477042it [08:31, 35289.52it/s]
17480571it [08:32, 35260.32it/s]
17484107it [08:32, 35289.26it/s]
17487636it [08:32, 35267.16it/s]
17491163it [08:32, 35262.53it/s]
17494693it [08:32, 35270.92it/s]
17498239it [08:32, 35325.32it/s]
17501774it [08:32, 35330.76it/s]
17505308it [08:32, 35279.69it/s]
17508839it [08:32, 35288.45it/s]
17512368it [08:32, 35263.80it/s]
17515906it [08:33, 35295.98it/s]
17519441it [08:33, 35308.53it/s]
17522972it [08:33, 35193.74it/s]
17526496it [08:33, 35205.03it/s]
17530039it [08:33, 35269.22it/s]
17533587it [08:33, 35331.54it/s]
17537121it [08:33, 35271.89it/s]
17540664it [08:33, 35318.63it/s]
17544197it [08:33, 35319.90it/s]
17547730it [08:33, 35315.93it/s]
17551262it [08:34, 35267.86it/s]
17554789it [08:34, 35226.95it/s]
17558312it [08:34, 35205.25it/s]
17561833it [08:34, 35128.71it/s]
17565353it [08:34, 35148.92it/s]
17568868it [08:34, 35131.97it/s]
17572401it [08:34, 35188.50it/s]
17575955it [08:34, 35290.60it/s]
17579486it [08:34, 35296.02it/s]
17583031it [08:34, 35339.59it/s]
17586572it [08:35, 35359.68it/s]
17590116it [08:35, 35383.34it/s]
17593655it [08:35, 35318.05it/s]
17597187it [08:35, 35288.60it/s]
17600716it [08:35, 35282.08it/s]
17604245it [08:35, 35234.98it/s]
17607769it [08:35, 35199.95it/s]
17611290it [08:35, 35125.12it/s]
17614803it [08:35, 35063.48it/s]
17618318it [08:35, 35086.21it/s]
17621843it [08:36, 35133.26it/s]
17625370it [08:36, 35171.86it/s]
17628888it [08:36, 35136.21it/s]
17632402it [08:36, 35092.52it/s]
17635912it [08:36, 35083.83it/s]
17639421it [08:36, 35006.39it/s]
17642926it [08:36, 35019.10it/s]
17646428it [08:36, 34956.15it/s]
17649924it [08:36, 34810.17it/s]
17653406it [08:36, 34758.19it/s]
17656916it [08:37, 34858.00it/s]
17660428it [08:37, 34934.05it/s]
17663955it [08:37, 35031.16it/s]
17667471it [08:37, 35067.68it/s]
17670978it [08:37, 35050.08it/s]
17674501it [08:37, 35101.12it/s]
17678036it [08:37, 35175.12it/s]
17681554it [08:37, 35170.31it/s]
17685072it [08:37, 35160.43it/s]
17688589it [08:37, 35006.60it/s]
17692090it [08:38, 34989.02it/s]
17695590it [08:38, 34965.13it/s]
17699087it [08:38, 34956.50it/s]
17702583it [08:38, 34931.13it/s]
17706077it [08:38, 34929.33it/s]
17709570it [08:38, 34875.39it/s]
17713079it [08:38, 34936.38it/s]
17716640it [08:38, 35135.76it/s]
17720182it [08:38, 35218.86it/s]
17723720it [08:38, 35265.25it/s]
17727271it [08:39, 35336.87it/s]
17730805it [08:39, 35317.40it/s]
17734337it [08:39, 35272.03it/s]
17737865it [08:39, 35253.20it/s]
17741398it [08:39, 35274.18it/s]
17744926it [08:39, 35260.79it/s]
17748458it [08:39, 35275.24it/s]
17751996it [08:39, 35305.17it/s]
17755532it [08:39, 35319.22it/s]
17759064it [08:39, 35236.86it/s]
17762596it [08:40, 35261.18it/s]
17766136it [08:40, 35301.39it/s]
17769667it [08:40, 35231.76it/s]
17773198it [08:40, 35253.08it/s]
17776724it [08:40, 35240.09it/s]
17780249it [08:40, 35231.54it/s]
17783773it [08:40, 35218.86it/s]
17787303it [08:40, 35239.94it/s]
17790828it [08:40, 35209.75it/s]
17794388it [08:40, 35325.38it/s]
17797925it [08:41, 35338.08it/s]
17801459it [08:41, 35295.85it/s]
17804990it [08:41, 35298.31it/s]
17808525it [08:41, 35310.68it/s]
17812069it [08:41, 35347.87it/s]
17815612it [08:41, 35371.65it/s]
17819157it [08:41, 35393.68it/s]
17822717it [08:41, 35453.85it/s]
17826279it [08:41, 35502.47it/s]
17829831it [08:41, 35505.53it/s]
17833382it [08:42, 35497.72it/s]
17836945it [08:42, 35536.59it/s]
17840499it [08:42, 35337.89it/s]
17844046it [08:42, 35374.52it/s]
17847584it [08:42, 35338.14it/s]
17851138it [08:42, 35397.20it/s]
17854705it [08:42, 35478.46it/s]
17858282it [08:42, 35564.31it/s]
17861879it [08:42, 35682.97it/s]
17865448it [08:42, 35648.20it/s]
17869013it [08:43, 35509.36it/s]
17872565it [08:43, 35429.15it/s]
17876117it [08:43, 35455.77it/s]
17879663it [08:43, 35442.84it/s]
17883208it [08:43, 35413.08it/s]
17886750it [08:43, 35410.13it/s]
17890292it [08:43, 35375.38it/s]
17893830it [08:43, 35312.34it/s]
17897375it [08:43, 35350.84it/s]
17900911it [08:43, 35327.34it/s]
17904461it [08:44, 35378.47it/s]
17908026it [08:44, 35458.44it/s]
17911597it [08:44, 35531.18it/s]
17915178it [08:44, 35612.05it/s]
17918775it [08:44, 35718.52it/s]
17922356it [08:44, 35743.77it/s]
17925949it [08:44, 35798.81it/s]
17929529it [08:44, 35684.83it/s]
17933098it [08:44, 35578.93it/s]
17936663it [08:44, 35597.21it/s]
17940247it [08:45, 35669.45it/s]
17943815it [08:45, 35582.11it/s]
17947374it [08:45, 35537.73it/s]
17950937it [08:45, 35563.99it/s]
17954494it [08:45, 35531.49it/s]
17958049it [08:45, 35536.43it/s]
17961603it [08:45, 35479.62it/s]
17965157it [08:45, 35496.03it/s]
17968708it [08:45, 35497.08it/s]
17972265it [08:45, 35515.92it/s]
17975817it [08:46, 35485.40it/s]
17979366it [08:46, 35420.40it/s]
17982916it [08:46, 35443.00it/s]
17986492it [08:46, 35536.77it/s]
17990056it [08:46, 35564.89it/s]
17993613it [08:46, 35522.44it/s]
17997182it [08:46, 35570.76it/s]
18000740it [08:46, 35449.41it/s]
18004286it [08:46, 35449.35it/s]
18007832it [08:46, 35447.24it/s]
18011384it [08:47, 35467.39it/s]
18014931it [08:47, 35434.11it/s]
18018510it [08:47, 35540.27it/s]
18022091it [08:47, 35617.78it/s]
18025660it [08:47, 35636.38it/s]
18029224it [08:47, 35601.49it/s]
18032785it [08:47, 35601.99it/s]
18036348it [08:47, 35608.92it/s]
18039909it [08:47, 35593.58it/s]
18043469it [08:47, 35562.73it/s]
18047028it [08:48, 35569.33it/s]
18050587it [08:48, 35572.84it/s]
18054145it [08:48, 35534.08it/s]
18057712it [08:48, 35571.87it/s]
18061278it [08:48, 35596.79it/s]
18064856it [08:48, 35650.02it/s]
18068454it [08:48, 35748.44it/s]
18072042it [08:48, 35785.27it/s]
18075627it [08:48, 35803.26it/s]
18079208it [08:48, 35755.10it/s]
18082784it [08:49, 35682.37it/s]
18086353it [08:49, 35645.74it/s]
18089918it [08:49, 35605.97it/s]
18093479it [08:49, 35571.83it/s]
18097069it [08:49, 35668.40it/s]
18100649it [08:49, 35705.12it/s]
18104238it [08:49, 35759.96it/s]
18107815it [08:49, 35734.61it/s]
18111407it [08:49, 35788.46it/s]
18114986it [08:49, 35767.05it/s]
18118563it [08:50, 35646.40it/s]
18122128it [08:50, 35610.01it/s]
18125690it [08:50, 35554.18it/s]
18129246it [08:50, 35468.54it/s]
18132793it [08:50, 35391.05it/s]
18136343it [08:50, 35422.19it/s]
18139892it [08:50, 35440.06it/s]
18143441it [08:50, 35452.87it/s]
18146990it [08:50, 35463.11it/s]
18150546it [08:50, 35491.04it/s]
18154114it [08:51, 35547.21it/s]
18157689it [08:51, 35607.44it/s]
18161250it [08:51, 35585.14it/s]
18164809it [08:51, 35571.30it/s]
18168367it [08:51, 35550.72it/s]
18171923it [08:51, 35548.56it/s]
18175480it [08:51, 35553.42it/s]
18179046it [08:51, 35584.11it/s]
18182620it [08:51, 35630.33it/s]
18186205it [08:51, 35695.51it/s]
18189775it [08:52, 35676.84it/s]
18193343it [08:52, 35589.82it/s]
18196904it [08:52, 35594.40it/s]
18200474it [08:52, 35625.30it/s]
18204062it [08:52, 35698.38it/s]
18207658it [08:52, 35776.22it/s]
18211236it [08:52, 35767.16it/s]
18214821it [08:52, 35789.07it/s]
18218400it [08:52, 35709.78it/s]
18221972it [08:52, 35625.44it/s]
18225535it [08:53, 35616.48it/s]
18229106it [08:53, 35643.89it/s]
18232673it [08:53, 35649.15it/s]
18236238it [08:53, 35564.05it/s]
18239795it [08:53, 35501.35it/s]
18243346it [08:53, 35490.18it/s]
18246909it [08:53, 35529.45it/s]
18250471it [08:53, 35556.25it/s]
18254027it [08:53, 35514.73it/s]
18257581it [08:53, 35520.59it/s]
18261134it [08:54, 35484.08it/s]
18264685it [08:54, 35490.81it/s]
18268235it [08:54, 35477.86it/s]
18271783it [08:54, 35474.51it/s]
18275336it [08:54, 35488.08it/s]
18278885it [08:54, 35485.80it/s]
18282439it [08:54, 35501.02it/s]
18286017it [08:54, 35581.92it/s]
18289576it [08:54, 35550.19it/s]
18293132it [08:54, 35499.21it/s]
18296682it [08:55, 35443.32it/s]
18300227it [08:55, 35326.42it/s]
18303761it [08:55, 35328.88it/s]
18307294it [08:55, 35316.73it/s]
18310835it [08:55, 35342.49it/s]
18314372it [08:55, 35349.70it/s]
18317919it [08:55, 35383.13it/s]
18321458it [08:55, 35366.25it/s]
18324995it [08:55, 35336.35it/s]
18328529it [08:55, 35300.99it/s]
18332084it [08:56, 35371.64it/s]
18335646it [08:56, 35445.49it/s]
18339191it [08:56, 35432.90it/s]
18342753it [08:56, 35487.64it/s]
18346302it [08:56, 35462.51it/s]
18349849it [08:56, 35444.78it/s]
18353394it [08:56, 35385.95it/s]
18356933it [08:56, 35369.88it/s]
18360472it [08:56, 35372.53it/s]
18364010it [08:56, 35299.63it/s]
18367557it [08:57, 35350.00it/s]
18371095it [08:57, 35357.18it/s]
18374639it [08:57, 35381.63it/s]
18378178it [08:57, 35320.13it/s]
18381711it [08:57, 35305.73it/s]
18385242it [08:57, 35296.08it/s]
18388772it [08:57, 35277.28it/s]
18392300it [08:57, 35188.30it/s]
18395819it [08:57, 35183.27it/s]
18399338it [08:58, 35175.88it/s]
18402888it [08:58, 35270.86it/s]
18406431it [08:58, 35316.41it/s]
18409987it [08:58, 35386.85it/s]
18413532it [08:58, 35404.45it/s]
18417085it [08:58, 35439.58it/s]
18420647it [08:58, 35491.38it/s]
18424199it [08:58, 35496.93it/s]
18427752it [08:58, 35504.88it/s]
18431303it [08:58, 35453.97it/s]
18434853it [08:59, 35465.97it/s]
18438400it [08:59, 35420.29it/s]
18441951it [08:59, 35444.71it/s]
18445496it [08:59, 35436.16it/s]
18449040it [08:59, 35400.29it/s]
18452581it [08:59, 35351.62it/s]
18456117it [08:59, 35293.55it/s]
18459650it [08:59, 35302.78it/s]
18463181it [08:59, 35296.71it/s]
18466711it [08:59, 35262.45it/s]
18470238it [09:00, 35200.63it/s]
18473759it [09:00, 35170.60it/s]
18477283it [09:00, 35190.32it/s]
18480817it [09:00, 35232.74it/s]
18484363it [09:00, 35299.64it/s]
18487914it [09:00, 35359.67it/s]
18491464it [09:00, 35399.04it/s]
18495004it [09:00, 35382.09it/s]
18498560it [09:00, 35432.67it/s]
18502116it [09:00, 35470.35it/s]
18505669it [09:01, 35486.96it/s]
18509251it [09:01, 35585.02it/s]
18512824it [09:01, 35627.70it/s]
18516409it [09:01, 35693.62it/s]
18519979it [09:01, 35663.00it/s]
18523546it [09:01, 35603.86it/s]
18527107it [09:01, 35554.60it/s]
18530669it [09:01, 35571.45it/s]
18534227it [09:01, 35559.39it/s]
18537783it [09:01, 35516.41it/s]
18541335it [09:02, 35495.83it/s]
18544885it [09:02, 35436.84it/s]
18548429it [09:02, 35377.77it/s]
18551996it [09:02, 35462.97it/s]
18555543it [09:02, 35450.48it/s]
18559089it [09:02, 35409.53it/s]
18562630it [09:02, 35402.88it/s]
18566171it [09:02, 35340.49it/s]
18569727it [09:02, 35404.78it/s]
18573296it [09:02, 35488.74it/s]
18576845it [09:03, 35457.16it/s]
18580404it [09:03, 35495.67it/s]
18583954it [09:03, 35409.87it/s]
18587498it [09:03, 35415.97it/s]
18591047it [09:03, 35436.81it/s]
18594591it [09:03, 35106.39it/s]
18598169it [09:03, 35306.20it/s]
18601746it [09:03, 35442.30it/s]
18605301it [09:03, 35473.51it/s]
18608849it [09:03, 34449.51it/s]
18612404it [09:04, 34771.06it/s]
18615976it [09:04, 35049.83it/s]
18619514it [09:04, 35145.61it/s]
18623062it [09:04, 35244.45it/s]
18626595it [09:04, 35269.41it/s]
18630124it [09:04, 35053.17it/s]
18633654it [09:04, 35126.08it/s]
18637217it [09:04, 35273.49it/s]
18640782it [09:04, 35384.79it/s]
18644365it [09:04, 35515.80it/s]
18647918it [09:05, 35148.44it/s]
18651470it [09:05, 35256.10it/s]
18655026it [09:05, 35343.59it/s]
18658573it [09:05, 35380.30it/s]
18662112it [09:05, 34887.98it/s]
18665643it [09:05, 35009.71it/s]
18669171it [09:05, 35087.86it/s]
18672739it [09:05, 35263.34it/s]
18676267it [09:05, 34644.59it/s]
18679807it [09:05, 34864.82it/s]
18683369it [09:06, 35088.00it/s]
18686925it [09:06, 35226.10it/s]
18690485it [09:06, 35335.01it/s]
18694020it [09:06, 34622.53it/s]
18697599it [09:06, 34966.15it/s]
18701178it [09:06, 35209.64it/s]
18704729it [09:06, 35298.70it/s]
18708302it [09:06, 35425.93it/s]
18711878it [09:06, 35522.73it/s]
18715432it [09:06, 34773.80it/s]
18718956it [09:07, 34908.86it/s]
18722498it [09:07, 35058.83it/s]
18726030it [09:07, 35135.18it/s]
18729565it [09:07, 35196.10it/s]
18733086it [09:07, 34542.75it/s]
18736624it [09:07, 34787.17it/s]
18740137it [09:07, 34885.14it/s]
18743657it [09:07, 34976.63it/s]
18747170it [09:07, 35019.43it/s]
18750674it [09:07, 34423.60it/s]
18754161it [09:08, 34554.61it/s]
18757686it [09:08, 34758.66it/s]
18761236it [09:08, 34978.50it/s]
18764770it [09:08, 35082.50it/s]
18768280it [09:08, 34755.36it/s]
18771809it [09:08, 34910.96it/s]
18775319it [09:08, 34964.60it/s]
18778861it [09:08, 35097.99it/s]
18782404it [09:08, 35195.12it/s]
18785924it [09:08, 34782.92it/s]
18789469it [09:09, 34977.73it/s]
18792996it [09:09, 35064.03it/s]
18796543it [09:09, 35182.78it/s]
18800062it [09:09, 34928.30it/s]
18803602it [09:09, 35067.26it/s]
18807139it [09:09, 35157.05it/s]
18810656it [09:09, 35155.07it/s]
18814172it [09:09, 34765.86it/s]
18817713it [09:09, 34956.07it/s]
18821239it [09:09, 35045.37it/s]
18824759it [09:10, 35089.07it/s]
18828269it [09:10, 35035.33it/s]
18831777it [09:10, 35045.80it/s]
18835282it [09:10, 35040.24it/s]
18838787it [09:10, 35017.57it/s]
18842289it [09:10, 34336.60it/s]
18845835it [09:10, 34665.94it/s]
18849354it [09:10, 34818.50it/s]
18852846it [09:10, 34846.75it/s]
18856348it [09:10, 34895.53it/s]
18859839it [09:11, 34704.11it/s]
18863338it [09:11, 34788.16it/s]
18866861it [09:11, 34916.63it/s]
18870412it [09:11, 35091.86it/s]
18873922it [09:11, 34802.46it/s]
18877471it [09:11, 35005.55it/s]
18881030it [09:11, 35179.39it/s]
18884549it [09:11, 35005.41it/s]
18888051it [09:11, 34714.55it/s]
18891574it [09:11, 34864.73it/s]
18895120it [09:12, 35041.73it/s]
18898677it [09:12, 35198.29it/s]
18902198it [09:12, 33744.93it/s]
18905721it [09:12, 34173.41it/s]
18909246it [09:12, 34487.74it/s]
18912808it [09:12, 34820.97it/s]
18916356it [09:12, 35016.10it/s]
18919892it [09:12, 35115.68it/s]
18923413it [09:12, 35142.83it/s]
18926930it [09:13, 33626.51it/s]
18930468it [09:13, 34132.36it/s]
18934013it [09:13, 34516.19it/s]
18937534it [09:13, 34719.49it/s]
18941067it [09:13, 34897.58it/s]
18944602it [09:13, 35029.42it/s]
18948151it [09:13, 35163.89it/s]
18951671it [09:13, 35169.47it/s]
18955190it [09:13, 34920.34it/s]
18958693it [09:13, 34950.63it/s]
18962210it [09:14, 35015.59it/s]
18965713it [09:14, 34978.82it/s]
18969212it [09:14, 34748.14it/s]
18972732it [09:14, 34879.51it/s]
18976267it [09:14, 35017.82it/s]
18979785it [09:14, 35063.46it/s]
18983292it [09:14, 34362.49it/s]
18986787it [09:14, 34534.11it/s]
18990304it [09:14, 34721.64it/s]
18993850it [09:14, 34940.72it/s]
18997401it [09:15, 35108.54it/s]
19000914it [09:15, 35100.68it/s]
19004491it [09:15, 35298.81it/s]
19008082it [09:15, 35479.55it/s]
19011631it [09:15, 35360.50it/s]
19015195it [09:15, 35440.55it/s]
19018761it [09:15, 35504.33it/s]
19022325it [09:15, 35543.90it/s]
19025880it [09:15, 34974.02it/s]
19029428it [09:15, 35121.22it/s]
19033002it [09:16, 35304.86it/s]
19036579it [09:16, 35440.54it/s]
19040159it [09:16, 35546.86it/s]
19043715it [09:16, 35274.27it/s]
19047301it [09:16, 35445.72it/s]
19050891it [09:16, 35579.53it/s]
19054463it [09:16, 35619.49it/s]
19058026it [09:16, 35304.75it/s]
19061601it [09:16, 35436.52it/s]
19065170it [09:16, 35511.78it/s]
19068722it [09:17, 35212.36it/s]
19072261it [09:17, 35263.72it/s]
19075817it [09:17, 35349.65it/s]
19079372it [09:17, 35406.90it/s]
19082914it [09:17, 34695.13it/s]
19086456it [09:17, 34908.47it/s]
19090013it [09:17, 35102.04it/s]
19093567it [09:17, 35231.71it/s]
19097151it [09:17, 35410.42it/s]
19100713it [09:17, 35470.82it/s]
19104261it [09:18, 34788.61it/s]
19107847it [09:18, 35104.18it/s]
19111428it [09:18, 35310.46it/s]
19114987it [09:18, 35392.92it/s]
19118567it [09:18, 35512.32it/s]
19122120it [09:18, 34807.13it/s]
19125701it [09:18, 35100.39it/s]
19129271it [09:18, 35275.48it/s]
19132843it [09:18, 35404.94it/s]
19136386it [09:18, 35388.72it/s]
19139927it [09:19, 34646.54it/s]
19143468it [09:19, 34869.16it/s]
19147027it [09:19, 35082.28it/s]
19150569it [09:19, 35182.22it/s]
19154097it [09:19, 35209.83it/s]
19157620it [09:19, 34513.95it/s]
19161158it [09:19, 34768.68it/s]
19164671it [09:19, 34870.63it/s]
19168185it [09:19, 34948.18it/s]
19171693it [09:19, 34984.59it/s]
19175220it [09:20, 35067.70it/s]
19178728it [09:20, 34334.68it/s]
19182274it [09:20, 34665.62it/s]
19185809it [09:20, 34865.69it/s]
19189353it [09:20, 35036.01it/s]
19192880it [09:20, 35103.61it/s]
19196392it [09:20, 34364.78it/s]
19199916it [09:20, 34622.11it/s]
19203456it [09:20, 34851.59it/s]
19206970it [09:21, 34935.82it/s]
19210507it [09:21, 35062.06it/s]
19214015it [09:21, 34354.52it/s]
19217560it [09:21, 34674.21it/s]
19221083it [09:21, 34836.37it/s]
19224608it [09:21, 34958.70it/s]
19228148it [09:21, 35089.54it/s]
19231684it [09:21, 35168.43it/s]
19235202it [09:21, 34422.40it/s]
19238717it [09:21, 34634.54it/s]
19242235it [09:22, 34793.50it/s]
19245782it [09:22, 34994.20it/s]
19249323it [09:22, 35115.58it/s]
19252836it [09:22, 34417.21it/s]
19256364it [09:22, 34669.57it/s]
19259913it [09:22, 34912.20it/s]
19263458it [09:22, 35070.42it/s]
19267004it [09:22, 35185.10it/s]
19270524it [09:22, 34455.94it/s]
19274060it [09:22, 34720.73it/s]
19277572it [09:23, 34835.49it/s]
19281106it [09:23, 34985.10it/s]
19284650it [09:23, 35119.14it/s]
19288184it [09:23, 35182.51it/s]
19291704it [09:23, 34332.78it/s]
19295209it [09:23, 34542.08it/s]
19298725it [09:23, 34724.16it/s]
19302252it [09:23, 34884.50it/s]
19305751it [09:23, 34913.86it/s]
19309244it [09:23, 34126.09it/s]
19312738it [09:24, 34365.12it/s]
19316238it [09:24, 34552.44it/s]
19319724it [09:24, 34641.18it/s]
19323218it [09:24, 34729.59it/s]
19326693it [09:24, 33983.43it/s]
19330190it [09:24, 34273.57it/s]
19333691it [09:24, 34491.28it/s]
19337208it [09:24, 34690.08it/s]
19340705it [09:24, 34771.22it/s]
19344221it [09:24, 34886.16it/s]
19347711it [09:25, 34156.28it/s]
19351200it [09:25, 34370.49it/s]
19354690it [09:25, 34525.24it/s]
19358176it [09:25, 34622.20it/s]
19361654it [09:25, 34666.92it/s]
19365122it [09:25, 33894.49it/s]
19368604it [09:25, 34164.40it/s]
19372106it [09:25, 34417.18it/s]
19375596it [09:25, 34560.37it/s]
19379076it [09:25, 34630.05it/s]
19382541it [09:26, 33859.79it/s]
19386020it [09:26, 34132.58it/s]
19389499it [09:26, 34325.69it/s]
19392993it [09:26, 34506.32it/s]
19396469it [09:26, 34580.65it/s]
19399936it [09:26, 34606.62it/s]
19403398it [09:26, 33840.16it/s]
19406868it [09:26, 34089.96it/s]
19410308it [09:26, 34180.54it/s]
19413768it [09:26, 34302.88it/s]
19417210it [09:27, 34335.07it/s]
19420645it [09:27, 33573.65it/s]
19424057it [09:27, 33733.62it/s]
19427505it [09:27, 33952.61it/s]
19430946it [09:27, 34087.92it/s]
19434413it [09:27, 34260.96it/s]
19437841it [09:27, 33464.94it/s]
19441275it [09:27, 33719.58it/s]
19444729it [09:27, 33960.18it/s]
19448153it [09:28, 34041.62it/s]
19451580it [09:28, 34109.26it/s]
19455020it [09:28, 34195.70it/s]
19458441it [09:28, 33435.68it/s]
19461880it [09:28, 33716.16it/s]
19465296it [09:28, 33846.95it/s]
19468726it [09:28, 33978.38it/s]
19472158it [09:28, 34077.87it/s]
19475568it [09:28, 33345.63it/s]
19478988it [09:28, 33596.60it/s]
19482392it [09:29, 33724.64it/s]
19485803it [09:29, 33838.07it/s]
19489215it [09:29, 33919.36it/s]
19492645it [09:29, 34029.53it/s]
19496049it [09:29, 33964.31it/s]
19499447it [09:29, 33957.45it/s]
19502850it [09:29, 33977.83it/s]
19506264it [09:29, 34023.94it/s]
19509681it [09:29, 34066.44it/s]
19513088it [09:29, 34063.62it/s]
19516498it [09:30, 34071.76it/s]
19519932it [09:30, 34148.77it/s]
19523356it [09:30, 34175.50it/s]
19526774it [09:30, 33854.97it/s]
19530213it [09:30, 34011.68it/s]
19533644it [09:30, 34099.54it/s]
19537067it [09:30, 34137.82it/s]
19540482it [09:30, 33012.43it/s]
19543936it [09:30, 33457.53it/s]
19547372it [09:30, 33722.39it/s]
19550810it [09:31, 33915.02it/s]
19554255it [09:31, 34071.52it/s]
19557710it [09:31, 34212.65it/s]
19561134it [09:31, 33948.02it/s]
19564571it [09:31, 34071.06it/s]
19568009it [09:31, 34160.20it/s]
19571438it [09:31, 34196.49it/s]
19574859it [09:31, 33866.65it/s]
19578313it [09:31, 34064.04it/s]
19581749it [09:31, 34149.21it/s]
19585218it [09:32, 34309.77it/s]
19588650it [09:32, 34049.23it/s]
19592114it [09:32, 34223.88it/s]
19595555it [09:32, 34279.13it/s]
19599009it [09:32, 34356.64it/s]
19602446it [09:32, 33761.68it/s]
19605903it [09:32, 33999.63it/s]
19609368it [09:32, 34190.17it/s]
19612827it [09:32, 34309.00it/s]
19616298it [09:32, 34426.83it/s]
19619742it [09:33, 33580.66it/s]
19623193it [09:33, 33852.85it/s]
19626644it [09:33, 34045.11it/s]
19630084it [09:33, 34147.34it/s]
19633518it [09:33, 34203.58it/s]
19636957it [09:33, 34257.68it/s]
19640384it [09:33, 33538.04it/s]
19643780it [09:33, 33661.72it/s]
19647181it [09:33, 33764.03it/s]
19650576it [09:33, 33818.25it/s]
19653962it [09:34, 33828.59it/s]
19657346it [09:34, 33426.38it/s]
19660761it [09:34, 33639.90it/s]
19664158it [09:34, 33736.93it/s]
19667569it [09:34, 33846.44it/s]
19670955it [09:34, 33415.96it/s]
19674365it [09:34, 33616.48it/s]
19677777it [09:34, 33764.10it/s]
19681194it [09:34, 33882.06it/s]
19684610it [09:34, 33964.25it/s]
19688008it [09:35, 33770.91it/s]
19691423it [09:35, 33881.90it/s]
19694840it [09:35, 33965.98it/s]
19698250it [09:35, 34005.37it/s]
19701651it [09:35, 33662.25it/s]
19705061it [09:35, 33790.56it/s]
19708472it [09:35, 33885.55it/s]
19711884it [09:35, 33954.75it/s]
19715280it [09:35, 33682.20it/s]
19718684it [09:35, 33786.15it/s]
19722096it [09:36, 33883.91it/s]
19725485it [09:36, 33540.55it/s]
19728887it [09:36, 33681.31it/s]
19732296it [09:36, 33801.29it/s]
19735705it [09:36, 33886.64it/s]
19739105it [09:36, 33920.20it/s]
19742498it [09:36, 33033.30it/s]
19745898it [09:36, 33317.13it/s]
19749294it [09:36, 33504.71it/s]
19752700it [09:36, 33668.13it/s]
19756076it [09:37, 33693.95it/s]
19759463it [09:37, 33585.22it/s]
19762865it [09:37, 33712.49it/s]
19766265it [09:37, 33797.76it/s]
19769673it [09:37, 33879.40it/s]
19773062it [09:37, 33459.33it/s]
19776457it [09:37, 33603.90it/s]
19779871it [09:37, 33762.02it/s]
19783249it [09:37, 33750.73it/s]
19786625it [09:38, 32476.82it/s]
19790013it [09:38, 32883.84it/s]
19793399it [09:38, 33167.86it/s]
19796809it [09:38, 33441.40it/s]
19800214it [09:38, 33620.73it/s]
19803627it [09:38, 33770.07it/s]
19807021it [09:38, 33818.10it/s]
19810405it [09:38, 32460.45it/s]
19813782it [09:38, 32837.98it/s]
19817189it [09:38, 33196.88it/s]
19820584it [09:39, 33418.01it/s]
19823988it [09:39, 33601.88it/s]
19827384it [09:39, 33707.56it/s]
19830778it [09:39, 33774.93it/s]
19834158it [09:39, 33109.61it/s]
19837524it [09:39, 33269.57it/s]
19840898it [09:39, 33406.37it/s]
19844324it [09:39, 33657.87it/s]
19847725it [09:39, 33760.38it/s]
19851103it [09:39, 33334.68it/s]
19854465it [09:40, 33418.39it/s]
19857830it [09:40, 33486.06it/s]
19861207it [09:40, 33569.94it/s]
19864603it [09:40, 33325.72it/s]
19868022it [09:40, 33579.96it/s]
19871432it [09:40, 33733.04it/s]
19874847it [09:40, 33854.62it/s]
19878300it [09:40, 34055.74it/s]
19881707it [09:40, 33804.15it/s]
19885121it [09:40, 33901.31it/s]
19888531it [09:41, 33957.97it/s]
19891928it [09:41, 33746.25it/s]
19895339it [09:41, 33851.93it/s]
19898748it [09:41, 33920.74it/s]
19902141it [09:41, 33866.84it/s]
19905528it [09:41, 33484.55it/s]
19908923it [09:41, 33621.71it/s]
19912353it [09:41, 33820.61it/s]
19915748it [09:41, 33857.09it/s]
19919135it [09:41, 33375.84it/s]
19922504it [09:42, 33466.64it/s]
19925890it [09:42, 33580.74it/s]
19929265it [09:42, 33628.84it/s]
19932661it [09:42, 33726.91it/s]
19936035it [09:42, 33194.91it/s]
19939430it [09:42, 33415.77it/s]
19942860it [09:42, 33675.56it/s]
19946298it [09:42, 33883.25it/s]
19949688it [09:42, 33328.83it/s]
19953045it [09:42, 33399.69it/s]
19956420it [09:43, 33503.24it/s]
19959799it [09:43, 33585.76it/s]
19963190it [09:43, 33679.94it/s]
19966559it [09:43, 33243.69it/s]
19969938it [09:43, 33402.52it/s]
19973328it [09:43, 33550.08it/s]
19976687it [09:43, 33559.61it/s]
19980073it [09:43, 33647.80it/s]
19983439it [09:43, 33283.60it/s]
19986846it [09:43, 33516.47it/s]
19990249it [09:44, 33669.10it/s]
19993661it [09:44, 33800.99it/s]
19997042it [09:44, 33328.82it/s]
20000430it [09:44, 33491.18it/s]
20003811it [09:44, 33583.94it/s]
20007220it [09:44, 33733.38it/s]
20010663it [09:44, 33939.44it/s]
20014058it [09:44, 33507.09it/s]
20017484it [09:44, 33730.07it/s]
20020908it [09:44, 33880.95it/s]
20024351it [09:45, 34044.23it/s]
20027757it [09:45, 34017.62it/s]
20031160it [09:45, 33555.27it/s]
20034571it [09:45, 33718.97it/s]
20037980it [09:45, 33827.00it/s]
20041403it [09:45, 33944.73it/s]
20044799it [09:45, 33477.25it/s]
20048240it [09:45, 33752.59it/s]
20051679it [09:45, 33940.52it/s]
20055095it [09:45, 34003.69it/s]
20058497it [09:46, 33940.06it/s]
20061892it [09:46, 33388.19it/s]
20065282it [09:46, 33536.67it/s]
20068658it [09:46, 33601.39it/s]
20072020it [09:46, 33376.01it/s]
20075359it [09:46, 33079.86it/s]
20078751it [09:46, 33325.28it/s]
20082154it [09:46, 33533.53it/s]
20085561it [09:46, 33691.69it/s]
20088931it [09:47, 33627.06it/s]
20092295it [09:47, 33056.20it/s]
20095660it [09:47, 33228.54it/s]
20099044it [09:47, 33407.36it/s]
20102430it [09:47, 33540.00it/s]
20105786it [09:47, 33045.95it/s]
20109137it [09:47, 33180.22it/s]
20112494it [09:47, 33294.05it/s]
20115846it [09:47, 33358.92it/s]
20119183it [09:47, 33339.68it/s]
20122518it [09:48, 32826.84it/s]
20125848it [09:48, 32966.55it/s]
20129219it [09:48, 33185.38it/s]
20132595it [09:48, 33353.98it/s]
20135959it [09:48, 33437.74it/s]
20139304it [09:48, 33038.05it/s]
20142694it [09:48, 33293.20it/s]
20146059it [09:48, 33398.20it/s]
20149434it [09:48, 33500.15it/s]
20152785it [09:48, 33028.30it/s]
20156177it [09:49, 33291.48it/s]
20159542it [09:49, 33394.58it/s]
20162923it [09:49, 33516.64it/s]
20166294it [09:49, 33571.58it/s]
20169652it [09:49, 33017.84it/s]
20173011it [09:49, 33185.15it/s]
20176352it [09:49, 33251.01it/s]
20179681it [09:49, 33260.58it/s]
20183009it [09:49, 32806.08it/s]
20186374it [09:49, 33054.68it/s]
20189778it [09:50, 33346.02it/s]
20193180it [09:50, 33546.54it/s]
20196589it [09:50, 33708.44it/s]
20199961it [09:50, 33239.41it/s]
20203347it [09:50, 33421.79it/s]
20206729it [09:50, 33539.67it/s]
20210121it [09:50, 33651.68it/s]
20213501it [09:50, 33694.03it/s]
20216872it [09:50, 33272.54it/s]
20220285it [09:50, 33525.23it/s]
20223706it [09:51, 33727.45it/s]
20227110it [09:51, 33818.67it/s]
20230493it [09:51, 33454.45it/s]
20233937it [09:51, 33746.16it/s]
20237372it [09:51, 33924.60it/s]
20240809it [09:51, 34056.89it/s]
20244248it [09:51, 34155.72it/s]
20247665it [09:51, 33845.61it/s]
20251101it [09:51, 33997.90it/s]
20254537it [09:51, 34103.48it/s]
20257975it [09:52, 34184.26it/s]
20261394it [09:52, 34149.82it/s]
20264810it [09:52, 34100.07it/s]
20268221it [09:52, 34089.00it/s]
20271631it [09:52, 34053.81it/s]
20275061it [09:52, 34124.43it/s]
20278497it [09:52, 34192.08it/s]
20281933it [09:52, 34242.01it/s]
20285370it [09:52, 34277.05it/s]
20288798it [09:52, 34228.69it/s]
20292224it [09:53, 34235.37it/s]
20295658it [09:53, 34266.22it/s]
20299108it [09:53, 34336.04it/s]
20302542it [09:53, 34316.75it/s]
20305979it [09:53, 34332.43it/s]
20309418it [09:53, 34347.88it/s]
20312853it [09:53, 34316.85it/s]
20316285it [09:53, 34288.01it/s]
20319714it [09:53, 34277.77it/s]
20323142it [09:53, 34248.50it/s]
20326579it [09:54, 34284.12it/s]
20330019it [09:54, 34317.96it/s]
20333451it [09:54, 34276.83it/s]
20336879it [09:54, 34267.14it/s]
20340306it [09:54, 34245.43it/s]
20343733it [09:54, 34251.06it/s]
20347159it [09:54, 34213.24it/s]
20350581it [09:54, 34178.46it/s]
20353999it [09:54, 34159.03it/s]
20357415it [09:54, 34112.98it/s]
20360830it [09:55, 34121.59it/s]
20364262it [09:55, 34179.56it/s]
20367687it [09:55, 34200.27it/s]
20371115it [09:55, 34221.36it/s]
20374557it [09:55, 34279.31it/s]
20378008it [09:55, 34345.82it/s]
20381443it [09:55, 34306.41it/s]
20384892it [09:55, 34358.25it/s]
20388328it [09:55, 34339.08it/s]
20391762it [09:55, 34200.77it/s]
20395183it [09:56, 34195.86it/s]
20398603it [09:56, 34176.73it/s]
20402021it [09:56, 34173.28it/s]
20405439it [09:56, 34145.68it/s]
20408865it [09:56, 34177.75it/s]
20412283it [09:56, 34175.26it/s]
20415710it [09:56, 34202.08it/s]
20419152it [09:56, 34265.60it/s]
20422579it [09:56, 34220.13it/s]
20426007it [09:56, 34235.95it/s]
20429431it [09:57, 34204.89it/s]
20432860it [09:57, 34226.83it/s]
20436284it [09:57, 34229.15it/s]
20439716it [09:57, 34254.73it/s]
20443143it [09:57, 34255.08it/s]
20446576it [09:57, 34277.07it/s]
20450004it [09:57, 34257.65it/s]
20453437it [09:57, 34276.31it/s]
20456865it [09:57, 33881.48it/s]
20460282it [09:57, 33966.73it/s]
20463724it [09:58, 34098.18it/s]
20467159it [09:58, 34172.12it/s]
20470577it [09:58, 33146.34it/s]
20474011it [09:58, 33495.25it/s]
20477466it [09:58, 33806.00it/s]
20480898it [09:58, 33957.10it/s]
20484348it [09:58, 34117.90it/s]
20487767it [09:58, 34138.59it/s]
20491183it [09:58, 33880.55it/s]
20494589it [09:58, 33930.72it/s]
20498001it [09:59, 33984.60it/s]
20501424it [09:59, 34056.15it/s]
20504831it [09:59, 33884.07it/s]
20508267it [09:59, 34024.91it/s]
20511681it [09:59, 34058.46it/s]
20515116it [09:59, 34144.44it/s]
20518531it [09:59, 33892.24it/s]
20521951it [09:59, 33982.42it/s]
20525400it [09:59, 34131.78it/s]
20528814it [09:59, 33722.39it/s]
20532241it [10:00, 33884.43it/s]
20535657it [10:00, 33965.54it/s]
20539106it [10:00, 34119.23it/s]
20542531it [10:00, 34156.89it/s]
20545948it [10:00, 33563.99it/s]
20549359it [10:00, 33723.56it/s]
20552777it [10:00, 33857.45it/s]
20556181it [10:00, 33908.88it/s]
20559573it [10:00, 33305.47it/s]
20562953it [10:01, 33450.51it/s]
20566324it [10:01, 33525.99it/s]
20569695it [10:01, 33578.12it/s]
20573064it [10:01, 33609.88it/s]
20576426it [10:01, 33084.26it/s]
20579772it [10:01, 33194.80it/s]
20583118it [10:01, 33270.91it/s]
20586465it [10:01, 33329.21it/s]
20589799it [10:01, 33315.77it/s]
20593132it [10:01, 32897.84it/s]
20596471it [10:02, 33040.39it/s]
20599792it [10:02, 33088.89it/s]
20603126it [10:02, 33160.48it/s]
20606443it [10:02, 32961.34it/s]
20609780it [10:02, 33080.14it/s]
20613112it [10:02, 33148.11it/s]
20616451it [10:02, 33218.20it/s]
20619774it [10:02, 32917.79it/s]
20623142it [10:02, 33143.26it/s]
20626486it [10:02, 33230.36it/s]
20629859it [10:03, 33376.82it/s]
20633198it [10:03, 33275.26it/s]
20636592it [10:03, 33472.82it/s]
20640002it [10:03, 33657.54it/s]
20643424it [10:03, 33824.04it/s]
20646807it [10:03, 33538.66it/s]
20650217it [10:03, 33705.33it/s]
20653608it [10:03, 33763.65it/s]
20656985it [10:03, 33760.19it/s]
20660362it [10:03, 32879.85it/s]
20663772it [10:04, 33236.35it/s]
20667155it [10:04, 33408.80it/s]
20670538it [10:04, 33531.75it/s]
20673928it [10:04, 33640.37it/s]
20677317it [10:04, 33713.64it/s]
20680690it [10:04, 33631.13it/s]
20684099it [10:04, 33765.58it/s]
20687508it [10:04, 33860.64it/s]
20690895it [10:04, 33503.97it/s]
20694302it [10:04, 33670.71it/s]
20697713it [10:05, 33799.99it/s]
20701151it [10:05, 33971.38it/s]
20704549it [10:05, 32739.99it/s]
20707952it [10:05, 33115.26it/s]
20711349it [10:05, 33364.88it/s]
20714741it [10:05, 33528.66it/s]
20718132it [10:05, 33639.50it/s]
20721527it [10:05, 33729.95it/s]
20724925it [10:05, 33804.34it/s]
20728308it [10:05, 32458.59it/s]
20731700it [10:06, 32880.45it/s]
20735088it [10:06, 33172.15it/s]
20738481it [10:06, 33394.98it/s]
20741880it [10:06, 33567.83it/s]
20745292it [10:06, 33729.90it/s]
20748702it [10:06, 33840.07it/s]
20752089it [10:06, 33365.75it/s]
20755537it [10:06, 33695.53it/s]
20758931it [10:06, 33765.18it/s]
20762354it [10:06, 33902.02it/s]
20765781it [10:07, 34011.32it/s]
20769184it [10:07, 33854.47it/s]
20772603it [10:07, 33951.99it/s]
20776015it [10:07, 34000.20it/s]
20779423it [10:07, 34023.74it/s]
20782826it [10:07, 33890.63it/s]
20786252it [10:07, 33999.42it/s]
20789670it [10:07, 34051.33it/s]
20793076it [10:07, 33716.80it/s]
20796485it [10:07, 33826.53it/s]
20799922it [10:08, 33987.67it/s]
20803334it [10:08, 34026.12it/s]
20806738it [10:08, 33991.18it/s]
20810138it [10:08, 33578.14it/s]
20813571it [10:08, 33800.41it/s]
20816986it [10:08, 33904.01it/s]
20820402it [10:08, 33978.46it/s]
20823801it [10:08, 33759.29it/s]
20827197it [10:08, 33816.75it/s]
20830584it [10:08, 33830.15it/s]
20833997it [10:09, 33918.92it/s]
20837390it [10:09, 33520.46it/s]
20840807it [10:09, 33710.88it/s]
20844235it [10:09, 33877.45it/s]
20847663it [10:09, 33995.02it/s]
20851064it [10:09, 33645.11it/s]
20854503it [10:09, 33863.22it/s]
20857895it [10:09, 33878.80it/s]
20861300it [10:09, 33928.73it/s]
20864694it [10:09, 33381.39it/s]
20868106it [10:10, 33596.20it/s]
20871532it [10:10, 33790.40it/s]
20874956it [10:10, 33923.44it/s]
20878362it [10:10, 33962.96it/s]
20881760it [10:10, 33430.35it/s]
20885143it [10:10, 33547.94it/s]
20888540it [10:10, 33671.93it/s]
20891958it [10:10, 33822.66it/s]
20895383it [10:10, 33948.41it/s]
20898779it [10:11, 33439.59it/s]
20902180it [10:11, 33607.41it/s]
20905594it [10:11, 33764.21it/s]
20909019it [10:11, 33908.56it/s]
20912413it [10:11, 33448.97it/s]
20915829it [10:11, 33657.36it/s]
20919221it [10:11, 33735.01it/s]
20922609it [10:11, 33777.42it/s]
20926021it [10:11, 33876.05it/s]
20929410it [10:11, 33487.12it/s]
20932850it [10:12, 33757.42it/s]
20936293it [10:12, 33955.66it/s]
20939730it [10:12, 34077.43it/s]
20943171it [10:12, 34174.97it/s]
20946590it [10:12, 33649.52it/s]
20950001it [10:12, 33783.10it/s]
20953406it [10:12, 33859.60it/s]
20956796it [10:12, 33870.47it/s]
20960194it [10:12, 33899.91it/s]
20963585it [10:12, 33493.43it/s]
20967009it [10:13, 33711.84it/s]
20970449it [10:13, 33913.98it/s]
20973878it [10:13, 34023.31it/s]
20977282it [10:13, 33521.48it/s]
20980697it [10:13, 33706.50it/s]
20984134it [10:13, 33902.78it/s]
20987576it [10:13, 34056.31it/s]
20990983it [10:13, 34043.15it/s]
20994389it [10:13, 33475.18it/s]
20997800it [10:13, 33659.87it/s]
21001194it [10:14, 33742.21it/s]
21004605it [10:14, 33847.61it/s]
21008008it [10:14, 33899.81it/s]
21011399it [10:14, 33406.01it/s]
21014793it [10:14, 33563.12it/s]
21018183it [10:14, 33661.47it/s]
21021578it [10:14, 33745.68it/s]
21024954it [10:14, 33312.07it/s]
21028382it [10:14, 33597.38it/s]
21031803it [10:14, 33777.16it/s]
21035238it [10:15, 33945.80it/s]
21038659it [10:15, 34024.34it/s]
21042063it [10:15, 33540.74it/s]
21045480it [10:15, 33726.20it/s]
21048902it [10:15, 33871.78it/s]
21052338it [10:15, 34014.59it/s]
21055798it [10:15, 34188.68it/s]
21059218it [10:15, 33700.35it/s]
21062631it [10:15, 33825.07it/s]
21066056it [10:15, 33948.09it/s]
21069472it [10:16, 34009.71it/s]
21072874it [10:16, 33556.38it/s]
21076282it [10:16, 33709.49it/s]
21079662it [10:16, 33735.32it/s]
21083061it [10:16, 33808.57it/s]
21086464it [10:16, 33874.21it/s]
21089852it [10:16, 33347.83it/s]
21093262it [10:16, 33567.71it/s]
21096675it [10:16, 33733.79it/s]
21100085it [10:16, 33841.96it/s]
21103486it [10:17, 33890.63it/s]
21106876it [10:17, 33374.29it/s]
21110263it [10:17, 33520.03it/s]
21113622it [10:17, 33540.41it/s]
21117015it [10:17, 33653.63it/s]
21120400it [10:17, 33211.79it/s]
21123796it [10:17, 33430.42it/s]
21127181it [10:17, 33553.23it/s]
21130573it [10:17, 33661.54it/s]
21133970it [10:17, 33751.56it/s]
21137346it [10:18, 33143.28it/s]
21140715it [10:18, 33302.67it/s]
21144066it [10:18, 33361.03it/s]
21147426it [10:18, 33430.43it/s]
21150780it [10:18, 33461.04it/s]
21154127it [10:18, 32973.62it/s]
21157505it [10:18, 33211.45it/s]
21160852it [10:18, 33286.34it/s]
21164198it [10:18, 33337.42it/s]
21167588it [10:18, 33503.72it/s]
21170940it [10:19, 33017.90it/s]
21174315it [10:19, 33234.18it/s]
21177686it [10:19, 33374.92it/s]
21181058it [10:19, 33475.55it/s]
21184407it [10:19, 33391.82it/s]
21187756it [10:19, 33419.07it/s]
21191134it [10:19, 33524.42it/s]
21194487it [10:19, 33516.56it/s]
21197851it [10:19, 33551.76it/s]
21201213it [10:19, 33570.87it/s]
21204581it [10:20, 33601.76it/s]
21207942it [10:20, 33570.38it/s]
21211300it [10:20, 33528.37it/s]
21214662it [10:20, 33555.36it/s]
21218018it [10:20, 33128.37it/s]
21221337it [10:20, 33145.91it/s]
21224688it [10:20, 33252.36it/s]
21228044it [10:20, 33343.19it/s]
21231379it [10:20, 32291.01it/s]
21234719it [10:21, 32613.83it/s]
21238068it [10:21, 32869.97it/s]
21241431it [10:21, 33093.35it/s]
21244786it [10:21, 33227.49it/s]
21248155it [10:21, 33364.28it/s]
21251494it [10:21, 33215.71it/s]
21254884it [10:21, 33418.59it/s]
21258256it [10:21, 33507.67it/s]
21261608it [10:21, 33454.86it/s]
21264955it [10:21, 33124.22it/s]
21268317it [10:22, 33269.77it/s]
21271676it [10:22, 33364.31it/s]
21275032it [10:22, 33419.64it/s]
21278375it [10:22, 33034.98it/s]
21281782it [10:22, 33340.35it/s]
21285180it [10:22, 33528.84it/s]
21288574it [10:22, 33649.01it/s]
21291940it [10:22, 33327.49it/s]
21295318it [10:22, 33460.87it/s]
21298718it [10:22, 33619.16it/s]
21302089it [10:23, 33643.16it/s]
21305454it [10:23, 33303.53it/s]
21308831it [10:23, 33440.17it/s]
21312211it [10:23, 33545.69it/s]
21315598it [10:23, 33640.31it/s]
21318963it [10:23, 33129.09it/s]
21322344it [10:23, 33328.86it/s]
21325735it [10:23, 33499.59it/s]
21329134it [10:23, 33642.22it/s]
21332539it [10:23, 33762.27it/s]
21335916it [10:24, 33017.46it/s]
21339289it [10:24, 33226.53it/s]
21342656it [10:24, 33356.70it/s]
21346016it [10:24, 33428.43it/s]
21349376it [10:24, 33477.55it/s]
21352725it [10:24, 33058.62it/s]
21356089it [10:24, 33229.50it/s]
21359456it [10:24, 33357.38it/s]
21362806it [10:24, 33395.93it/s]
21366147it [10:24, 33007.17it/s]
21369516it [10:25, 33206.08it/s]
21372863it [10:25, 33283.31it/s]
21376203it [10:25, 33316.99it/s]
21379536it [10:25, 33064.39it/s]
21382870it [10:25, 33144.55it/s]
21386186it [10:25, 33130.51it/s]
21389500it [10:25, 33126.82it/s]
21392813it [10:25, 32877.73it/s]
21396193it [10:25, 33150.61it/s]
21399590it [10:25, 33393.81it/s]
21402966it [10:26, 33501.74it/s]
21406317it [10:26, 33246.00it/s]
21409643it [10:26, 33246.92it/s]
21412998it [10:26, 33334.68it/s]
21416354it [10:26, 33400.25it/s]
21419695it [10:26, 33129.89it/s]
21423040it [10:26, 33223.20it/s]
21426402it [10:26, 33339.91it/s]
21429772it [10:26, 33444.03it/s]
21433117it [10:26, 33195.87it/s]
21436461it [10:27, 33267.18it/s]
21439827it [10:27, 33382.54it/s]
21443166it [10:27, 32593.72it/s]
21446513it [10:27, 32850.79it/s]
21449867it [10:27, 33053.39it/s]
21453236it [10:27, 33242.07it/s]
21456614it [10:27, 33400.19it/s]
21459961it [10:27, 33418.09it/s]
21463304it [10:27, 33336.90it/s]
21466687it [10:27, 33482.70it/s]
21470065it [10:28, 33570.77it/s]
21473423it [10:28, 33144.47it/s]
21476777it [10:28, 33258.60it/s]
21480130it [10:28, 33338.65it/s]
21483488it [10:28, 33407.48it/s]
21486830it [10:28, 32262.72it/s]
21490189it [10:28, 32647.28it/s]
21493557it [10:28, 32949.08it/s]
21496934it [10:28, 33190.14it/s]
21500310it [10:28, 33359.01it/s]
21503679it [10:29, 33456.42it/s]
21507044it [10:29, 33512.18it/s]
21510397it [10:29, 32224.04it/s]
21513796it [10:29, 32736.87it/s]
21517180it [10:29, 33057.96it/s]
21520570it [10:29, 33304.49it/s]
21523946it [10:29, 33436.69it/s]
21527307it [10:29, 33486.72it/s]
21530696it [10:29, 33604.78it/s]
21534059it [10:30, 32956.08it/s]
21537415it [10:30, 33131.95it/s]
21540769it [10:30, 33251.15it/s]
21544129it [10:30, 33354.56it/s]
21547506it [10:30, 33477.97it/s]
21550856it [10:30, 33358.47it/s]
21554238it [10:30, 33494.56it/s]
21557613it [10:30, 33569.97it/s]
21560992it [10:30, 33633.94it/s]
21564356it [10:30, 33072.03it/s]
21567744it [10:31, 33310.73it/s]
21571118it [10:31, 33437.57it/s]
21574487it [10:31, 33510.01it/s]
21577865it [10:31, 33589.25it/s]
21581225it [10:31, 33252.57it/s]
21584591it [10:31, 33371.13it/s]
21587955it [10:31, 33449.49it/s]
21591324it [10:31, 33520.64it/s]
21594677it [10:31, 33365.94it/s]
21598078it [10:31, 33556.22it/s]
21601439it [10:32, 33570.60it/s]
21604797it [10:32, 33274.86it/s]
21608196it [10:32, 33487.11it/s]
21611602it [10:32, 33656.39it/s]
21615002it [10:32, 33758.27it/s]
21618411it [10:32, 33853.79it/s]
21621797it [10:32, 33424.44it/s]
21625203it [10:32, 33610.26it/s]
21628614it [10:32, 33757.94it/s]
21632029it [10:32, 33874.52it/s]
21635418it [10:33, 33416.52it/s]
21638805it [10:33, 33549.02it/s]
21642191it [10:33, 33639.33it/s]
21645570it [10:33, 33683.29it/s]
21648940it [10:33, 33226.53it/s]
21652343it [10:33, 33462.94it/s]
21655732it [10:33, 33588.26it/s]
21659143it [10:33, 33741.82it/s]
21662537it [10:33, 33798.47it/s]
21665918it [10:33, 33220.58it/s]
21669274it [10:34, 33318.91it/s]
21672642it [10:34, 33423.20it/s]
21676031it [10:34, 33560.12it/s]
21679389it [10:34, 33194.95it/s]
21682800it [10:34, 33464.22it/s]
21686198it [10:34, 33617.06it/s]
21689598it [10:34, 33727.81it/s]
21692972it [10:34, 33309.39it/s]
21696402it [10:34, 33600.50it/s]
21699808it [10:34, 33734.33it/s]
21703217it [10:35, 33839.89it/s]
21706610it [10:35, 33865.16it/s]
21709998it [10:35, 33388.65it/s]
21713377it [10:35, 33503.95it/s]
21716753it [10:35, 33578.79it/s]
21720112it [10:35, 33572.97it/s]
21723471it [10:35, 33141.35it/s]
21726871it [10:35, 33393.75it/s]
21730271it [10:35, 33571.14it/s]
21733676it [10:35, 33711.37it/s]
21737068it [10:36, 33771.84it/s]
21740446it [10:36, 33318.68it/s]
21743825it [10:36, 33455.80it/s]
21747188it [10:36, 33506.50it/s]
21750543it [10:36, 33519.08it/s]
21753896it [10:36, 33046.87it/s]
21757240it [10:36, 33161.46it/s]
21760597it [10:36, 33281.58it/s]
21763952it [10:36, 33360.13it/s]
21767289it [10:36, 33052.83it/s]
21770676it [10:37, 33294.86it/s]
21774042it [10:37, 33402.22it/s]
21777414it [10:37, 33495.37it/s]
21780793it [10:37, 33582.65it/s]
21784152it [10:37, 33125.00it/s]
21787538it [10:37, 33342.50it/s]
21790951it [10:37, 33574.52it/s]
21794363it [10:37, 33736.08it/s]
21797738it [10:37, 33287.75it/s]
21801135it [10:37, 33487.29it/s]
21804508it [10:38, 33557.67it/s]
21807879it [10:38, 33600.26it/s]
21811240it [10:38, 33203.53it/s]
21814642it [10:38, 33443.57it/s]
21818009it [10:38, 33509.61it/s]
21821380it [10:38, 33566.46it/s]
21824738it [10:38, 33555.45it/s]
21828095it [10:38, 33214.57it/s]
21831466it [10:38, 33358.74it/s]
21834860it [10:38, 33530.82it/s]
21838232it [10:39, 33585.81it/s]
21841592it [10:39, 33138.31it/s]
21844978it [10:39, 33349.80it/s]
21848376it [10:39, 33536.75it/s]
21851765it [10:39, 33639.70it/s]
21855141it [10:39, 33674.98it/s]
21858510it [10:39, 33167.42it/s]
21861869it [10:39, 33290.38it/s]
21865238it [10:39, 33407.75it/s]
21868616it [10:40, 33516.20it/s]
21871969it [10:40, 33092.15it/s]
21875361it [10:40, 33335.50it/s]
21878749it [10:40, 33495.28it/s]
21882130it [10:40, 33586.60it/s]
21885532it [10:40, 33715.71it/s]
21888905it [10:40, 33233.23it/s]
21892303it [10:40, 33452.44it/s]
21895699it [10:40, 33603.07it/s]
21899098it [10:40, 33716.13it/s]
21902471it [10:41, 33713.82it/s]
21905844it [10:41, 33197.02it/s]
21909255it [10:41, 33464.46it/s]
21912672it [10:41, 33672.10it/s]
21916076it [10:41, 33779.48it/s]
21919456it [10:41, 33321.85it/s]
21922853it [10:41, 33512.73it/s]
21926276it [10:41, 33723.65it/s]
21929671it [10:41, 33788.23it/s]
21933077it [10:41, 33868.55it/s]
21936465it [10:42, 33690.75it/s]
21939860it [10:42, 33765.79it/s]
21943262it [10:42, 33840.77it/s]
21946647it [10:42, 33791.85it/s]
21950034it [10:42, 33812.49it/s]
21953443it [10:42, 33893.91it/s]
21956859it [10:42, 33971.61it/s]
21960269it [10:42, 34006.95it/s]
21963670it [10:42, 34002.12it/s]
21967084it [10:42, 34040.62it/s]
21970489it [10:43, 33975.99it/s]
21973887it [10:43, 33933.91it/s]
21977290it [10:43, 33961.08it/s]
21980687it [10:43, 33932.94it/s]
21984107it [10:43, 34011.69it/s]
21987509it [10:43, 34006.73it/s]
21990913it [10:43, 34016.01it/s]
21994317it [10:43, 34022.38it/s]
21997720it [10:43, 34004.16it/s]
22001141it [10:43, 34065.24it/s]
22004560it [10:44, 34099.59it/s]
22007971it [10:44, 34100.30it/s]
22011386it [10:44, 34114.07it/s]
22014798it [10:44, 34113.47it/s]
22018212it [10:44, 34120.58it/s]
22021626it [10:44, 34124.32it/s]
22025039it [10:44, 34096.33it/s]
22028460it [10:44, 34128.61it/s]
22031873it [10:44, 34116.87it/s]
22035306it [10:44, 34180.34it/s]
22038735it [10:45, 34210.91it/s]
22042157it [10:45, 34153.47it/s]
22045573it [10:45, 34035.43it/s]
22048996it [10:45, 34092.98it/s]
22052422it [10:45, 34141.87it/s]
22055837it [10:45, 34110.61it/s]
22059255it [10:45, 34130.23it/s]
22062669it [10:45, 34083.26it/s]
22066079it [10:45, 34087.70it/s]
22069488it [10:45, 34082.94it/s]
22072905it [10:46, 34108.51it/s]
22076328it [10:46, 34143.52it/s]
22079743it [10:46, 34116.50it/s]
22083158it [10:46, 34125.96it/s]
22086583it [10:46, 34160.67it/s]
22090000it [10:46, 34112.73it/s]
22093412it [10:46, 34034.38it/s]
22096816it [10:46, 33931.09it/s]
22100210it [10:46, 33923.49it/s]
22103621it [10:46, 33976.43it/s]
22107020it [10:47, 33977.81it/s]
22110418it [10:47, 33932.63it/s]
22113812it [10:47, 33887.56it/s]
22117206it [10:47, 33901.16it/s]
22120604it [10:47, 33924.34it/s]
22124015it [10:47, 33978.84it/s]
22127413it [10:47, 33941.72it/s]
22130808it [10:47, 33901.76it/s]
22134199it [10:47, 33870.31it/s]
22137618it [10:47, 33964.83it/s]
22141021it [10:48, 33982.61it/s]
22144442it [10:48, 34048.55it/s]
22147847it [10:48, 34034.31it/s]
22151251it [10:48, 33943.57it/s]
22154647it [10:48, 33945.64it/s]
22158042it [10:48, 33922.62it/s]
22161435it [10:48, 33872.91it/s]
22164843it [10:48, 33932.82it/s]
22168271it [10:48, 34036.47it/s]
22171712it [10:48, 34146.53it/s]
22175143it [10:49, 34192.05it/s]
22178588it [10:49, 34266.65it/s]
22182020it [10:49, 34281.38it/s]
22185472it [10:49, 34352.19it/s]
22188911it [10:49, 34363.17it/s]
22192348it [10:49, 34319.28it/s]
22195780it [10:49, 34313.97it/s]
22199212it [10:49, 34257.89it/s]
22202638it [10:49, 34186.50it/s]
22206065it [10:49, 34210.69it/s]
22209487it [10:50, 34153.36it/s]
22212903it [10:50, 34063.23it/s]
22216310it [10:50, 34032.84it/s]
22219714it [10:50, 33966.02it/s]
22223111it [10:50, 33863.29it/s]
22226498it [10:50, 33828.84it/s]
22229907it [10:50, 33906.57it/s]
22233311it [10:50, 33944.02it/s]
22236706it [10:50, 33927.93it/s]
22240126it [10:50, 34009.14it/s]
22243527it [10:51, 33964.74it/s]
22246924it [10:51, 33965.87it/s]
22250349it [10:51, 34047.99it/s]
22253759it [10:51, 34061.57it/s]
22257166it [10:51, 34063.55it/s]
22260582it [10:51, 34089.77it/s]
22263991it [10:51, 34080.98it/s]
22267416it [10:51, 34130.11it/s]
22270830it [10:51, 34121.11it/s]
22274243it [10:51, 34101.38it/s]
22277654it [10:52, 34012.77it/s]
22281082it [10:52, 34091.83it/s]
22284492it [10:52, 34080.66it/s]
22287901it [10:52, 34078.77it/s]
22291341it [10:52, 34173.06it/s]
22294780it [10:52, 34237.63it/s]
22298210it [10:52, 34254.58it/s]
22301639it [10:52, 34263.23it/s]
22305066it [10:52, 34145.05it/s]
22308481it [10:52, 34049.73it/s]
22311915it [10:53, 34136.17it/s]
22315332it [10:53, 34145.42it/s]
22318747it [10:53, 34093.67it/s]
22322157it [10:53, 34069.27it/s]
22325564it [10:53, 34024.68it/s]
22328975it [10:53, 34049.17it/s]
22332409it [10:53, 34134.77it/s]
22335854it [10:53, 34228.03it/s]
22339279it [10:53, 34232.08it/s]
22342703it [10:53, 34170.16it/s]
22346121it [10:54, 34170.26it/s]
22349545it [10:54, 34188.43it/s]
22352964it [10:54, 34151.33it/s]
22356386it [10:54, 34169.57it/s]
22359810it [10:54, 34189.71it/s]
22363238it [10:54, 34215.22it/s]
22366663it [10:54, 34224.92it/s]
22370091it [10:54, 34238.76it/s]
22373525it [10:54, 34267.22it/s]
22376974it [10:54, 34330.85it/s]
22380436it [10:55, 34415.96it/s]
22383885it [10:55, 34437.76it/s]
22387342it [10:55, 34474.20it/s]
22390806it [10:55, 34522.86it/s]
22394264it [10:55, 34538.43it/s]
22397736it [10:55, 34590.16it/s]
22401202it [10:55, 34608.86it/s]
22404695it [10:55, 34704.18it/s]
22408166it [10:55, 34667.58it/s]
22411633it [10:55, 34619.95it/s]
22415096it [10:56, 34600.43it/s]
22418557it [10:56, 34570.55it/s]
22422017it [10:56, 34575.77it/s]
22425498it [10:56, 34643.71it/s]
22428963it [10:56, 34610.66it/s]
22432430it [10:56, 34625.63it/s]
22435913it [10:56, 34685.62it/s]
22439394it [10:56, 34721.43it/s]
22442869it [10:56, 34728.74it/s]
22446342it [10:56, 34669.86it/s]
22449810it [10:57, 34532.62it/s]
22453270it [10:57, 34552.08it/s]
22456730it [10:57, 34563.59it/s]
22460187it [10:57, 34538.52it/s]
22463641it [10:57, 34504.44it/s]
22467092it [10:57, 34465.96it/s]
22470539it [10:57, 34443.34it/s]
22473996it [10:57, 34478.24it/s]
22477444it [10:57, 34386.17it/s]
22480913it [10:57, 34474.58it/s]
22484361it [10:58, 34419.29it/s]
22487813it [10:58, 34448.99it/s]
22491258it [10:58, 34379.28it/s]
22494737it [10:58, 34499.46it/s]
22498207it [10:58, 34557.74it/s]
22501682it [10:58, 34614.43it/s]
22505144it [10:58, 34550.84it/s]
22508602it [10:58, 34558.20it/s]
22512058it [10:58, 34549.27it/s]
22515513it [10:58, 34494.64it/s]
22518963it [10:59, 34425.85it/s]
22522421it [10:59, 34470.97it/s]
22525874it [10:59, 34485.82it/s]
22529323it [10:59, 34407.29it/s]
22532764it [10:59, 34371.55it/s]
22536202it [10:59, 34269.52it/s]
22539632it [10:59, 34277.13it/s]
22543079it [10:59, 34334.13it/s]
22546521it [10:59, 34359.01it/s]
22549988it [10:59, 34449.43it/s]
22553433it [11:00, 34424.97it/s]
22556877it [11:00, 34427.83it/s]
22560344it [11:00, 34497.67it/s]
22563836it [11:00, 34621.92it/s]
22567329it [11:00, 34710.90it/s]
22570816it [11:00, 34756.16it/s]
22574318it [11:00, 34832.43it/s]
22577802it [11:00, 34735.21it/s]
22581297it [11:00, 34798.32it/s]
22584798it [11:00, 34859.10it/s]
22588284it [11:01, 34812.92it/s]
22591770it [11:01, 34826.51it/s]
22595258it [11:01, 34839.63it/s]
22598745it [11:01, 34848.05it/s]
22602230it [11:01, 34806.52it/s]
22605714it [11:01, 34815.79it/s]
22609196it [11:01, 34767.30it/s]
22612677it [11:01, 34778.83it/s]
22616155it [11:01, 34701.15it/s]
22619627it [11:01, 34704.99it/s]
22623118it [11:02, 34765.98it/s]
22626627it [11:02, 34860.41it/s]
22630161it [11:02, 35002.69it/s]
22633676it [11:02, 35043.76it/s]
22637181it [11:02, 34951.02it/s]
22640677it [11:02, 34896.39it/s]
22644186it [11:02, 34951.83it/s]
22647682it [11:02, 34920.76it/s]
22651175it [11:02, 34842.28it/s]
22654660it [11:02, 34828.41it/s]
22658143it [11:03, 34787.57it/s]
22661628it [11:03, 34803.48it/s]
22665119it [11:03, 34834.74it/s]
22668603it [11:03, 34808.23it/s]
22672086it [11:03, 34813.00it/s]
22675582it [11:03, 34854.59it/s]
22679077it [11:03, 34880.51it/s]
22682577it [11:03, 34914.70it/s]
22686074it [11:03, 34929.67it/s]
22689572it [11:03, 34941.85it/s]
22693067it [11:04, 34892.33it/s]
22696557it [11:04, 34854.83it/s]
22700043it [11:04, 34816.06it/s]
22703525it [11:04, 34762.19it/s]
22707002it [11:04, 34760.02it/s]
22710479it [11:04, 34660.20it/s]
22713949it [11:04, 34669.29it/s]
22717431it [11:04, 34713.69it/s]
22720903it [11:04, 34637.95it/s]
22724396it [11:04, 34722.83it/s]
22727896it [11:05, 34805.31it/s]
22731384it [11:05, 34825.41it/s]
22734867it [11:05, 34801.18it/s]
22738363it [11:05, 34847.61it/s]
22741848it [11:05, 34831.43it/s]
22745340it [11:05, 34856.72it/s]
22748844it [11:05, 34909.83it/s]
22752335it [11:05, 34839.08it/s]
22755826it [11:05, 34858.39it/s]
22759317it [11:05, 34871.64it/s]
22762813it [11:06, 34896.91it/s]
22766324it [11:06, 34959.58it/s]
22769849it [11:06, 35045.27it/s]
22773371it [11:06, 35097.03it/s]
22776913it [11:06, 35192.44it/s]
22780433it [11:06, 35151.31it/s]
22783949it [11:06, 35089.14it/s]
22787458it [11:06, 34979.24it/s]
22790957it [11:06, 34884.79it/s]
22794446it [11:06, 34772.90it/s]
22797924it [11:07, 34763.68it/s]
22801407it [11:07, 34779.17it/s]
22804894it [11:07, 34805.75it/s]
22808399it [11:07, 34876.55it/s]
22811890it [11:07, 34884.73it/s]
22815379it [11:07, 34843.18it/s]
22818871it [11:07, 34864.13it/s]
22822368it [11:07, 34893.55it/s]
22825876it [11:07, 34945.70it/s]
22829389it [11:07, 34998.23it/s]
22832895it [11:08, 35015.26it/s]
22836403it [11:08, 35031.45it/s]
22839907it [11:08, 34998.84it/s]
22843414it [11:08, 35017.70it/s]
22846933it [11:08, 35067.49it/s]
22850440it [11:08, 35010.21it/s]
22853942it [11:08, 34912.07it/s]
22857434it [11:08, 34812.78it/s]
22860916it [11:08, 34776.18it/s]
22864394it [11:08, 34770.82it/s]
22867915it [11:09, 34901.03it/s]
22871435it [11:09, 34986.93it/s]
22874945it [11:09, 35019.54it/s]
22878447it [11:09, 34951.91it/s]
22881943it [11:09, 34876.72it/s]
22885449it [11:09, 34928.73it/s]
22888949it [11:09, 34948.68it/s]
22892467it [11:09, 35014.28it/s]
22895969it [11:09, 34923.69it/s]
22899468it [11:09, 34942.52it/s]
22902963it [11:10, 34926.96it/s]
22906456it [11:10, 34915.57it/s]
22909948it [11:10, 34913.56it/s]
22913440it [11:10, 34866.75it/s]
22916927it [11:10, 34851.28it/s]
22920432it [11:10, 34910.39it/s]
22923924it [11:10, 34897.72it/s]
22927432it [11:10, 34949.51it/s]
22930927it [11:10, 34883.13it/s]
22934422it [11:10, 34901.07it/s]
22937919it [11:11, 34921.41it/s]
22941412it [11:11, 34915.13it/s]
22944924it [11:11, 34974.45it/s]
22948459it [11:11, 35084.30it/s]
22951982it [11:11, 35125.96it/s]
22955514it [11:11, 35183.68it/s]
22959063it [11:11, 35274.65it/s]
22962591it [11:11, 35265.37it/s]
22966118it [11:11, 35152.34it/s]
22969634it [11:11, 35046.15it/s]
22973156it [11:12, 35095.36it/s]
22976688it [11:12, 35161.57it/s]
22980205it [11:12, 35110.57it/s]
22983717it [11:12, 34973.66it/s]
22987217it [11:12, 34978.57it/s]
22990734it [11:12, 35033.48it/s]
22994248it [11:12, 35062.57it/s]
22997765it [11:12, 35094.20it/s]
23001275it [11:12, 35046.15it/s]
23004780it [11:12, 35032.81it/s]
23008291it [11:13, 35053.31it/s]
23011797it [11:13, 35040.18it/s]
23015302it [11:13, 34916.58it/s]
23018803it [11:13, 34943.53it/s]
23022318it [11:13, 35003.19it/s]
23025837it [11:13, 35056.94it/s]
23029365it [11:13, 35122.01it/s]
23032890it [11:13, 35158.92it/s]
23036415it [11:13, 35181.23it/s]
23039934it [11:13, 35121.58it/s]
23043450it [11:14, 35130.77it/s]
23046972it [11:14, 35156.46it/s]
23050495it [11:14, 35177.73it/s]
23054013it [11:14, 35132.42it/s]
23057527it [11:14, 34988.15it/s]
23061026it [11:14, 34965.77it/s]
23064523it [11:14, 34927.72it/s]
23068016it [11:14, 34908.65it/s]
23071507it [11:14, 34853.73it/s]
23074993it [11:14, 34786.42it/s]
23078472it [11:15, 34776.79it/s]
23081990it [11:15, 34895.21it/s]
23085521it [11:15, 35017.03it/s]
23089050it [11:15, 35096.31it/s]
23092562it [11:15, 35101.01it/s]
23096099it [11:15, 35179.14it/s]
23099656it [11:15, 35294.22it/s]
23103186it [11:15, 35291.70it/s]
23106728it [11:15, 35329.15it/s]
23110261it [11:15, 35320.80it/s]
23113794it [11:16, 35276.91it/s]
23117326it [11:16, 35288.65it/s]
23120864it [11:16, 35315.11it/s]
23124396it [11:16, 35295.82it/s]
23127926it [11:16, 35233.20it/s]
23131450it [11:16, 35224.79it/s]
23134977it [11:16, 35237.28it/s]
23138511it [11:16, 35265.00it/s]
23142038it [11:16, 35263.66it/s]
23145565it [11:16, 35236.05it/s]
23149089it [11:17, 35181.67it/s]
23152608it [11:17, 35126.32it/s]
23156121it [11:17, 35095.75it/s]
23159631it [11:17, 35078.93it/s]
23163139it [11:17, 34996.55it/s]
23166639it [11:17, 34969.06it/s]
23170152it [11:17, 35016.38it/s]
23173664it [11:17, 35045.99it/s]
23177169it [11:17, 35034.79it/s]
23180673it [11:17, 34913.42it/s]
23184165it [11:18, 34883.77it/s]
23187654it [11:18, 34778.62it/s]
23191132it [11:18, 34757.28it/s]
23194608it [11:18, 34728.27it/s]
23198085it [11:18, 34737.74it/s]
23201577it [11:18, 34789.93it/s]
23205073it [11:18, 34837.90it/s]
23208577it [11:18, 34897.94it/s]
23212073it [11:18, 34913.86it/s]
23215570it [11:19, 34927.58it/s]
23219063it [11:19, 34868.61it/s]
23222572it [11:19, 34932.24it/s]
23226080it [11:19, 34974.56it/s]
23229595it [11:19, 35024.80it/s]
23233099it [11:19, 35027.89it/s]
23236623it [11:19, 35088.19it/s]
23240132it [11:19, 35075.10it/s]
23243640it [11:19, 35023.00it/s]
23247143it [11:19, 34996.24it/s]
23250643it [11:20, 34951.28it/s]
23254139it [11:20, 34860.96it/s]
23257632it [11:20, 34879.90it/s]
23261154it [11:20, 34980.85it/s]
23264676it [11:20, 35051.91it/s]
23268182it [11:20, 35026.37it/s]
23271685it [11:20, 34979.60it/s]
23275183it [11:20, 34923.51it/s]
23278676it [11:20, 34903.37it/s]
23282167it [11:20, 34889.88it/s]
23285672it [11:21, 34937.41it/s]
23289166it [11:21, 34918.24it/s]
23292658it [11:21, 34891.31it/s]
23296148it [11:21, 34833.02it/s]
23299632it [11:21, 34781.75it/s]
23303115it [11:21, 34794.71it/s]
23306595it [11:21, 34783.34it/s]
23310074it [11:21, 34770.13it/s]
23313588it [11:21, 34880.09it/s]
23317102it [11:21, 34955.87it/s]
23320613it [11:22, 35000.54it/s]
23324121it [11:22, 35021.54it/s]
23327663it [11:22, 35138.20it/s]
23331177it [11:22, 35130.81it/s]
23334704it [11:22, 35171.40it/s]
23338233it [11:22, 35204.09it/s]
23341754it [11:22, 35195.50it/s]
23345279it [11:22, 35211.28it/s]
23348818it [11:22, 35261.71it/s]
23352347it [11:22, 35268.64it/s]
23355874it [11:23, 35174.88it/s]
23359393it [11:23, 35177.94it/s]
23362911it [11:23, 35134.55it/s]
23366452it [11:23, 35215.88it/s]
23369993it [11:23, 35272.66it/s]
23373532it [11:23, 35305.87it/s]
23377072it [11:23, 35331.88it/s]
23380612it [11:23, 35350.17it/s]
23384177it [11:23, 35437.55it/s]
23387733it [11:23, 35471.85it/s]
23391309it [11:24, 35556.96it/s]
23394872it [11:24, 35577.35it/s]
23398443it [11:24, 35616.66it/s]
23402005it [11:24, 35602.22it/s]
23405582it [11:24, 35649.54it/s]
23409154it [11:24, 35668.18it/s]
23412730it [11:24, 35695.17it/s]
23416300it [11:24, 35691.47it/s]
23419870it [11:24, 35629.73it/s]
23423454it [11:24, 35689.29it/s]
23427055it [11:25, 35784.29it/s]
23430642it [11:25, 35807.99it/s]
23434227it [11:25, 35818.81it/s]
23437809it [11:25, 35803.64it/s]
23441393it [11:25, 35812.17it/s]
23444975it [11:25, 35731.02it/s]
23448549it [11:25, 35670.82it/s]
23452117it [11:25, 35625.50it/s]
23455680it [11:25, 35611.92it/s]
23459250it [11:25, 35636.95it/s]
23462821it [11:26, 35657.97it/s]
23466397it [11:26, 35687.82it/s]
23469980it [11:26, 35728.43it/s]
23473555it [11:26, 35732.86it/s]
23477129it [11:26, 35711.45it/s]
23480704it [11:26, 35719.67it/s]
23484276it [11:26, 35716.54it/s]
23487848it [11:26, 35579.60it/s]
23491412it [11:26, 35595.84it/s]
23494977it [11:26, 35606.45it/s]
23498538it [11:27, 35536.06it/s]
23502122it [11:27, 35626.03it/s]
23505701it [11:27, 35673.64it/s]
23509272it [11:27, 35682.15it/s]
23512861it [11:27, 35743.00it/s]
23516436it [11:27, 35699.33it/s]
23520008it [11:27, 35702.83it/s]
23523579it [11:27, 35683.85it/s]
23527148it [11:27, 35666.85it/s]
23530715it [11:27, 35615.39it/s]
23534277it [11:28, 35590.61it/s]
23537837it [11:28, 35523.28it/s]
23541390it [11:28, 35490.39it/s]
23544952it [11:28, 35526.67it/s]
23548505it [11:28, 35474.29it/s]
23552075it [11:28, 35539.55it/s]
23555642it [11:28, 35576.09it/s]
23559217it [11:28, 35627.49it/s]
23562810it [11:28, 35714.91it/s]
23566382it [11:28, 35689.00it/s]
23569951it [11:29, 35641.94it/s]
23573541it [11:29, 35717.20it/s]
23577116it [11:29, 35726.17it/s]
23580701it [11:29, 35760.59it/s]
23584280it [11:29, 35767.14it/s]
23587857it [11:29, 35700.12it/s]
23591440it [11:29, 35736.12it/s]
23595024it [11:29, 35765.52it/s]
23598601it [11:29, 35707.16it/s]
23602172it [11:29, 35638.35it/s]
23605736it [11:30, 35600.48it/s]
23609297it [11:30, 35562.19it/s]
23612859it [11:30, 35577.09it/s]
23616417it [11:30, 35539.76it/s]
23619985it [11:30, 35579.21it/s]
23623543it [11:30, 35537.56it/s]
23627116it [11:30, 35592.93it/s]
23630679it [11:30, 35601.96it/s]
23634240it [11:30, 35599.52it/s]
23637800it [11:30, 35595.07it/s]
23641368it [11:31, 35617.46it/s]
23644951it [11:31, 35680.03it/s]
23648520it [11:31, 35668.01it/s]
23652111it [11:31, 35737.10it/s]
23655689it [11:31, 35747.73it/s]
23659265it [11:31, 35749.93it/s]
23662859it [11:31, 35802.75it/s]
23666459it [11:31, 35859.79it/s]
23670045it [11:31, 35854.04it/s]
23673633it [11:31, 35861.22it/s]
23677220it [11:32, 35770.91it/s]
23680813it [11:32, 35815.43it/s]
23684414it [11:32, 35873.04it/s]
23688005it [11:32, 35882.36it/s]
23691598it [11:32, 35896.08it/s]
23695188it [11:32, 35830.01it/s]
23698772it [11:32, 35817.41it/s]
23702366it [11:32, 35851.73it/s]
23705952it [11:32, 35847.10it/s]
23709537it [11:32, 35817.80it/s]
23713124it [11:33, 35832.02it/s]
23716719it [11:33, 35865.78it/s]
23720306it [11:33, 35856.88it/s]
23723904it [11:33, 35892.52it/s]
23727505it [11:33, 35925.50it/s]
23731098it [11:33, 35819.32it/s]
23734681it [11:33, 35721.74it/s]
23738254it [11:33, 35716.58it/s]
23741826it [11:33, 35619.46it/s]
23745389it [11:33, 35579.30it/s]
23748948it [11:34, 35581.69it/s]
23752539it [11:34, 35677.41it/s]
23756134it [11:34, 35758.49it/s]
23759710it [11:34, 35730.01it/s]
23763311it [11:34, 35812.72it/s]
23766893it [11:34, 35790.23it/s]
23770487it [11:34, 35832.76it/s]
23774073it [11:34, 35838.22it/s]
23777659it [11:34, 35841.71it/s]
23781244it [11:34, 35815.38it/s]
23784826it [11:35, 35753.72it/s]
23788402it [11:35, 35740.17it/s]
23791981it [11:35, 35752.30it/s]
23795557it [11:35, 35745.24it/s]
23799133it [11:35, 35748.76it/s]
23802708it [11:35, 35745.46it/s]
23806283it [11:35, 35676.88it/s]
23809851it [11:35, 35547.77it/s]
23813408it [11:35, 35552.88it/s]
23816964it [11:35, 35506.75it/s]
23820532it [11:36, 35554.81it/s]
23824090it [11:36, 35560.13it/s]
23827651it [11:36, 35573.83it/s]
23831223it [11:36, 35614.46it/s]
23834824it [11:36, 35731.33it/s]
23838436it [11:36, 35844.36it/s]
23842042it [11:36, 35906.03it/s]
23845651it [11:36, 35959.54it/s]
23849247it [11:36, 35953.39it/s]
23852843it [11:36, 35954.10it/s]
23856439it [11:37, 35899.81it/s]
23860030it [11:37, 35860.91it/s]
23863634it [11:37, 35912.25it/s]
23867232it [11:37, 35931.53it/s]
23870826it [11:37, 35930.23it/s]
23874420it [11:37, 35901.61it/s]
23878011it [11:37, 35791.87it/s]
23881592it [11:37, 35794.24it/s]
23885198it [11:37, 35873.07it/s]
23888790it [11:37, 35883.78it/s]
23892401it [11:38, 35948.37it/s]
23896005it [11:38, 35973.02it/s]
23899603it [11:38, 35968.87it/s]
23903225it [11:38, 36040.83it/s]
23906840it [11:38, 36072.34it/s]
23910448it [11:38, 36073.36it/s]
23914056it [11:38, 36058.19it/s]
23917666it [11:38, 36067.87it/s]
23921283it [11:38, 36096.37it/s]
23924893it [11:38, 36075.41it/s]
23928501it [11:39, 36050.82it/s]
23932108it [11:39, 36055.86it/s]
23935714it [11:39, 36052.68it/s]
23939320it [11:39, 36033.17it/s]
23942926it [11:39, 36039.60it/s]
23946538it [11:39, 36062.71it/s]
23950145it [11:39, 36048.46it/s]
23953763it [11:39, 36086.34it/s]
23957372it [11:39, 36072.62it/s]
23960982it [11:39, 36079.52it/s]
23964590it [11:40, 36063.79it/s]
23968197it [11:40, 36061.39it/s]
23971804it [11:40, 36032.27it/s]
23975408it [11:40, 36006.96it/s]
23979013it [11:40, 36019.43it/s]
23982628it [11:40, 36056.90it/s]
23986245it [11:40, 36089.35it/s]
23989854it [11:40, 36038.72it/s]
23993458it [11:40, 36010.51it/s]
23997060it [11:40, 35982.55it/s]
24000659it [11:41, 35952.78it/s]
24004264it [11:41, 35981.21it/s]
24007875it [11:41, 36016.59it/s]
24011477it [11:41, 35967.35it/s]
24015074it [11:41, 35959.96it/s]
24018680it [11:41, 35987.99it/s]
24022285it [11:41, 36003.83it/s]
24025906it [11:41, 36063.10it/s]
24029513it [11:41, 36057.96it/s]
24033119it [11:41, 36030.15it/s]
24036723it [11:42, 35996.40it/s]
24040323it [11:42, 35911.25it/s]
24043915it [11:42, 35890.63it/s]
24047505it [11:42, 35833.69it/s]
24051089it [11:42, 35773.73it/s]
24054678it [11:42, 35807.19it/s]
24058262it [11:42, 35816.48it/s]
24061867it [11:42, 35883.18it/s]
24065456it [11:42, 35874.75it/s]
24069044it [11:42, 35820.51it/s]
24072627it [11:43, 35803.35it/s]
24076232it [11:43, 35875.13it/s]
24079855it [11:43, 35978.90it/s]
24083460it [11:43, 35997.70it/s]
24087071it [11:43, 36028.14it/s]
24090691it [11:43, 36078.75it/s]
24094299it [11:43, 36029.62it/s]
24097903it [11:43, 36031.33it/s]
24101507it [11:43, 35946.11it/s]
24105102it [11:43, 35860.89it/s]
24108689it [11:44, 35855.14it/s]
24112278it [11:44, 35862.51it/s]
24115865it [11:44, 35801.35it/s]
24119446it [11:44, 35733.91it/s]
24123020it [11:44, 35722.09it/s]
24126594it [11:44, 35726.47it/s]
24130188it [11:44, 35789.74it/s]
24133767it [11:44, 35749.78it/s]
24137343it [11:44, 35697.31it/s]
24140913it [11:44, 35644.91it/s]
24144492it [11:45, 35687.49it/s]
24148103it [11:45, 35812.20it/s]
24151715it [11:45, 35902.48it/s]
24155316it [11:45, 35932.92it/s]
24158912it [11:45, 35939.76it/s]
24162534it [11:45, 36021.71it/s]
24166143it [11:45, 36041.87it/s]
24169758it [11:45, 36072.68it/s]
24173367it [11:45, 36076.62it/s]
24176975it [11:45, 36060.24it/s]
24180582it [11:46, 35988.82it/s]
24184189it [11:46, 36010.13it/s]
24187791it [11:46, 35959.90it/s]
24191388it [11:46, 35943.08it/s]
24194983it [11:46, 35906.32it/s]
24198577it [11:46, 35914.62it/s]
24202172it [11:46, 35923.74it/s]
24205800it [11:46, 36027.74it/s]
24209420it [11:46, 36076.35it/s]
24213028it [11:46, 36049.34it/s]
24216633it [11:47, 35987.32it/s]
24220232it [11:47, 35914.39it/s]
24223824it [11:47, 35820.24it/s]
24227407it [11:47, 35812.14it/s]
24230989it [11:47, 35803.65it/s]
24234570it [11:47, 35758.73it/s]
24238146it [11:47, 35740.18it/s]
24241729it [11:47, 35764.58it/s]
24245306it [11:47, 35752.29it/s]
24248882it [11:47, 35690.88it/s]
24252453it [11:48, 35696.18it/s]
24256064it [11:48, 35816.90it/s]
24259646it [11:48, 35796.10it/s]
24263226it [11:48, 35774.74it/s]
24266816it [11:48, 35809.77it/s]
24270423it [11:48, 35884.65it/s]
24274012it [11:48, 35879.75it/s]
24277614it [11:48, 35920.29it/s]
24281221it [11:48, 35964.22it/s]
24284818it [11:48, 35945.84it/s]
24288413it [11:49, 35874.73it/s]
24292001it [11:49, 35832.50it/s]
24295586it [11:49, 35834.83it/s]
24299170it [11:49, 35817.36it/s]
24302752it [11:49, 35813.84it/s]
24306334it [11:49, 35684.47it/s]
24309903it [11:49, 35655.20it/s]
24313493it [11:49, 35726.45it/s]
24317088it [11:49, 35792.39it/s]
24320668it [11:49, 35743.11it/s]
24324248it [11:50, 35758.11it/s]
24327824it [11:50, 35732.71it/s]
24331419it [11:50, 35796.07it/s]
24334999it [11:50, 35772.57it/s]
24338577it [11:50, 35729.02it/s]
24342150it [11:50, 35674.30it/s]
24345719it [11:50, 35677.26it/s]
24349287it [11:50, 35656.62it/s]
24352853it [11:50, 35633.85it/s]
24356417it [11:50, 35526.33it/s]
24359970it [11:51, 35413.35it/s]
24363554it [11:51, 35539.05it/s]
24367138it [11:51, 35626.34it/s]
24370727it [11:51, 35702.95it/s]
24374298it [11:51, 35651.10it/s]
24377864it [11:51, 35556.28it/s]
24381420it [11:51, 35513.41it/s]
24384983it [11:51, 35547.12it/s]
24388538it [11:51, 35527.99it/s]
24392103it [11:51, 35561.78it/s]
24395660it [11:52, 35477.52it/s]
24399234it [11:52, 35555.43it/s]
24402793it [11:52, 35563.35it/s]
24406350it [11:52, 35555.07it/s]
24409906it [11:52, 35515.98it/s]
24413458it [11:52, 35433.17it/s]
24417002it [11:52, 35387.57it/s]
24420541it [11:52, 35340.42it/s]
24424076it [11:52, 35332.84it/s]
24427612it [11:52, 35339.04it/s]
24431188it [11:53, 35462.65it/s]
24434771it [11:53, 35569.40it/s]
24438353it [11:53, 35642.41it/s]
24441940it [11:53, 35709.04it/s]
24445511it [11:53, 35679.85it/s]
24449091it [11:53, 35715.01it/s]
24452684it [11:53, 35779.14it/s]
24456294it [11:53, 35872.46it/s]
24459896it [11:53, 35915.36it/s]
24463499it [11:53, 35948.82it/s]
24467117it [11:54, 36017.61it/s]
24470734it [11:54, 36060.93it/s]
24474342it [11:54, 36063.20it/s]
24477949it [11:54, 36039.99it/s]
24481554it [11:54, 35964.08it/s]
24485151it [11:54, 35808.86it/s]
24488733it [11:54, 35805.70it/s]
24492314it [11:54, 35771.82it/s]
24495892it [11:54, 35694.86it/s]
24499462it [11:54, 35636.62it/s]
24503026it [11:55, 35599.99it/s]
24506587it [11:55, 35594.93it/s]
24510155it [11:55, 35617.78it/s]
24513733it [11:55, 35663.77it/s]
24517321it [11:55, 35727.36it/s]
24520906it [11:55, 35761.86it/s]
24524483it [11:55, 35760.17it/s]
24528060it [11:55, 35671.15it/s]
24531628it [11:55, 35647.38it/s]
24535211it [11:55, 35699.28it/s]
24538781it [11:56, 35650.98it/s]
24542347it [11:56, 35649.90it/s]
24545913it [11:56, 35631.38it/s]
24549477it [11:56, 35574.62it/s]
24553035it [11:56, 35567.08it/s]
24556592it [11:56, 35512.66it/s]
24560144it [11:56, 35489.89it/s]
24563707it [11:56, 35530.63it/s]
24567295it [11:56, 35633.11it/s]
24570859it [11:56, 35612.03it/s]
24574421it [11:57, 35590.27it/s]
24577999it [11:57, 35645.50it/s]
24581564it [11:57, 35574.38it/s]
24585126it [11:57, 35586.30it/s]
24588691it [11:57, 35603.56it/s]
24592252it [11:57, 35566.59it/s]
24595809it [11:57, 35550.18it/s]
24599389it [11:57, 35624.09it/s]
24602952it [11:57, 35624.73it/s]
24606536it [11:57, 35687.66it/s]
24610107it [11:58, 35692.64it/s]
24613688it [11:58, 35725.75it/s]
24617272it [11:58, 35759.00it/s]
24620848it [11:58, 35742.26it/s]
24624428it [11:58, 35758.54it/s]
24628004it [11:58, 35628.86it/s]
24631567it [11:58, 35528.01it/s]
24635120it [11:58, 35472.99it/s]
24638668it [11:58, 35461.78it/s]
24642215it [11:58, 35462.68it/s]
24645762it [11:59, 35430.69it/s]
24649331it [11:59, 35507.19it/s]
24652894it [11:59, 35542.03it/s]
24656449it [11:59, 35527.90it/s]
24660012it [11:59, 35556.04it/s]
24663578it [11:59, 35585.87it/s]
24667162it [11:59, 35660.87it/s]
24670737it [11:59, 35686.26it/s]
24674306it [11:59, 35551.52it/s]
24677866it [11:59, 35563.62it/s]
24681462it [12:00, 35679.57it/s]
24685062it [12:00, 35773.11it/s]
24688664it [12:00, 35846.21it/s]
24692269it [12:00, 35906.31it/s]
24695869it [12:00, 35931.64it/s]
24699480it [12:00, 35984.13it/s]
24703097it [12:00, 36038.15it/s]
24706727it [12:00, 36116.44it/s]
24710339it [12:00, 36076.03it/s]
24713964it [12:00, 36126.48it/s]
24717577it [12:01, 36115.44it/s]
24721202it [12:01, 36154.63it/s]
24724818it [12:01, 36132.56it/s]
24728432it [12:01, 36083.64it/s]
24732042it [12:01, 36086.26it/s]
24735651it [12:01, 36048.09it/s]
24739256it [12:01, 35938.23it/s]
24742850it [12:01, 35825.57it/s]
24746433it [12:01, 35734.11it/s]
24750007it [12:01, 35726.52it/s]
24753580it [12:02, 35663.22it/s]
24757203it [12:02, 35829.65it/s]
24760791it [12:02, 35844.32it/s]
24764376it [12:02, 35816.39it/s]
24767959it [12:02, 35819.25it/s]
24771541it [12:02, 35770.05it/s]
24775161it [12:02, 35895.64it/s]
24778753it [12:02, 35902.16it/s]
24782346it [12:02, 35907.53it/s]
24785937it [12:02, 35856.77it/s]
24789540it [12:03, 35907.70it/s]
24793150it [12:03, 35962.17it/s]
24796753it [12:03, 35981.74it/s]
24800359it [12:03, 36002.75it/s]
24803968it [12:03, 36028.15it/s]
24807571it [12:03, 35958.27it/s]
24811179it [12:03, 35991.73it/s]
24814795it [12:03, 36040.87it/s]
24818400it [12:03, 35967.87it/s]
24821998it [12:03, 35969.74it/s]
24825597it [12:04, 35972.40it/s]
24829216it [12:04, 36037.18it/s]
24832820it [12:04, 35873.44it/s]
24836408it [12:04, 35773.60it/s]
24839993it [12:04, 35795.02it/s]
24843591it [12:04, 35849.22it/s]
24847189it [12:04, 35885.99it/s]
24850783it [12:04, 35901.69it/s]
24854415it [12:04, 36026.27it/s]
24858056it [12:04, 36139.73it/s]
24861681it [12:05, 36172.44it/s]
24865299it [12:05, 36135.09it/s]
24868913it [12:05, 36115.54it/s]
24872525it [12:05, 36028.65it/s]
24876142it [12:05, 36070.47it/s]
24879773it [12:05, 36141.10it/s]
24883413it [12:05, 36217.75it/s]
24887049it [12:05, 36259.70it/s]
24890678it [12:05, 36268.12it/s]
24894305it [12:05, 36172.36it/s]
24897923it [12:06, 36135.28it/s]
24901567it [12:06, 36225.26it/s]
24905190it [12:06, 36186.50it/s]
24908809it [12:06, 36022.13it/s]
24912412it [12:06, 35914.77it/s]
24916004it [12:06, 35787.48it/s]
24919583it [12:06, 35778.07it/s]
24923169it [12:06, 35799.41it/s]
24926750it [12:06, 35791.03it/s]
24930335it [12:07, 35807.23it/s]
24933916it [12:07, 35720.92it/s]
24937489it [12:07, 35701.83it/s]
24941060it [12:07, 35668.73it/s]
24944627it [12:07, 35639.14it/s]
24948191it [12:07, 35619.68it/s]
24951797it [12:07, 35748.56it/s]
24955435it [12:07, 35936.73it/s]
24959064it [12:07, 36041.79it/s]
24962674it [12:07, 36057.42it/s]
24966280it [12:08, 36028.12it/s]
24969883it [12:08, 35982.77it/s]
24973482it [12:08, 35976.78it/s]
24977101it [12:08, 36038.85it/s]
24980715it [12:08, 36067.86it/s]
24984322it [12:08, 36055.91it/s]
24987928it [12:08, 36047.59it/s]
24991534it [12:08, 36049.70it/s]
24995139it [12:08, 35991.52it/s]
24998739it [12:08, 35941.58it/s]
25002337it [12:09, 35952.55it/s]
25005933it [12:09, 35880.22it/s]
25009531it [12:09, 35909.35it/s]
25013148it [12:09, 35985.10it/s]
25016753it [12:09, 36004.07it/s]
25020362it [12:09, 36028.39it/s]
25023965it [12:09, 36008.42it/s]
25027566it [12:09, 35955.54it/s]
25031169it [12:09, 35976.28it/s]
25034767it [12:09, 35974.97it/s]
25038365it [12:10, 35961.09it/s]
25041964it [12:10, 35968.64it/s]
25045575it [12:10, 36010.07it/s]
25049210it [12:10, 36109.79it/s]
25052821it [12:10, 36104.29it/s]
25056442it [12:10, 36133.29it/s]
25060056it [12:10, 36130.74it/s]
25063696it [12:10, 36208.86it/s]
25067344it [12:10, 36289.41it/s]
25070989it [12:10, 36335.30it/s]
25074623it [12:11, 36285.55it/s]
25078266it [12:11, 36328.46it/s]
25081903it [12:11, 36339.00it/s]
25085553it [12:11, 36386.63it/s]
25089192it [12:11, 36386.43it/s]
25092837it [12:11, 36402.69it/s]
25096478it [12:11, 36365.47it/s]
25100119it [12:11, 36376.88it/s]
25103757it [12:11, 36322.86it/s]
25107390it [12:11, 36285.42it/s]
25111019it [12:12, 36190.53it/s]
25114639it [12:12, 36103.25it/s]
25118255it [12:12, 36117.49it/s]
25121870it [12:12, 36126.58it/s]
25125483it [12:12, 36124.01it/s]
25129098it [12:12, 36129.97it/s]
25132712it [12:12, 36106.93it/s]
25136323it [12:12, 36106.62it/s]
25139947it [12:12, 36143.72it/s]
25143576it [12:12, 36187.01it/s]
25147214it [12:13, 36243.62it/s]
25150857it [12:13, 36297.32it/s]
25154503it [12:13, 36343.36it/s]
25158152it [12:13, 36384.65it/s]
25161798it [12:13, 36406.09it/s]
25165442it [12:13, 36413.74it/s]
25169084it [12:13, 36388.65it/s]
25172725it [12:13, 36394.46it/s]
25176365it [12:13, 36350.63it/s]
25180001it [12:13, 36347.14it/s]
25183642it [12:14, 36364.17it/s]
25187288it [12:14, 36389.76it/s]
25190927it [12:14, 36342.17it/s]
25194581it [12:14, 36400.59it/s]
25198228it [12:14, 36420.39it/s]
25201871it [12:14, 36416.98it/s]
25205513it [12:14, 36354.57it/s]
25209149it [12:14, 36313.00it/s]
25212781it [12:14, 36295.91it/s]
25216432it [12:14, 36358.43it/s]
25220070it [12:15, 36362.87it/s]
25223718it [12:15, 36397.42it/s]
25227358it [12:15, 36385.64it/s]
25230997it [12:15, 36263.14it/s]
25234647it [12:15, 36333.02it/s]
25238295it [12:15, 36376.13it/s]
25241943it [12:15, 36404.42it/s]
25245594it [12:15, 36434.43it/s]
25249238it [12:15, 36389.61it/s]
25252877it [12:15, 36356.65it/s]
25256513it [12:16, 36329.29it/s]
25260146it [12:16, 36275.43it/s]
25263793it [12:16, 36331.79it/s]
25267427it [12:16, 36276.25it/s]
25271076it [12:16, 36337.57it/s]
25274732it [12:16, 36403.06it/s]
25278373it [12:16, 36379.84it/s]
25282012it [12:16, 36375.25it/s]
25285656it [12:16, 36391.00it/s]
25289298it [12:16, 36397.41it/s]
25292938it [12:17, 36382.10it/s]
25296577it [12:17, 36351.77it/s]
25300227it [12:17, 36392.56it/s]
25303874it [12:17, 36414.84it/s]
25307516it [12:17, 36369.63it/s]
25311153it [12:17, 36355.96it/s]
25314799it [12:17, 36385.28it/s]
25318438it [12:17, 36378.62it/s]
25322076it [12:17, 36362.51it/s]
25325714it [12:17, 36364.07it/s]
25329352it [12:18, 36367.09it/s]
25332989it [12:18, 36348.82it/s]
25336624it [12:18, 36310.36it/s]
25340256it [12:18, 36297.18it/s]
25343886it [12:18, 36227.15it/s]
25347515it [12:18, 36241.84it/s]
25351140it [12:18, 36233.45it/s]
25354767it [12:18, 36241.72it/s]
25358412it [12:18, 36301.32it/s]
25362043it [12:18, 36282.00it/s]
25365677it [12:19, 36297.60it/s]
25369307it [12:19, 36292.39it/s]
25372939it [12:19, 36299.23it/s]
25376569it [12:19, 36264.44it/s]
25380196it [12:19, 36208.76it/s]
25383849it [12:19, 36303.54it/s]
25387489it [12:19, 36331.08it/s]
25391123it [12:19, 36330.46it/s]
25394757it [12:19, 36309.67it/s]
25398391it [12:19, 36316.67it/s]
25402023it [12:20, 35828.63it/s]
25405659it [12:20, 35985.34it/s]
25409295it [12:20, 36094.45it/s]
25412933it [12:20, 36178.21it/s]
25416572it [12:20, 36238.97it/s]
25420231it [12:20, 36341.85it/s]
25423889it [12:20, 36412.58it/s]
25427546it [12:20, 36457.46it/s]
25431192it [12:20, 36444.33it/s]
25434837it [12:20, 36420.19it/s]
25438484it [12:21, 36433.72it/s]
25442132it [12:21, 36445.96it/s]
25445777it [12:21, 36438.93it/s]
25449421it [12:21, 36430.20it/s]
25453065it [12:21, 36382.90it/s]
25456704it [12:21, 36362.05it/s]
25460341it [12:21, 35971.09it/s]
25463965it [12:21, 36050.01it/s]
25467595it [12:21, 36123.64it/s]
25471239it [12:21, 36216.22it/s]
25474862it [12:22, 35119.87it/s]
25478511it [12:22, 35520.57it/s]
25482155it [12:22, 35789.49it/s]
25485804it [12:22, 35994.41it/s]
25489448it [12:22, 36126.66it/s]
25493095it [12:22, 36228.40it/s]
25496720it [12:22, 35830.88it/s]
25500334it [12:22, 35920.65it/s]
25503951it [12:22, 35992.78it/s]
25507552it [12:22, 35128.25it/s]
25511176it [12:23, 35451.44it/s]
25514812it [12:23, 35719.64it/s]
25518441it [12:23, 35888.43it/s]
25522072it [12:23, 36012.74it/s]
25525697it [12:23, 36081.64it/s]
25529307it [12:23, 35411.46it/s]
25532878it [12:23, 35498.85it/s]
25536451it [12:23, 35564.70it/s]
25540013it [12:23, 35580.76it/s]
25543586it [12:23, 35624.31it/s]
25547150it [12:24, 34980.56it/s]
25550716it [12:24, 35180.00it/s]
25554290it [12:24, 35344.35it/s]
25557857it [12:24, 35439.14it/s]
25561403it [12:24, 35439.15it/s]
25564948it [12:24, 34833.91it/s]
25568504it [12:24, 35046.87it/s]
25572052it [12:24, 35171.70it/s]
25575585it [12:24, 35216.77it/s]
25579111it [12:24, 35228.75it/s]
25582635it [12:25, 34846.16it/s]
25586188it [12:25, 35048.75it/s]
25589756it [12:25, 35236.16it/s]
25593308it [12:25, 35320.19it/s]
25596841it [12:25, 34891.49it/s]
25600396it [12:25, 35084.26it/s]
25603912it [12:25, 35106.39it/s]
25607457it [12:25, 35207.16it/s]
25610979it [12:25, 34806.25it/s]
25614499it [12:25, 34920.79it/s]
25618017it [12:26, 34996.13it/s]
25621551it [12:26, 35096.50it/s]
25625062it [12:26, 34779.40it/s]
25628640it [12:26, 35075.45it/s]
25632209it [12:26, 35256.44it/s]
25635769it [12:26, 35357.31it/s]
25639306it [12:26, 35001.82it/s]
25642859it [12:26, 35156.80it/s]
25646421it [12:26, 35292.22it/s]
25649984it [12:26, 35392.13it/s]
25653524it [12:27, 34422.68it/s]
25657066it [12:27, 34712.95it/s]
25660621it [12:27, 34959.64it/s]
25664167it [12:27, 35105.63it/s]
25667718it [12:27, 35224.22it/s]
25671255it [12:27, 35267.36it/s]
25674784it [12:27, 35107.83it/s]
25678335it [12:27, 35222.04it/s]
25681886it [12:27, 35306.81it/s]
25685434it [12:28, 35356.68it/s]
25688971it [12:28, 34994.82it/s]
25692475it [12:28, 35005.84it/s]
25695977it [12:28, 34927.22it/s]
25699483it [12:28, 34964.12it/s]
25702980it [12:28, 34790.92it/s]
25706549it [12:28, 35056.86it/s]
25710080it [12:28, 35129.41it/s]
25713594it [12:28, 35113.74it/s]
25717106it [12:28, 33827.46it/s]
25720657it [12:29, 34316.28it/s]
25724171it [12:29, 34557.87it/s]
25727710it [12:29, 34803.44it/s]
25731243it [12:29, 34957.97it/s]
25734791it [12:29, 35111.09it/s]
25738350it [12:29, 35251.77it/s]
25741878it [12:29, 35078.12it/s]
25745464it [12:29, 35309.02it/s]
25749005it [12:29, 35337.43it/s]
25752540it [12:29, 34319.89it/s]
25756051it [12:30, 34550.18it/s]
25759596it [12:30, 34813.27it/s]
25763145it [12:30, 35012.81it/s]
25766673it [12:30, 35090.42it/s]
25770239it [12:30, 35257.82it/s]
25773767it [12:30, 34806.44it/s]
25777315it [12:30, 35005.10it/s]
25780844it [12:30, 35087.95it/s]
25784372it [12:30, 35143.63it/s]
25787899it [12:30, 35180.79it/s]
25791418it [12:31, 34921.59it/s]
25794930it [12:31, 34979.40it/s]
25798440it [12:31, 35014.95it/s]
25801942it [12:31, 34449.15it/s]
25805486it [12:31, 34740.68it/s]
25809006it [12:31, 34876.69it/s]
25812537it [12:31, 35003.41it/s]
25816049it [12:31, 35036.18it/s]
25819554it [12:31, 34634.69it/s]
25823109it [12:31, 34905.91it/s]
25826691it [12:32, 35175.91it/s]
25830257it [12:32, 35318.28it/s]
25833790it [12:32, 34822.92it/s]
25837365it [12:32, 35095.07it/s]
25840922it [12:32, 35236.02it/s]
25844463it [12:32, 35284.39it/s]
25847993it [12:32, 35282.20it/s]
25851522it [12:32, 34931.26it/s]
25855091it [12:32, 35156.23it/s]
25858645it [12:32, 35268.76it/s]
25862207it [12:33, 35371.59it/s]
25865745it [12:33, 34590.59it/s]
25869255it [12:33, 34739.79it/s]
25872789it [12:33, 34916.51it/s]
25876323it [12:33, 35040.00it/s]
25879910it [12:33, 35287.00it/s]
25883441it [12:33, 35102.01it/s]
25886987it [12:33, 35208.35it/s]
25890525it [12:33, 35259.25it/s]
25894052it [12:33, 35224.56it/s]
25897575it [12:34, 34901.94it/s]
25901073it [12:34, 34922.17it/s]
25904576it [12:34, 34953.88it/s]
25908097it [12:34, 35029.52it/s]
25911601it [12:34, 34753.50it/s]
25915125it [12:34, 34897.24it/s]
25918694it [12:34, 35132.21it/s]
25922260it [12:34, 35286.18it/s]
25925790it [12:34, 34787.95it/s]
25929364it [12:34, 35069.08it/s]
25932961it [12:35, 35336.34it/s]
25936510it [12:35, 35380.92it/s]
25940055it [12:35, 35400.48it/s]
25943596it [12:35, 34703.35it/s]
25947152it [12:35, 34953.64it/s]
25950741it [12:35, 35229.62it/s]
25954325it [12:35, 35410.18it/s]
25957909it [12:35, 35535.03it/s]
25961464it [12:35, 34823.06it/s]
25965046it [12:35, 35114.31it/s]
25968626it [12:36, 35315.36it/s]
25972207it [12:36, 35459.97it/s]
25975767it [12:36, 35499.44it/s]
25979319it [12:36, 34664.84it/s]
25982849it [12:36, 34851.16it/s]
25986405it [12:36, 35059.52it/s]
25989937it [12:36, 35136.07it/s]
25993464it [12:36, 35175.21it/s]
25996984it [12:36, 34441.06it/s]
26000517it [12:37, 34702.68it/s]
26004040it [12:37, 34858.46it/s]
26007557it [12:37, 34949.26it/s]
26011107it [12:37, 35110.00it/s]
26014620it [12:37, 34381.31it/s]
26018152it [12:37, 34657.18it/s]
26021672it [12:37, 34815.63it/s]
26025211it [12:37, 34983.84it/s]
26028767it [12:37, 35152.91it/s]
26032322it [12:37, 35270.83it/s]
26035851it [12:38, 34460.23it/s]
26039372it [12:38, 34678.70it/s]
26042923it [12:38, 34922.69it/s]
26046478it [12:38, 35108.34it/s]
26050043it [12:38, 35268.21it/s]
26053572it [12:38, 34517.21it/s]
26057097it [12:38, 34730.62it/s]
26060649it [12:38, 34963.81it/s]
26064187it [12:38, 35086.50it/s]
26067738it [12:38, 35209.82it/s]
26071261it [12:39, 34387.18it/s]
26074777it [12:39, 34611.84it/s]
26078301it [12:39, 34797.00it/s]
26081821it [12:39, 34913.51it/s]
26085340it [12:39, 34993.15it/s]
26088841it [12:39, 34229.93it/s]
26092355it [12:39, 34496.64it/s]
26095894it [12:39, 34760.32it/s]
26099430it [12:39, 34936.30it/s]
26102948it [12:39, 35007.24it/s]
26106451it [12:40, 34262.92it/s]
26109955it [12:40, 34490.68it/s]
26113466it [12:40, 34671.78it/s]
26116977it [12:40, 34800.94it/s]
26120477it [12:40, 34858.25it/s]
26123965it [12:40, 34862.43it/s]
26127453it [12:40, 34073.55it/s]
26130957it [12:40, 34357.68it/s]
26134473it [12:40, 34593.65it/s]
26137989it [12:40, 34760.00it/s]
26141494it [12:41, 34843.97it/s]
26144980it [12:41, 34128.08it/s]
26148497it [12:41, 34432.00it/s]
26152006it [12:41, 34626.62it/s]
26155505it [12:41, 34733.57it/s]
26159013it [12:41, 34836.32it/s]
26162499it [12:41, 34121.24it/s]
26166003it [12:41, 34388.88it/s]
26169485it [12:41, 34513.20it/s]
26172971it [12:41, 34614.64it/s]
26176449it [12:42, 34663.18it/s]
26179917it [12:42, 33947.14it/s]
26183391it [12:42, 34178.64it/s]
26186879it [12:42, 34384.34it/s]
26190344it [12:42, 34461.27it/s]
26193814it [12:42, 34531.25it/s]
26197307it [12:42, 34647.45it/s]
26200773it [12:42, 33865.18it/s]
26204247it [12:42, 34121.48it/s]
26207712it [12:42, 34276.44it/s]
26211184it [12:43, 34404.97it/s]
26214672it [12:43, 34545.96it/s]
26218129it [12:43, 33765.39it/s]
26221604it [12:43, 34051.39it/s]
26225063it [12:43, 34208.51it/s]
26228545it [12:43, 34389.72it/s]
26232003it [12:43, 34442.81it/s]
26235452it [12:43, 34456.42it/s]
26238899it [12:43, 33511.36it/s]
26242316it [12:44, 33702.61it/s]
26245749it [12:44, 33885.22it/s]
26249211it [12:44, 34099.91it/s]
26252668it [12:44, 34236.07it/s]
26256094it [12:44, 33483.24it/s]
26259518it [12:44, 33704.49it/s]
26262936it [12:44, 33843.14it/s]
26266356it [12:44, 33948.21it/s]
26269804it [12:44, 34104.71it/s]
26273239it [12:44, 34174.84it/s]
26276658it [12:45, 33358.20it/s]
26280096it [12:45, 33656.42it/s]
26283526it [12:45, 33845.89it/s]
26286952it [12:45, 33967.83it/s]
26290365it [12:45, 34014.10it/s]
26293769it [12:45, 33280.84it/s]
26297176it [12:45, 33510.57it/s]
26300597it [12:45, 33716.97it/s]
26304013it [12:45, 33847.36it/s]
26307426it [12:45, 33930.81it/s]
26310826it [12:46, 33951.19it/s]
26314223it [12:46, 33068.74it/s]
26317597it [12:46, 33264.49it/s]
26320990it [12:46, 33458.76it/s]
26324391it [12:46, 33619.86it/s]
26327771it [12:46, 33671.44it/s]
26331140it [12:46, 33365.66it/s]
26334538it [12:46, 33545.76it/s]
26337914it [12:46, 33609.18it/s]
26341325it [12:46, 33756.93it/s]
26344711it [12:47, 33783.70it/s]
26348120it [12:47, 33873.02it/s]
26351540it [12:47, 33969.88it/s]
26354968it [12:47, 34060.66it/s]
26358407it [12:47, 34157.91it/s]
26361830it [12:47, 34177.87it/s]
26365248it [12:47, 33855.10it/s]
26368671it [12:47, 33966.09it/s]
26372069it [12:47, 33967.11it/s]
26375490it [12:47, 34038.42it/s]
26378895it [12:48, 32952.30it/s]
26382324it [12:48, 33343.22it/s]
26385763it [12:48, 33650.52it/s]
26389191it [12:48, 33835.99it/s]
26392650it [12:48, 34059.79it/s]
26396077it [12:48, 34119.74it/s]
26399491it [12:48, 33886.82it/s]
26402935it [12:48, 34048.29it/s]
26406385it [12:48, 34181.98it/s]
26409825it [12:48, 34243.75it/s]
26413251it [12:49, 33858.66it/s]
26416655it [12:49, 33909.22it/s]
26420076it [12:49, 33996.31it/s]
26423477it [12:49, 33920.72it/s]
26426870it [12:49, 33707.94it/s]
26430293it [12:49, 33862.25it/s]
26433714it [12:49, 33964.49it/s]
26437138it [12:49, 34046.56it/s]
26440543it [12:49, 33781.16it/s]
26443972it [12:49, 33931.43it/s]
26447384it [12:50, 33987.40it/s]
26450815it [12:50, 34080.31it/s]
26454224it [12:50, 33747.01it/s]
26457627it [12:50, 33829.78it/s]
26461043it [12:50, 33926.55it/s]
26464477it [12:50, 34046.98it/s]
26467883it [12:50, 33663.60it/s]
26471308it [12:50, 33837.02it/s]
26474725it [12:50, 33933.75it/s]
26478132it [12:50, 33973.75it/s]
26481530it [12:51, 33721.45it/s]
26484908it [12:51, 33736.11it/s]
26488304it [12:51, 33800.71it/s]
26491695it [12:51, 33831.38it/s]
26495079it [12:51, 33234.23it/s]
26498500it [12:51, 33522.30it/s]
26501919it [12:51, 33718.71it/s]
26505363it [12:51, 33931.87it/s]
26508788it [12:51, 34026.13it/s]
26512192it [12:51, 33213.17it/s]
26515591it [12:52, 33439.11it/s]
26519013it [12:52, 33668.22it/s]
26522411it [12:52, 33758.35it/s]
26525789it [12:52, 33747.00it/s]
26529199it [12:52, 33851.98it/s]
26532586it [12:52, 33120.82it/s]
26535987it [12:52, 33382.42it/s]
26539379it [12:52, 33540.61it/s]
26542766it [12:52, 33635.58it/s]
26546153it [12:53, 33704.09it/s]
26549525it [12:53, 33132.65it/s]
26552856it [12:53, 33184.62it/s]
26556195it [12:53, 33243.66it/s]
26559561it [12:53, 33366.02it/s]
26562899it [12:53, 33020.23it/s]
26566264it [12:53, 33204.97it/s]
26569652it [12:53, 33403.15it/s]
26572997it [12:53, 33414.45it/s]
26576340it [12:53, 33174.32it/s]
26579670it [12:54, 33209.31it/s]
26583003it [12:54, 33244.36it/s]
26586343it [12:54, 33290.54it/s]
26589673it [12:54, 33143.97it/s]
26593030it [12:54, 33267.80it/s]
26596394it [12:54, 33378.14it/s]
26599733it [12:54, 33083.04it/s]
26603103it [12:54, 33266.19it/s]
26606462it [12:54, 33362.53it/s]
26609841it [12:54, 33489.70it/s]
26613191it [12:55, 33367.23it/s]
26616538it [12:55, 33397.02it/s]
26619903it [12:55, 33470.39it/s]
26623271it [12:55, 33531.05it/s]
26626625it [12:55, 33416.44it/s]
26630021it [12:55, 33578.55it/s]
26633396it [12:55, 33627.41it/s]
26636768it [12:55, 33653.15it/s]
26640134it [12:55, 32709.94it/s]
26643513it [12:55, 33024.26it/s]
26646874it [12:56, 33196.38it/s]
26650243it [12:56, 33340.11it/s]
26653630it [12:56, 33494.57it/s]
26656999it [12:56, 33551.47it/s]
26660356it [12:56, 33206.47it/s]
26663754it [12:56, 33434.79it/s]
26667109it [12:56, 33467.65it/s]
26670466it [12:56, 33497.09it/s]
26673817it [12:56, 32429.88it/s]
26677188it [12:56, 32803.14it/s]
26680553it [12:57, 33050.05it/s]
26683911it [12:57, 33206.75it/s]
26687266it [12:57, 33307.34it/s]
26690656it [12:57, 33482.91it/s]
26694007it [12:57, 32238.88it/s]
26697424it [12:57, 32800.24it/s]
26700841it [12:57, 33201.59it/s]
26704232it [12:57, 33408.78it/s]
26707613it [12:57, 33526.65it/s]
26711008it [12:57, 33651.61it/s]
26714377it [12:58, 33650.13it/s]
26717745it [12:58, 32404.13it/s]
26721132it [12:58, 32830.71it/s]
26724514it [12:58, 33119.90it/s]
26727930it [12:58, 33424.52it/s]
26731347it [12:58, 33643.62it/s]
26734773it [12:58, 33825.74it/s]
26738218it [12:58, 34009.43it/s]
26741622it [12:58, 33640.13it/s]
26745032it [12:58, 33774.49it/s]
26748447it [12:59, 33883.01it/s]
26751857it [12:59, 33944.30it/s]
26755253it [12:59, 33159.80it/s]
26758672it [12:59, 33460.73it/s]
26762078it [12:59, 33636.69it/s]
26765503it [12:59, 33817.99it/s]
26768924it [12:59, 33932.56it/s]
26772344it [12:59, 34010.41it/s]
26775747it [12:59, 33746.46it/s]
26779143it [12:59, 33808.97it/s]
26782545it [13:00, 33870.42it/s]
26785933it [13:00, 33476.64it/s]
26789354it [13:00, 33692.79it/s]
26792769it [13:00, 33826.72it/s]
26796161it [13:00, 33851.96it/s]
26799547it [13:00, 33495.19it/s]
26802941it [13:00, 33625.33it/s]
26806342it [13:00, 33739.17it/s]
26809763it [13:00, 33878.90it/s]
26813152it [13:00, 33392.39it/s]
26816582it [13:01, 33660.58it/s]
26819987it [13:01, 33774.46it/s]
26823376it [13:01, 33807.04it/s]
26826758it [13:01, 33433.34it/s]
26830180it [13:01, 33664.52it/s]
26833602it [13:01, 33828.93it/s]
26837014it [13:01, 33915.37it/s]
26840445it [13:01, 34031.14it/s]
26843849it [13:01, 33581.33it/s]
26847272it [13:02, 33773.16it/s]
26850706it [13:02, 33940.19it/s]
26854155it [13:02, 34101.92it/s]
26857619it [13:02, 34260.00it/s]
26861046it [13:02, 33810.28it/s]
26864482it [13:02, 33971.79it/s]
26867896it [13:02, 34019.98it/s]
26871328it [13:02, 34108.18it/s]
26874740it [13:02, 33675.75it/s]
26878192it [13:02, 33925.29it/s]
26881626it [13:03, 34046.49it/s]
26885055it [13:03, 34117.86it/s]
26888481it [13:03, 34158.63it/s]
26891898it [13:03, 33728.52it/s]
26895349it [13:03, 33958.00it/s]
26898790it [13:03, 34090.36it/s]
26902205it [13:03, 34105.62it/s]
26905617it [13:03, 33597.43it/s]
26909026it [13:03, 33742.63it/s]
26912447it [13:03, 33878.68it/s]
26915866it [13:04, 33969.68it/s]
26919281it [13:04, 34020.99it/s]
26922684it [13:04, 33502.61it/s]
26926091it [13:04, 33669.83it/s]
26929518it [13:04, 33845.11it/s]
26932956it [13:04, 34004.06it/s]
26936404it [13:04, 34145.51it/s]
26939820it [13:04, 33587.81it/s]
26943235it [13:04, 33751.69it/s]
26946658it [13:04, 33892.40it/s]
26950104it [13:05, 34060.21it/s]
26953512it [13:05, 33605.39it/s]
26956918it [13:05, 33736.64it/s]
26960342it [13:05, 33885.53it/s]
26963751it [13:05, 33944.22it/s]
26967181it [13:05, 34049.80it/s]
26970587it [13:05, 33620.75it/s]
26974013it [13:05, 33807.93it/s]
26977424it [13:05, 33896.31it/s]
26980852it [13:05, 34008.20it/s]
26984254it [13:06, 33547.87it/s]
26987683it [13:06, 33765.48it/s]
26991113it [13:06, 33921.85it/s]
26994541it [13:06, 34026.95it/s]
26997955it [13:06, 34059.66it/s]
27001362it [13:06, 33566.12it/s]
27004801it [13:06, 33808.82it/s]
27008242it [13:06, 33985.54it/s]
27011681it [13:06, 34103.30it/s]
27015093it [13:06, 33636.14it/s]
27018492it [13:07, 33739.23it/s]
27021901it [13:07, 33842.42it/s]
27025309it [13:07, 33912.53it/s]
27028730it [13:07, 33999.25it/s]
27032131it [13:07, 33488.43it/s]
27035557it [13:07, 33714.80it/s]
27038974it [13:07, 33848.86it/s]
27042409it [13:07, 33997.40it/s]
27045837it [13:07, 34080.77it/s]
27049246it [13:07, 33504.89it/s]
27052627it [13:08, 33592.34it/s]
27055999it [13:08, 33627.76it/s]
27059413it [13:08, 33779.28it/s]
27062792it [13:08, 33400.87it/s]
27066214it [13:08, 33641.72it/s]
27069618it [13:08, 33757.71it/s]
27073040it [13:08, 33892.77it/s]
27076446it [13:08, 33940.13it/s]
27079841it [13:08, 33420.28it/s]
27083234it [13:08, 33568.54it/s]
27086631it [13:09, 33684.60it/s]
27090001it [13:09, 33666.54it/s]
27093369it [13:09, 33192.14it/s]
27096775it [13:09, 33446.22it/s]
27100173it [13:09, 33603.84it/s]
27103561it [13:09, 33684.68it/s]
27106956it [13:09, 33762.20it/s]
27110333it [13:09, 33230.06it/s]
27113723it [13:09, 33425.47it/s]
27117130it [13:09, 33615.38it/s]
27120532it [13:10, 33734.71it/s]
27123952it [13:10, 33871.60it/s]
27127340it [13:10, 33379.01it/s]
27130728it [13:10, 33526.16it/s]
27134132it [13:10, 33677.76it/s]
27137550it [13:10, 33825.14it/s]
27140934it [13:10, 33707.35it/s]
27144333it [13:10, 33788.98it/s]
27147715it [13:10, 33797.13it/s]
27151105it [13:10, 33826.85it/s]
27154509it [13:11, 33888.89it/s]
27157899it [13:11, 33889.97it/s]
27161289it [13:11, 33880.38it/s]
27164678it [13:11, 33863.74it/s]
27168072it [13:11, 33883.43it/s]
27171465it [13:11, 33894.54it/s]
27174855it [13:11, 33877.95it/s]
27178246it [13:11, 33886.19it/s]
27181636it [13:11, 33888.52it/s]
27185046it [13:11, 33950.44it/s]
27188442it [13:12, 33914.76it/s]
27191834it [13:12, 33913.70it/s]
27195249it [13:12, 33981.78it/s]
27198683it [13:12, 34088.36it/s]
27202119it [13:12, 34169.53it/s]
27205538it [13:12, 34174.87it/s]
27208964it [13:12, 34196.67it/s]
27212387it [13:12, 34204.99it/s]
27215809it [13:12, 34206.59it/s]
27219230it [13:12, 34190.70it/s]
27222651it [13:13, 34193.30it/s]
27226071it [13:13, 34164.32it/s]
27229494it [13:13, 34181.72it/s]
27232921it [13:13, 34205.58it/s]
27236342it [13:13, 34159.83it/s]
27239758it [13:13, 34159.31it/s]
27243186it [13:13, 34193.54it/s]
27246606it [13:13, 34183.05it/s]
27250025it [13:13, 33960.21it/s]
27253430it [13:14, 33983.71it/s]
27256841it [13:14, 34018.77it/s]
27260250it [13:14, 34037.11it/s]
27263670it [13:14, 34083.70it/s]
27267082it [13:14, 34093.56it/s]
27270492it [13:14, 34015.61it/s]
27273913it [13:14, 34071.47it/s]
27277347it [13:14, 34151.46it/s]
27280777it [13:14, 34194.83it/s]
27284197it [13:14, 34166.55it/s]
27287614it [13:15, 34113.47it/s]
27291034it [13:15, 34138.97it/s]
27294448it [13:15, 34095.21it/s]
27297861it [13:15, 34103.74it/s]
27301277it [13:15, 34117.83it/s]
27304706it [13:15, 34165.87it/s]
27308134it [13:15, 34199.24it/s]
27311554it [13:15, 34175.07it/s]
27314979it [13:15, 34195.00it/s]
27318433it [13:15, 34296.18it/s]
27321882it [13:16, 34353.52it/s]
27325322it [13:16, 34365.58it/s]
27328783it [13:16, 34438.33it/s]
27332237it [13:16, 34468.31it/s]
27335707it [13:16, 34534.88it/s]
27339177it [13:16, 34579.94it/s]
27342635it [13:16, 34575.17it/s]
27346118it [13:16, 34648.44it/s]
27349584it [13:16, 34651.07it/s]
27353060it [13:16, 34681.97it/s]
27356529it [13:17, 34666.59it/s]
27359996it [13:17, 34588.00it/s]
27363455it [13:17, 34472.14it/s]
27366903it [13:17, 34448.77it/s]
27370348it [13:17, 34430.71it/s]
27373796it [13:17, 34444.85it/s]
27377241it [13:17, 34361.64it/s]
27380678it [13:17, 34332.79it/s]
27384112it [13:17, 34260.57it/s]
27387543it [13:17, 34272.33it/s]
27390984it [13:18, 34313.17it/s]
27394416it [13:18, 34272.30it/s]
27397869it [13:18, 34348.48it/s]
27401304it [13:18, 34301.54it/s]
27404746it [13:18, 34334.86it/s]
27408193it [13:18, 34372.31it/s]
27411633it [13:18, 34379.02it/s]
27415097it [13:18, 34454.97it/s]
27418543it [13:18, 34435.74it/s]
27421999it [13:18, 34471.91it/s]
27425448it [13:19, 34477.05it/s]
27428908it [13:19, 34511.14it/s]
27432361it [13:19, 34515.40it/s]
27435813it [13:19, 34444.87it/s]
27439258it [13:19, 34415.67it/s]
27442700it [13:19, 34358.28it/s]
27446136it [13:19, 34291.00it/s]
27449591it [13:19, 34365.43it/s]
27453034it [13:19, 34384.11it/s]
27456510it [13:19, 34494.24it/s]
27459968it [13:20, 34518.89it/s]
27463420it [13:20, 34491.97it/s]
27466870it [13:20, 34452.49it/s]
27470316it [13:20, 34420.83it/s]
27473762it [13:20, 34432.23it/s]
27477210it [13:20, 34443.57it/s]
27480655it [13:20, 34405.24it/s]
27484105it [13:20, 34433.36it/s]
27487549it [13:20, 34402.65it/s]
27490990it [13:20, 34384.55it/s]
27494429it [13:21, 34378.26it/s]
27497884it [13:21, 34427.62it/s]
27501327it [13:21, 34404.54it/s]
27504786it [13:21, 34457.00it/s]
27508232it [13:21, 34336.71it/s]
27511678it [13:21, 34371.29it/s]
27515139it [13:21, 34441.77it/s]
27518589it [13:21, 34457.58it/s]
27522044it [13:21, 34482.94it/s]
27525501it [13:21, 34508.73it/s]
27528952it [13:22, 34393.88it/s]
27532392it [13:22, 34272.15it/s]
27535820it [13:22, 34123.05it/s]
27539233it [13:22, 34074.95it/s]
27542641it [13:22, 34057.54it/s]
27546064it [13:22, 34106.74it/s]
27549503it [13:22, 34189.72it/s]
27552941it [13:22, 34244.52it/s]
27556380it [13:22, 34287.62it/s]
27559810it [13:22, 34288.72it/s]
27563239it [13:23, 34250.12it/s]
27566680it [13:23, 34295.75it/s]
27570111it [13:23, 34297.95it/s]
27573550it [13:23, 34324.35it/s]
27576983it [13:23, 34221.08it/s]
27580406it [13:23, 34211.43it/s]
27583839it [13:23, 34245.91it/s]
27587274it [13:23, 34275.22it/s]
27590711it [13:23, 34301.26it/s]
27594178it [13:23, 34409.84it/s]
27597627it [13:24, 34431.30it/s]
27601076it [13:24, 34447.75it/s]
27604521it [13:24, 34401.85it/s]
27607962it [13:24, 34342.03it/s]
27611404it [13:24, 34363.50it/s]
27614852it [13:24, 34395.90it/s]
27618292it [13:24, 34378.30it/s]
27621731it [13:24, 34381.08it/s]
27625170it [13:24, 34328.88it/s]
27628603it [13:24, 34273.55it/s]
27632035it [13:25, 34284.80it/s]
27635464it [13:25, 34249.17it/s]
27638889it [13:25, 34197.35it/s]
27642309it [13:25, 34149.93it/s]
27645725it [13:25, 34127.13it/s]
27649159it [13:25, 34189.31it/s]
27652595it [13:25, 34238.87it/s]
27656035it [13:25, 34286.62it/s]
27659465it [13:25, 34289.76it/s]
27662901it [13:25, 34309.50it/s]
27666332it [13:26, 34301.89it/s]
27669763it [13:26, 34291.93it/s]
27673202it [13:26, 34319.28it/s]
27676645it [13:26, 34351.53it/s]
27680081it [13:26, 34329.39it/s]
27683514it [13:26, 34293.85it/s]
27686959it [13:26, 34338.07it/s]
27690399it [13:26, 34353.57it/s]
27693835it [13:26, 34331.93it/s]
27697271it [13:26, 34337.45it/s]
27700708it [13:27, 34344.55it/s]
27704146it [13:27, 34351.13it/s]
27707583it [13:27, 34353.63it/s]
27711019it [13:27, 34343.54it/s]
27714454it [13:27, 34310.44it/s]
27717914it [13:27, 34396.24it/s]
27721354it [13:27, 34366.41it/s]
27724825it [13:27, 34467.13it/s]
27728315it [13:27, 34595.55it/s]
27731784it [13:27, 34622.87it/s]
27735257it [13:28, 34653.59it/s]
27738745it [13:28, 34718.84it/s]
27742223it [13:28, 34734.34it/s]
27745697it [13:28, 34628.11it/s]
27749160it [13:28, 34605.87it/s]
27752621it [13:28, 34528.75it/s]
27756077it [13:28, 34535.96it/s]
27759531it [13:28, 34456.89it/s]
27762977it [13:28, 34395.05it/s]
27766423it [13:28, 34411.66it/s]
27769866it [13:29, 34416.44it/s]
27773329it [13:29, 34477.26it/s]
27776805it [13:29, 34560.00it/s]
27780273it [13:29, 34593.41it/s]
27783733it [13:29, 34577.33it/s]
27787193it [13:29, 34581.41it/s]
27790652it [13:29, 34576.71it/s]
27794113it [13:29, 34585.64it/s]
27797572it [13:29, 34562.20it/s]
27801029it [13:29, 34516.25it/s]
27804481it [13:30, 34441.08it/s]
27807930it [13:30, 34454.52it/s]
27811376it [13:30, 34396.01it/s]
27814816it [13:30, 34384.61it/s]
27818268it [13:30, 34422.55it/s]
27821720it [13:30, 34449.95it/s]
27825166it [13:30, 34433.56it/s]
27828622it [13:30, 34469.86it/s]
27832069it [13:30, 34421.45it/s]
27835523it [13:30, 34454.07it/s]
27838980it [13:31, 34486.33it/s]
27842435it [13:31, 34502.49it/s]
27845910it [13:31, 34575.81it/s]
27849370it [13:31, 34582.26it/s]
27852830it [13:31, 34586.25it/s]
27856289it [13:31, 34548.60it/s]
27859744it [13:31, 34533.41it/s]
27863233it [13:31, 34638.76it/s]
27866697it [13:31, 34620.41it/s]
27870160it [13:31, 34606.60it/s]
27873627it [13:32, 34623.63it/s]
27877092it [13:32, 34629.52it/s]
27880555it [13:32, 34617.89it/s]
27884040it [13:32, 34684.86it/s]
27887541it [13:32, 34779.48it/s]
27891019it [13:32, 34773.58it/s]
27894538it [13:32, 34897.69it/s]
27898043it [13:32, 34940.11it/s]
27901538it [13:32, 34938.14it/s]
27905061it [13:32, 35025.28it/s]
27908564it [13:33, 34959.08it/s]
27912060it [13:33, 34888.95it/s]
27915549it [13:33, 34831.20it/s]
27919033it [13:33, 34818.87it/s]
27922515it [13:33, 34758.03it/s]
27925991it [13:33, 34720.05it/s]
27929464it [13:33, 34713.65it/s]
27932938it [13:33, 34720.93it/s]
27936411it [13:33, 34680.01it/s]
27939880it [13:33, 34642.93it/s]
27943345it [13:34, 34615.73it/s]
27946807it [13:34, 34545.73it/s]
27950262it [13:34, 34467.82it/s]
27953713it [13:34, 34479.99it/s]
27957167it [13:34, 34495.57it/s]
27960617it [13:34, 34488.29it/s]
27964071it [13:34, 34502.46it/s]
27967555it [13:34, 34600.71it/s]
27971036it [13:34, 34661.75it/s]
27974503it [13:34, 34616.50it/s]
27977965it [13:35, 34614.66it/s]
27981438it [13:35, 34646.96it/s]
27984903it [13:35, 34613.99it/s]
27988370it [13:35, 34629.03it/s]
27991833it [13:35, 34571.17it/s]
27995291it [13:35, 34559.42it/s]
27998751it [13:35, 34569.14it/s]
28002222it [13:35, 34609.38it/s]
28005683it [13:35, 34607.97it/s]
28009165it [13:35, 34671.03it/s]
28012633it [13:36, 34642.22it/s]
28016098it [13:36, 34616.34it/s]
28019574it [13:36, 34656.94it/s]
28023040it [13:36, 34641.56it/s]
28026505it [13:36, 34546.96it/s]
28029960it [13:36, 34479.99it/s]
28033453it [13:36, 34611.83it/s]
28036946it [13:36, 34705.21it/s]
28040438it [13:36, 34768.26it/s]
28043938it [13:36, 34834.45it/s]
28047462it [13:37, 34953.54it/s]
28050962it [13:37, 34966.81it/s]
28054460it [13:37, 34970.32it/s]
28057958it [13:37, 34960.24it/s]
28061455it [13:37, 34904.73it/s]
28064946it [13:37, 34886.56it/s]
28068435it [13:37, 34885.46it/s]
28071937it [13:37, 34922.67it/s]
28075430it [13:37, 34805.28it/s]
28078911it [13:37, 34739.24it/s]
28082387it [13:38, 34742.26it/s]
28085862it [13:38, 34731.13it/s]
28089336it [13:38, 34674.81it/s]
28092804it [13:38, 34671.23it/s]
28096284it [13:38, 34708.76it/s]
28099761it [13:38, 34725.58it/s]
28103263it [13:38, 34810.32it/s]
28106757it [13:38, 34846.29it/s]
28110250it [13:38, 34869.20it/s]
28113737it [13:38, 34827.40it/s]
28117220it [13:39, 34748.77it/s]
28120706it [13:39, 34781.75it/s]
28124185it [13:39, 34724.45it/s]
28127658it [13:39, 34626.55it/s]
28131121it [13:39, 34576.68it/s]
28134588it [13:39, 34601.23it/s]
28138056it [13:39, 34622.02it/s]
28141540it [13:39, 34687.03it/s]
28145027it [13:39, 34739.87it/s]
28148536it [13:39, 34842.90it/s]
28152048it [13:40, 34924.09it/s]
28155541it [13:40, 34909.70it/s]
28159032it [13:40, 34873.01it/s]
28162525it [13:40, 34886.83it/s]
28166014it [13:40, 34816.31it/s]
28169526it [13:40, 34904.32it/s]
28173022it [13:40, 34918.19it/s]
28176514it [13:40, 34909.72it/s]
28180016it [13:40, 34940.31it/s]
28183516it [13:40, 34954.71it/s]
28187022it [13:41, 34984.77it/s]
28190549it [13:41, 35069.56it/s]
28194065it [13:41, 35095.54it/s]
28197575it [13:41, 35068.80it/s]
28201082it [13:41, 35011.44it/s]
28204584it [13:41, 34974.78it/s]
28208090it [13:41, 34996.91it/s]
28211590it [13:41, 34964.03it/s]
28215087it [13:41, 34888.90it/s]
28218576it [13:41, 34788.49it/s]
28222055it [13:42, 34758.29it/s]
28229513it [13:42, 34337.84it/s]
INFO:root:test max cliques 28222821, nested cliques 6692
INFO:root:test real max cliques in search universe: 255
INFO:root:test real smaller cliques in search universe: 157 157
INFO:root:Our Performance: precision 0.0000, recall 0.3749, f1 0.0001 jaccard 0.0000
INFO:root:Baseline: Bayesian-MDL skipped (disabled for this runtime).
INFO:root:Baseline: Max Clique precision 0.0000, recall 0.2502, f1 0.0000, jaccard 0.0000 
INFO:root:Baseline: ECC precision 0.0639, recall 0.2610, f1 0.1027, jaccard 0.0541 
INFO:root:Baseline: Demon precision 0.1154, recall 0.3405, f1 0.1723, jaccard 0.0943 
INFO:root:Baseline: CFinder skipped (disabled for channel-SNR benchmark).
(6235, 9) (6235,) 147
