242 649 1635 2521 3047
242 1635 2049 2521 3047
242 649 1635 3047 3153
242 649 1635 3047 3093
242 1635 2049 3047 3093
227 649 1635 2521 3047
227 1635 2049 2521 3047
227 649 1635 3047 3153
227 1635 2049 3047 3153
227 649 1635 3047 3093
227 649 1635 3047 3128
227 1635 2049 3047 3128
348 1635 2049 2521 3047
348 649 1635 3047 3153
348 1635 2049 3047 3153
348 649 1635 3047 3093
348 1635 2049 3047 3093
348 649 1635 3047 3128
258 649 1635 2521 3047
258 1635 2049 2521 3047
258 649 1635 3047 3153
258 1635 2049 3047 3093
258 649 1635 3047 3128
258 1635 2049 3047 3128
649 1635 2123 2521 3047
1635 2049 2123 2521 3047
1635 2049 2123 3047 3153
649 1635 2123 3047 3093
649 1635 2123 3047 3128
1635 2049 2123 3047 3128
227 490 1561 2840 3166
227 489 490 2840 3166
227 489 1810 2840 3166
490 1561 1965 2840 3166
489 490 1965 2840 3166
1561 1810 1965 2840 3166
489 1810 1965 2840 3166
348 490 1561 2840 3166
348 1561 1810 2840 3166
259 949 987 2010 2742
26 31 46 1583
3 7 11 1583
950 1134 1914 2829 3061
950 1134 2793 2829 3065
950 1134 2506 2829 3065
950 1134 2758 2829 3065
348 1134 1914 2829 3061
348 1134 2793 2829 3065
348 1134 1914 2793 2829
348 1134 2506 2829 3065
348 1134 1914 2506 2829
1503 1504
41 95 113 3100
68 120 158 1583
68 120 158 1573
258 577 1992 2143 2820
258 577 658 2143 2820
258 577 1992 2142 2820
258 577 658 2144 2820
215 577 1992 2143 2820
215 577 1992 2142 2820
215 577 1992 2144 2820
215 577 658 2144 2820
577 658 690 2142 2820
577 690 1992 2144 2820
577 658 690 2144 2820
242 577 658 2143 2820
242 577 658 2142 2820
242 577 658 2144 2820
621 1014 2012 2332 3377
621 1014 1096 2332 3377
621 1014 2012 3022 3377
621 1014 1096 3022 3377
621 1014 1096 2711 3377
621 1014 2012 2323 3377
621 1014 1096 2323 3377
621 1014 2012 3021 3377
621 1014 1096 3021 3377
621 1014 1096 2750 3377
621 696 2012 2332 3377
621 696 1096 2332 3377
621 696 1096 3022 3377
621 696 2012 2323 3377
621 696 1096 2323 3377
621 696 2012 3021 3377
621 715 1014 1096 2164
621 715 1014 2012 2332
621 715 1014 1096 3022
621 715 1014 2012 2711
621 715 1014 1096 2711
621 715 1014 1096 2323
621 715 1014 2012 3021
621 715 1014 1096 3021
621 696 715 1096 2164
621 696 715 1096 2332
621 696 715 2012 3022
621 696 715 1096 3022
621 696 715 1096 2711
621 696 715 2012 2323
621 696 715 1096 2323
621 696 715 1096 3021
621 696 715 1096 2750
348 1014 2012 2164 3377
348 1014 2012 2332 3377
348 1014 1096 3022 3377
348 1014 1096 2711 3377
348 1014 1096 2323 3377
348 1014 1096 3021 3377
348 1014 1096 2750 3377
348 696 2012 2164 3377
348 696 1096 2164 3377
348 696 2012 2332 3377
348 696 1096 2332 3377
348 696 2012 3022 3377
348 696 1096 3022 3377
348 696 2012 2711 3377
348 696 1096 2711 3377
348 696 2012 2323 3377
348 696 1096 2323 3377
348 696 2012 3021 3377
348 696 1096 3021 3377
348 696 2012 2750 3377
348 696 1096 2750 3377
348 715 1014 2012 2164
348 715 1014 1096 2164
348 715 1014 2012 2332
348 715 1014 2012 3022
348 715 1014 1096 3022
348 715 1014 1096 2711
348 715 1014 2012 2323
348 715 1014 2012 3021
348 715 1014 1096 2750
348 696 715 2012 2164
348 696 715 1096 2164
348 696 715 2012 2332
348 696 715 2012 3022
348 696 715 2012 2711
348 696 715 2012 2323
348 696 715 1096 2323
348 696 715 2012 3021
348 696 715 1096 2750
258 1014 2012 2164 3377
258 1014 1096 2164 3377
258 1014 2012 2332 3377
258 1014 1096 3022 3377
258 1014 1096 2711 3377
258 1014 2012 2323 3377
258 1014 2012 3021 3377
258 1014 1096 3021 3377
258 696 1096 2164 3377
258 696 1096 2332 3377
258 696 2012 3022 3377
258 696 2012 2711 3377
258 696 1096 3021 3377
258 696 1096 2750 3377
258 715 1014 2012 2164
258 715 1014 1096 2164
258 715 1014 2012 2332
258 715 1014 1096 2332
258 715 1014 1096 3022
258 715 1014 2012 2711
258 715 1014 1096 2711
258 715 1014 2012 2323
258 715 1014 1096 2323
258 715 1014 2012 3021
258 715 1014 1096 3021
258 715 1014 1096 2750
258 696 715 2012 2164
258 696 715 1096 2164
258 696 715 2012 2332
258 696 715 2012 2711
258 696 715 1096 2711
258 696 715 1096 2323
258 696 715 2012 3021
258 696 715 1096 3021
258 696 715 2012 2750
258 696 715 1096 2750
80 90 98 1583
1443 3385
1443 3058
1690 3385
1033 3385
1448 3385
1442 3385
1445 3385
1445 3058
1447 3385
1447 3058
1444 3385
1444 3058
1899 3385
1446 3058
1440 3385
1441 3058
196 3058
255 336 538 1007 2385
255 336 538 1007 2630
255 336 538 1007 3009
255 336 538 1007 2719
258 336 538 1007 2385
258 336 538 1007 3009
258 336 538 1007 2719
715 791
348 537 1757 3028 3379
348 537 715 1757 3028
227 537 715 1757 3028
537 950 1757 3028 3379
194 1270 2111 2386 2807
194 1270 2111 2485 2807
71 87 136 1583
345 348 1096 2797 3379
345 348 2012 2797 3379
345 348 2012 2163 3379
345 348 1096 2980 3379
345 348 2012 2980 3379
345 348 2012 2750 3379
345 348 715 1096 2797
345 348 715 1096 3015
345 348 715 1096 2163
345 348 715 2012 2163
345 348 715 1096 2980
345 348 715 1096 2750
345 348 715 2012 2750
345 621 1096 2797 3379
345 621 2012 2797 3379
345 621 1096 3015 3379
345 621 1096 2163 3379
345 621 1096 2980 3379
345 621 1096 2750 3379
345 621 2012 2750 3379
345 621 715 1096 2797
345 621 715 2012 3015
345 621 715 1096 2163
345 621 715 2012 2163
345 621 715 1096 2980
345 621 715 1096 2750
345 621 715 2012 2750
258 345 1096 2163 3379
258 345 2012 2980 3379
258 345 1096 2750 3379
258 345 715 1096 3015
258 345 715 2012 3015
258 345 715 2012 2163
258 345 715 1096 2980
258 345 715 2012 2750
178 179
372 521 1994 2831 2982
400 521 1994 2831 2982
372 521 1994 2831 3197
400 521 1994 2831 3197
258 372 1994 2831 2982
258 400 1994 2831 2982
258 400 1994 2831 3197
538 819 1975 1979 3198
538 630 1975 1979 3198
538 1964 1975 1979 3198
258 660 2084 2820 3013
1719 2953
1132 1291
1019 1132
1019 1434
640 1291
640 1019
204 621 930 1651 2833
21 46 1583
1321 1642
275 1321
1322 1642
1320 1642
275 1320
1319 1642
1326 1642
1328 1642
275 1328
1323 1642
1318 1642
275 1318
1325 1642
275 1325
1324 1642
1327 1642
275 1327
124 132 155 1583
1755 2122
348 515 1003 1774 2157
337 348 515 1003 2157
348 515 923 1003 2157
348 515 1003 1774 3123
337 348 515 1003 3123
348 515 923 1003 3123
337 348 515 1003 2685
348 515 923 1003 2685
348 515 1003 1774 2158
337 348 515 1003 2158
348 515 923 1003 2158
348 515 1003 1774 3070
337 348 515 1003 3070
348 515 885 1774 2157
337 348 515 885 2157
348 515 885 1774 3123
337 348 515 885 3123
348 515 885 923 3123
348 515 885 1774 2685
337 348 515 885 2685
348 515 885 923 2685
348 515 885 1774 2158
337 348 515 885 2158
348 515 885 1774 3070
515 621 1003 1774 2157
337 515 621 1003 2157
515 621 923 1003 2157
337 515 621 1003 3123
515 621 923 1003 3123
515 621 1003 1774 2685
337 515 621 1003 2685
515 621 923 1003 2685
515 621 1003 1774 2158
515 621 1003 1774 3070
337 515 621 1003 3070
515 621 885 1774 2157
337 515 621 885 2157
515 621 885 923 2157
515 621 885 923 3123
515 621 885 1774 2685
337 515 621 885 2685
515 621 885 923 2685
515 621 885 1774 3070
258 1990 2817 3265
258 1990 2247 2817
258 1990 2550 2817
258 1990 2662 2817
690 1990 2247 2817
690 1990 2227 2817
690 1990 2662 2817
258 1663 1664 2624 2817
273 2037
303 2037
273 310
303 310
273 578
303 578
273 804
303 804
273 761
303 761
273 562
273 1218
273 1696
303 1696
273 528
303 528
303 1714
303 803
273 491
303 491
273 1174
303 1174
273 1566
273 905
303 481
303 647
303 654
273 529
303 529
273 311
303 311
273 1189
303 1189
303 1811
273 2036
273 1567
303 561
273 318
273 566
303 566
255 1705 1729 2826 2942
718 1705 1729 2826 2942
621 1753 1808 2834 3275
621 1782 1808 2834 3275
621 1782 1808 2834 3092
348 1753 1808 2834 3275
348 1753 1808 2834 3092
348 1782 1808 2834 3095
252 1148
330 1148
665 1148
1148 2072
1148 1764
253 1148
244 525
333 1832
1832 1973
1600 1973
333 1582
1582 1973
333 2166
1564 1973
333 1563
333 1601
1601 1973
333 478
333 1825
333 1581
1581 1973
1791 1973
1513 1973
1570 1973
333 2086
227 502 774 2583 2819
227 502 774 2779 2819
227 502 774 2362 2819
502 774 943 2583 2819
502 774 943 2779 2819
502 774 943 2537 2819
502 774 1776 2583 2819
502 774 1776 2537 2819
502 774 1776 2362 2819
502 774 898 2583 2819
502 774 898 2779 2819
502 774 898 2537 2819
502 774 898 2362 2819
255 502 774 2362 2819
713 748 879 1225 2239
739 1776 2453 2840 3269
739 1776 2840 2954 3325
739 1776 2840 3269 3325
739 1776 2840 3269 3304
739 1776 2840 3269 3312
739 1776 2840 3269 3353
255 739 2399 2840 2954
255 739 2399 2840 3269
255 739 2840 2954 3369
255 739 2840 3269 3369
255 739 2453 2840 2954
255 739 2840 3269 3325
255 739 2840 2954 3312
255 739 2840 3269 3312
255 739 2840 2954 3353
227 739 2399 2840 2954
227 739 2399 2840 3269
227 739 2840 2954 3369
227 739 2840 3269 3369
227 739 2453 2840 2954
227 739 2840 2954 3325
227 739 2840 3269 3325
227 739 2840 3269 3304
227 739 2840 2954 3312
227 739 2840 3269 3312
227 739 2840 2954 3353
592 1143
1144 1802
1143 1802
1802 2009
1274 1797
1143 1274
1274 2009
287 1797
287 1143
1144 1267
1143 1267
1144 1527
1143 1527
1143 1242
1242 2009
1283 1797
1143 1283
1283 2009
1028 1144
1028 1797
1028 2009
1144 2065
1143 2065
2009 2065
542 1144
542 2009
619 1797
619 1143
526 1143
1144 1907
1797 1907
1907 2009
796 1144
796 2009
1269 1797
1262 1797
1143 1262
291 2009
637 1144
637 1143
637 2009
1144 1263
1263 1797
1143 1263
1263 2009
531 1797
531 1143
531 2009
996 1144
996 1797
996 2009
1144 1275
1143 1275
1275 2009
631 1144
631 1143
631 2009
436 1144
436 1143
436 2009
771 1144
771 1797
771 1143
1144 1166
1166 1797
1166 2009
1142 1144
1142 1797
1142 1143
1144 1277
1277 2009
1144 1558
1558 1797
1558 2009
1144 2113
1797 2113
1143 2113
1144 1439
1143 1439
1439 2009
1265 1797
1265 2009
1143 1264
705 1144
1143 1672
1672 2009
1144 2078
1797 2078
1143 2078
1143 1202
1202 2009
1144 1831
1797 1831
1143 1831
1831 2009
1145 1797
1143 1145
1145 2009
213 1143
1009 1144
1009 1797
1780 1797
1144 1993
1797 1993
1143 1993
1993 2009
1144 1819
1797 1819
1819 2009
217 1144
217 1797
217 1143
1144 1836
1797 1836
1143 1836
1836 2009
300 1797
300 2009
1144 1279
1279 1797
1143 1484
1484 2009
1144 1803
1797 1803
1803 2009
1144 1921
1797 1921
1143 1921
1268 2009
706 1144
706 2009
437 1143
1144 2109
1797 2109
1143 2109
2009 2109
1144 1203
1203 1797
1143 1203
1203 2009
1276 1797
1143 1276
632 1144
632 1797
632 1143
632 2009
533 1144
533 1143
533 2009
1144 1922
1797 1922
1143 1922
1922 2009
1144 1657
1657 1797
1143 1657
742 1797
742 1143
1144 1479
1143 1479
1479 2009
302 1143
302 2009
422 2009
290 1144
290 2009
1144 1278
1278 1797
1278 2009
1144 1282
1282 2009
386 1143
438 1144
438 1143
390 1144
390 1143
438 621 631 2145 2807
255 438 631 2145 2807
227 438 631 2146 2807
227 438 631 2145 2807
621 762 2487 2829 3206
621 762 2305 2829 3206
621 1272 2305 2829 3206
621 762 2748 2829 3206
621 1272 2748 2829 3206
762 949 2549 2829 3206
762 949 2305 2829 3206
949 1272 2305 2829 3206
949 1272 2748 2829 3206
762 949 2351 2829 3206
949 1272 2351 2829 3206
762 1965 2487 2829 3206
762 1965 2549 2829 3206
1272 1965 2549 2829 3206
1272 1965 2305 2829 3206
1272 1965 2748 2829 3206
762 1965 2351 2829 3206
348 569 1775 2835 3373
348 569 1775 2415 2835
258 569 1775 2835 3373
210 621 1167 2660 2828
210 621 1167 2828 2941
210 621 1167 2447 2828
210 621 1167 2322 2828
210 621 1167 2780 2828
210 621 1167 2406 2828
210 621 1167 2492 2828
210 621 1167 2195 2828
210 621 1167 2223 2828
210 621 1167 2478 2828
210 621 1650 2660 2828
210 621 1650 2626 2828
210 621 1650 2447 2828
210 621 1650 2322 2828
210 621 1650 2780 2828
210 621 1650 2563 2828
210 621 1650 2406 2828
210 621 1650 2492 2828
210 621 1650 2828 2996
210 621 1650 2760 2828
210 621 1650 2195 2828
210 621 1650 2223 2828
210 621 1650 2478 2828
210 621 1650 2428 2828
210 621 1650 2743 2828
210 255 1167 2626 2828
210 255 1167 2828 2941
210 255 1167 2447 2828
210 255 1167 2322 2828
210 255 1167 2563 2828
210 255 1167 2492 2828
210 255 1167 2828 2996
210 255 1167 2195 2828
210 255 1167 2478 2828
210 255 1650 2626 2828
210 255 1650 2322 2828
210 255 1650 2780 2828
210 255 1650 2406 2828
210 255 1650 2828 2996
210 255 1650 2223 2828
210 255 1650 2478 2828
210 255 1650 2428 2828
210 255 1650 2743 2828
227 299 885 2150 2838
227 299 885 2838 3179
227 299 885 2435 2838
227 299 885 2838 2959
258 299 885 2838 3179
258 299 885 2329 2838
258 299 885 2838 2959
299 621 885 2150 2838
299 621 885 2838 3179
299 348 885 2150 2838
299 348 885 2435 2838
278 1886
278 1050
278 1892
278 1710
278 1894
278 1881
278 1883
238 878
715 878
238 922
715 922
238 1119
715 1119
238 1507
715 1507
238 1073
69 80 97 1583
348 1024 1810 2840 2967
348 712 1024 2840 2967
621 1747 1782 2834 3317
621 1747 1781 2834 3317
1747 1781 1976 2834 3317
1747 1781 1976 2834 3321
511 1092
646 1002
426 646
646 752
646 992
67 81 97 1583
62 80 97 1583
21 24 46 1583
39 40 48 1583
77 78 99 1583
1550 1552
259 1552
324 1552
298 1552
650 1552
1103 1550
259 1103
329 1550
259 329
327 329
324 329
298 329
329 650
1118 1550
259 1118
324 1118
579 1550
327 579
984 1550
259 984
327 984
298 984
259 1234
327 1234
324 1234
650 1234
327 2033
324 2033
298 2033
327 1228
183 1550
183 259
183 324
183 298
327 1231
324 1231
298 1231
1159 1550
324 1159
650 1159
259 1554
327 1554
324 1554
259 1230
327 1230
324 1230
298 1230
650 1230
259 1232
324 1232
650 1232
1229 1550
259 1229
327 1229
324 1229
298 1229
259 1227
259 1555
324 1555
298 1555
1550 1553
259 1553
298 1553
650 1553
259 1235
327 1235
324 1235
750 1550
259 750
327 750
324 750
298 750
650 750
259 1233
324 1233
298 1233
1226 1550
327 1226
650 1226
621 1165 1735 2281 2814
258 692 1165 2281 2814
227 692 1165 2281 2814
348 1165 1735 2281 2814
692 1165 2123 2281 2814
573 2014
1011 2014
1890 2014
1685 2014
1891 2014
1889 2014
1675 2014
1115 2014
216 962
216 1813
216 1997
216 681
216 1652
282 1761
282 1729
282 805
282 1991
282 1987
282 765
282 1607
282 740
282 807
282 1064
282 841
538 621 973 1139 2612
538 621 973 1964 2597
538 621 973 1139 2597
538 621 973 1964 2409
538 621 973 1139 2409
538 621 973 1964 2857
538 621 973 1139 2857
538 621 973 1964 2467
538 621 973 1139 2467
538 621 973 1139 2784
538 621 973 1139 3129
348 1653 1812 2831 3201
348 1653 1812 2831 3192
258 1653 1812 2831 3160
258 1653 1812 2831 3112
258 1653 1812 2831 3192
281 1653 1812 2831 3160
281 1653 1812 2831 3201
281 1653 1812 2831 3112
242 1653 1812 2831 3201
215 1653 1812 2831 3160
215 1653 1812 2831 3201
215 1653 1812 2831 3192
621 702 1977 2681 2840
621 702 1977 2840 3316
621 702 1866 2840 3316
621 702 1977 2436 2840
621 702 1977 2535 2840
621 702 1977 2840 3348
255 702 1977 2681 2840
255 702 1977 2840 3316
255 702 1866 2840 3316
255 702 1866 2436 2840
255 702 1977 2485 2840
255 702 1866 2485 2840
255 702 1866 2535 2840
255 702 1977 2840 3348
255 702 1866 2840 3348
227 702 1977 2681 2840
227 702 1977 2840 3316
227 702 1977 2436 2840
227 702 1866 2436 2840
227 702 1866 2485 2840
227 702 1866 2535 2840
227 702 1977 2840 3348
227 702 1866 2840 3348
348 702 1977 2681 2840
348 702 1977 2840 3316
348 702 1866 2840 3316
348 702 1866 2436 2840
348 702 1977 2485 2840
348 702 1977 2535 2840
348 702 1866 2535 2840
258 970 1665 2817 3337
258 970 1665 2555 2817
255 970 1665 2817 3337
255 970 1665 2468 2817
218 1719
698 3026
678 698
234 698
1637 3026
678 1637
997 1974
327 997
328 997
234 997
678 1562
328 1562
234 1562
327 998
328 998
234 998
2091 3026
678 2091
1974 2091
327 2091
234 2091
1210 3026
1210 1974
328 1210
234 1210
1208 3026
678 1208
508 1974
1151 3026
678 1151
1151 1974
328 1151
479 678
479 1974
327 479
328 479
234 479
946 3026
678 946
327 946
234 946
1568 3026
678 1568
1568 1974
327 1568
999 1974
327 999
328 999
623 678
678 1656
234 1656
678 1981
327 1981
234 1981
560 3026
560 678
327 560
328 560
327 884 937 949 2673
884 937 949 2673 3033
884 937 1976 2673 3033
258 327 884 937 2673
258 884 937 2673 3033
258 884 937 2673 3046
327 348 884 937 2673
348 884 937 2673 3033
258 344 1916 2250 3379
344 621 1916 2250 3379
344 348 1916 2250 3379
1156 1748 1785 2814 3200
1156 1158 1785 2814 3174
1156 1748 1785 2814 3174
949 1156 1748 2814 3200
949 1156 1748 2814 3174
242 1156 1748 2814 3200
242 1156 1158 2814 3174
242 1156 1748 2814 3174
1156 1158 1965 2814 3174
1156 1748 1965 2814 3174
348 1156 1158 2814 3174
232 1259
258 724 902 2538 2829
258 724 902 2171 2829
258 724 902 2829 3281
258 724 902 2542 2829
258 724 902 2134 2829
258 724 902 2829 3260
258 724 902 2266 2829
215 724 902 2558 2829
215 724 902 2171 2829
215 724 902 2263 2829
215 724 902 2829 3281
215 724 902 2181 2829
215 724 902 2829 3260
215 724 902 2351 2829
215 724 902 2493 2829
215 724 902 2266 2829
283 694
321 694
316 694
694 1804
320 694
315 694
272 348 2361 2836
272 348 2466 2836
272 348 2466 3039
272 348 715 2361
272 621 2466 2836
272 621 2361 3039
272 621 2466 3039
52 58 95 1583
226 1167
226 2117
226 509
226 1650
226 2115
226 1090
226 628
258 669 2016 2284 2814
258 669 2016 2627 2814
258 669 2016 2318 2814
258 669 2016 2726 2814
258 669 2016 2518 2814
258 669 2016 2330 2814
669 1963 2016 2284 2814
669 1963 2016 2203 2814
669 1963 2016 2627 2814
669 1963 2016 2495 2814
669 1963 2016 2726 2814
669 1963 2016 2635 2814
669 1963 2016 2330 2814
227 669 2016 2284 2814
227 669 2016 2203 2814
227 669 2016 2705 2814
227 669 2016 2318 2814
227 669 2016 2782 2814
227 669 2016 2635 2814
227 669 2016 2330 2814
255 669 2016 2284 2814
255 669 2016 2203 2814
255 669 2016 2627 2814
255 669 2016 2318 2814
255 669 2016 2495 2814
255 669 2016 2518 2814
255 669 2016 2635 2814
621 669 2016 2318 2814
621 669 2016 2495 2814
621 669 2016 2726 2814
621 669 2016 2330 2814
348 669 2016 2203 2814
348 669 2016 2495 2814
348 669 2016 2726 2814
348 669 2016 2782 2814
348 669 2016 2518 2814
348 669 2016 2635 2814
348 669 2016 2330 2814
1937 2051
1029 1937
366 1518
339 1518
272 1518
363 1518
340 1518
364 1518
733 1518
356 1518
747 1518
1260 1518
1807 1976 2655 2829
1754 1807 1976 2655 2829
1754 1807 1976 2687 2829
454 793
227 526 1009 2807 2967
281 526 1009 2807 2967
255 526 1009 2807 2967
526 949 1009 2807 2967
581 685
515 1534 2123 3074 3140
515 1534 1535 2123 3140
515 950 1534 3074 3140
515 950 1534 1535 3140
521 642 1195 2712 2842
258 642 1195 2423 2842
258 642 1195 2842 3062
258 642 1195 2712 2842
714 715
715 2012
715 1271
715 821
366 715
715 2166
236 1481
236 1896
236 1998
363 920 1270 2995 3057
363 920 1270 2920 3057
363 920 1270 2916 3057
363 920 1270 2911 3057
363 715 920 1270 2920
363 715 920 1270 2911
363 920 1270 2920 3039
363 920 1270 2916 3039
363 920 1270 2911 3039
363 920 1270 2922 3039
309 348 795 2551 2838
258 309 795 2389 2838
258 309 795 2551 2838
309 621 795 2567 2838
309 621 795 2551 2838
75 86 98 1583
70 88 98 1583
255 287 436 2432 2807
287 436 1776 2432 2807
302 436 1776 2432 2807
460 791 887 3056 3307
460 715 791 887 3307
460 715 791 887 3261
460 715 791 887 2365
460 791 943 2365 3056
460 715 791 943 3307
460 715 791 943 3261
348 840 1055 2826 2844
258 840 1055 2826 2848
258 840 1055 2826 2844
621 840 1055 2674 2826
621 840 1055 2826 2848
621 840 1055 2826 2844
227 840 1055 2826 2846
227 840 1055 2826 2844
348 442 457 515 2180
442 457 515 950 2180
442 457 515 950 2600
227 442 457 515 2600
227 442 457 515 2747
595 949 1716 1760 2772
595 949 1716 1760 2889
348 595 1716 1760 2541
348 595 1716 1760 2889
67 86 97 1583
30 32 47 1583
348 925 1874 2507 2818
227 925 1874 2778 2818
258 801 810 2826 3176
258 801 2056 2429 2826
348 801 810 2429 2826
348 801 2056 2429 2826
242 801 810 2429 2826
242 801 2056 2826 3176
242 801 2056 2429 2826
80 99 116 1583
293 348 1982 3314 3377
293 348 1982 2671 3377
293 348 1982 3301 3377
258 293 1982 3314 3377
258 293 1982 2671 3377
258 293 1982 3301 3377
293 950 1982 3297 3377
293 950 1982 3314 3377
293 950 1982 3306 3377
95 108 113 1583
68 91 97 1583
1307 1478
224 1948
952 1478
1478 1698
1478 1748
1478 2104
224 2107
1478 1789
224 1735
1478 1735
444 1478
224 755
1478 2108
224 608
608 1478
224 913
913 1478
224 2105
1478 2105
224 1204
1204 1478
224 1854
1478 1854
1162 1478
1478 1962
1308 1478
224 916
916 1478
224 1158
1158 1478
224 1121
1121 1478
224 684
684 1478
224 692
692 1478
224 2099
1478 2099
224 683
683 1478
835 1478
224 1150
224 779
779 1478
224 682
224 1311
1311 1478
224 1156
224 487
820 1478
224 1149
1149 1478
1478 2015
1478 1722
224 1733
1478 1733
780 1478
224 373
373 1478
1478 1855
224 1163
224 2102
224 2165
1478 2165
224 1175
1478 1939
669 1478
224 1742
1478 1742
1478 2100
224 1744
1478 1744
224 677
677 1478
1179 1478
224 652
652 1478
1478 2124
892 1478
224 1720
224 948
948 1478
224 1641
1478 1641
224 3383
1478 3383
224 2021
224 1313
616 1478
1312 1478
1478 1721
224 2859
1478 2859
188 224
188 1478
224 1310
1310 1478
224 1928
1478 1928
1161 1478
224 470
990 1478
1478 1608
224 559
1478 1777
224 1193
1193 1478
224 643
1154 1478
224 2112
1478 2112
1478 1697
227 891 1712 2842 3235
227 891 1712 2842 3190
227 894 1712 2842 3190
348 891 1712 2842 3235
348 894 1712 2842 3235
97 123 147 1583
515 949 1289 1701 2188
515 949 1289 1701 2267
515 949 1289 1701 2193
515 949 1289 1701 2686
348 515 1289 1701 2188
348 515 1289 1701 2208
348 515 1289 1701 2193
348 515 1289 1701 2152
348 515 1289 1701 2686
348 515 1289 1701 2347
258 515 1289 1701 2188
258 515 1289 1701 2347
1198 1785 2047 2242 2826
1198 1785 2047 2826 3365
205 1198 1785 2047 2826
1198 1785 2047 2325 2826
227 1198 2047 2826 3365
227 1198 2047 2325 2826
227 1198 2047 2826 3372
227 1198 2047 2349 2826
348 1198 2047 2242 2826
348 1198 2047 2826 3365
348 1198 2047 2233 2826
348 1198 2047 2826 3276
348 1198 2047 2826 3372
348 1198 2047 2349 2826
28 38 46 1583
95 116 119 1583
474 554
234 474
249 979
234 979
327 979
554 1411
234 1411
327 1411
249 1406
327 1406
554 1220
234 1220
327 1220
554 895
234 895
554 1031
249 1031
554 1412
234 1412
554 1681
249 1681
234 1681
327 1681
249 635
234 635
249 1408
234 1408
327 1408
249 1732
234 1732
234 954
554 1700
327 1700
554 1410
234 1410
554 1746
249 1746
327 1746
554 1074
327 1074
554 1001
234 1001
327 1001
234 1409
249 1000
234 1000
249 1093
234 1093
327 1093
249 1405
234 1405
327 1405
249 2069
327 2069
234 250
250 327
251 554
251 327
249 1703
234 1703
554 1923
249 1923
234 1923
327 1923
554 1702
327 1702
554 2017
327 2017
249 1407
327 1407
249 1044
234 1044
234 1403
327 1403
249 939
234 939
327 939
554 1404
249 1404
249 1924
554 556
234 556
327 556
554 897
234 897
327 897
541 554
249 541
327 541
554 1027
249 1027
234 1027
327 1027
324 883
327 883
324 1620
298 1548
650 1548
324 1548
298 307
307 650
307 324
307 327
644 650
327 644
298 2007
324 2007
298 1546
324 1546
327 1546
650 1043
327 1043
298 1532
327 1532
650 1623
327 1623
298 1514
650 1514
327 1514
298 1654
298 1545
650 1545
327 1545
298 325
324 325
298 1547
650 1547
327 1547
298 572
327 572
650 2079
327 2079
650 2110
324 2110
298 484
324 484
650 1541
298 1556
324 1556
327 1556
298 1197
327 1197
298 382
382 650
298 987
327 987
298 1689
327 1689
298 769
650 769
327 769
298 1542
324 1542
327 1542
327 462
324 567
650 1740
327 1740
650 884
324 884
327 884
298 1625
324 1625
327 1625
327 1543
298 1870
650 1870
327 1870
298 1852
650 1852
324 1852
298 461
461 650
327 2952
324 2097
327 1660
298 2044
650 2044
324 2044
298 1659
650 1659
327 1659
298 522
522 650
324 522
327 522
256 547
256 976
256 447
256 1708
256 700
256 1612
256 1694
256 2063
256 944
36 47 49 1583
595 621 838 1253 2388
595 621 838 1498 2388
595 621 838 1253 2326
595 621 838 1498 2513
595 621 838 1498 2218
595 621 838 1253 2766
595 621 838 1498 2766
595 621 838 1253 2336
595 621 838 1253 2265
595 621 838 1253 2177
595 621 838 1498 2177
595 621 838 1253 2541
595 621 838 1498 3384
595 621 838 1253 2514
548 595 621 1253 2388
548 595 621 1498 2388
548 595 621 1498 2326
548 595 621 1253 2513
548 595 621 1498 2513
548 595 621 1498 2539
548 595 621 1253 3041
548 595 621 1498 3041
548 595 621 1253 2484
548 595 621 1498 2484
548 595 621 1253 2218
548 595 621 1498 2766
548 595 621 1498 2265
548 595 621 1498 2177
548 595 621 1253 2541
548 595 621 1498 2541
548 595 621 1253 3384
548 595 621 1498 3384
548 595 621 1253 2514
548 595 621 1498 2514
281 595 838 1253 2388
281 595 838 1498 2388
281 595 838 1253 2326
281 595 838 1253 2539
281 595 838 1498 2539
281 595 838 1253 3041
281 595 838 1253 2484
281 595 838 1253 2218
281 595 838 1253 2766
281 595 838 1498 2766
281 595 838 1253 2336
281 595 838 1498 2336
281 595 838 1253 2177
281 595 838 1498 2177
281 595 838 1253 2541
281 595 838 1498 2541
281 595 838 1253 3384
281 595 838 1253 2514
281 595 838 1498 2514
281 548 595 1253 2388
281 548 595 1253 2326
281 548 595 1498 2326
281 548 595 1253 2513
281 548 595 1498 2513
281 548 595 1253 2539
281 548 595 1498 2539
281 548 595 1253 2484
281 548 595 1498 2484
281 548 595 1253 2218
281 548 595 1498 2218
281 548 595 1253 2766
281 548 595 1498 2766
281 548 595 1253 2336
281 548 595 1498 2177
281 548 595 1498 2541
281 548 595 1253 2514
281 548 595 1498 2514
348 595 838 1253 2388
348 595 838 1498 2326
348 595 838 1498 2513
348 595 838 1253 2539
348 595 838 1498 2539
348 595 838 1253 3041
348 595 838 1498 3041
348 595 838 1498 2484
348 595 838 1253 2218
348 595 838 1498 2218
348 595 838 1253 2766
348 595 838 1498 2766
348 595 838 1253 2265
348 595 838 1253 3384
348 595 838 1253 2514
348 595 838 1498 2514
348 548 595 1253 2388
348 548 595 1253 2326
348 548 595 1498 2326
348 548 595 1253 2513
348 548 595 1253 2539
348 548 595 1498 2539
348 548 595 1253 3041
348 548 595 1498 3041
348 548 595 1253 2484
348 548 595 1253 2218
348 548 595 1253 2766
348 548 595 1498 2766
348 548 595 1253 2265
348 548 595 1498 2265
348 548 595 1498 2177
348 548 595 1253 2541
348 548 595 1498 2541
348 548 595 1253 3384
348 548 595 1498 3384
348 548 595 1253 2514
348 548 595 1498 2514
258 595 838 1253 2388
258 595 838 1498 2388
258 595 838 1253 2326
258 595 838 1253 2513
258 595 838 1253 2539
258 595 838 1498 2539
258 595 838 1253 3041
258 595 838 1498 2484
258 595 838 1498 2218
258 595 838 1253 2766
258 595 838 1498 2766
258 595 838 1253 2336
258 595 838 1253 2265
258 595 838 1498 2265
258 595 838 1253 2177
258 595 838 1498 2177
258 595 838 1253 2541
258 595 838 1498 2541
258 595 838 1253 3384
258 595 838 1498 3384
258 595 838 1253 2514
258 595 838 1498 2514
258 548 595 1253 2388
258 548 595 1498 2388
258 548 595 1498 2326
258 548 595 1253 2513
258 548 595 1498 2513
258 548 595 1253 2539
258 548 595 1253 3041
258 548 595 1498 3041
258 548 595 1253 2484
258 548 595 1253 2766
258 548 595 1498 2766
258 548 595 1253 2336
258 548 595 1498 2336
258 548 595 1253 2265
258 548 595 1253 2177
258 548 595 1498 2177
258 548 595 1253 2541
258 548 595 1498 2541
258 548 595 1253 3384
258 548 595 1498 3384
258 548 595 1253 2514
258 548 595 1498 2514
595 838 949 1498 2326
595 838 949 1253 2513
595 838 949 1253 2539
595 838 949 1498 2539
595 838 949 1253 3041
595 838 949 1498 2484
595 838 949 1253 2218
595 838 949 1498 2766
595 838 949 1253 2336
595 838 949 1498 2336
595 838 949 1253 2265
595 838 949 1498 2265
595 838 949 1253 2177
595 838 949 1253 2541
595 838 949 1498 2541
595 838 949 1253 3384
595 838 949 1253 2514
595 838 949 1498 2514
548 595 949 1253 2388
548 595 949 1253 2326
548 595 949 1498 2326
548 595 949 1253 2513
548 595 949 1498 2513
548 595 949 1498 2539
548 595 949 1498 3041
548 595 949 1253 2484
548 595 949 1498 2218
548 595 949 1253 2766
548 595 949 1498 2766
548 595 949 1253 2336
548 595 949 1498 2336
548 595 949 1253 2265
548 595 949 1498 2265
548 595 949 1253 2177
548 595 949 1498 2177
548 595 949 1253 2541
548 595 949 1498 2541
548 595 949 1498 3384
548 595 949 1253 2514
348 727 1951 2826 2910
348 727 1951 2373 2826
348 498 1951 2373 2826
348 498 1951 2397 2826
348 727 1951 2826 2946
348 727 1951 2826 3336
348 498 1951 2826 3336
348 498 1951 2826 2908
348 727 1951 2826 3088
255 498 1951 2373 2826
255 727 1951 2397 2826
255 498 1951 2397 2826
255 498 1951 2826 3228
255 727 1951 2826 2946
255 498 1951 2826 2946
255 727 1951 2826 3336
255 498 1951 2826 3336
255 727 1951 2826 2908
255 498 1951 2826 2908
255 498 1951 2826 3088
227 727 1951 2826 2910
227 498 1951 2826 2910
227 727 1951 2373 2826
227 498 1951 2373 2826
227 727 1951 2397 2826
227 498 1951 2397 2826
227 498 1951 2826 3336
227 498 1951 2826 2908
227 727 1951 2826 3088
227 700 809 1185 2395
227 700 809 976 2295
227 700 809 1185 2295
227 700 809 976 2292
227 700 809 1185 2969
227 700 809 976 2783
227 700 809 1185 2783
227 700 809 976 2218
227 700 809 1185 2787
227 700 809 1185 2582
227 700 809 976 2481
227 700 809 1185 2481
227 700 809 976 2442
227 700 809 1185 2442
227 700 809 976 2668
227 700 809 976 2489
227 700 809 1185 2489
227 700 809 976 2661
227 700 809 1185 2661
621 700 809 976 2395
621 700 809 1185 2395
621 700 809 976 2295
621 700 809 976 2292
621 700 809 1185 2292
621 700 809 976 2969
621 700 809 1185 2783
621 700 809 976 2218
621 700 809 1185 2218
621 700 809 976 2787
621 700 809 1185 2787
621 700 809 976 2582
621 700 809 1185 2582
621 700 809 976 2481
621 700 809 1185 2481
621 700 809 976 3183
621 700 809 1185 3183
621 700 809 976 2442
621 700 809 1185 2442
621 700 809 1185 2489
348 700 809 976 2295
348 700 809 1185 2295
348 700 809 1185 2292
348 700 809 976 2969
348 700 809 976 2218
348 700 809 976 2787
348 700 809 976 2481
348 700 809 1185 2481
348 700 809 1185 3183
348 700 809 976 2442
348 700 809 976 2668
348 700 809 976 2489
348 700 809 1185 2661
255 700 809 976 2395
255 700 809 1185 2295
255 700 809 976 2292
255 700 809 976 2969
255 700 809 1185 2969
255 700 809 976 2783
255 700 809 976 2218
255 700 809 1185 2218
255 700 809 976 2787
255 700 809 1185 2787
255 700 809 976 3183
255 700 809 1185 3183
255 700 809 976 2442
255 700 809 1185 2668
255 700 809 1185 2489
255 700 809 1185 2661
700 809 949 976 2395
700 809 949 1185 2395
700 809 949 1185 2295
700 809 949 976 2292
700 809 949 1185 2292
700 809 949 976 2969
700 809 949 976 2783
700 809 949 1185 2783
700 809 949 976 2218
700 809 949 1185 2218
700 809 949 976 2787
700 809 949 976 3183
700 809 949 1185 3183
700 809 949 976 2442
700 809 949 1185 2442
700 809 949 1185 2668
700 809 949 976 2489
700 809 949 1185 2489
700 809 949 976 2661
45 58 70 1583
18 21 46 1583
949 1513 1600 3054 3245
949 1513 1600 3054 3222
348 1513 1600 3054 3245
348 1513 1600 3054 3222
258 1063 1800 2823 3016
258 1063 1800 2505 2823
258 1063 1800 2449 2823
258 1064 1800 2449 2823
227 1063 1800 2823 3016
227 1063 1800 2505 2823
227 1063 1800 2449 2823
227 1064 1800 2449 2823
227 841 1728 2528 2823
258 841 1728 2528 2823
758 1341
1330 1960
758 1330
908 924
758 908
1331 1960
758 1331
924 1332
758 1332
1338 1960
924 1338
758 1338
1350 1960
924 1350
758 1350
1344 1960
1349 1960
924 1349
758 1349
1347 1960
758 1347
909 1960
909 924
924 1336
758 1336
1622 1960
924 1622
758 1622
924 1343
758 1343
924 1345
758 1345
1340 1960
758 1339
1342 1960
758 1342
1335 1960
758 1335
1337 1960
924 1337
758 1337
200 758
924 1348
924 1333
758 1333
1346 1960
924 1346
1181 1980
860 1181
858 1605
231 1605
393 858
858 1212
858 1305
231 1305
189 231
858 1549
231 1303
231 1301
588 858
858 1512
231 1512
858 1560
231 1560
858 1194
231 1194
581 858
858 1824
231 1824
231 1215
231 452
231 2005
858 1859
231 1859
858 1178
186 231
231 1929
858 2080
231 2022
858 1302
231 1302
571 858
858 1931
231 1931
399 858
231 399
858 1300
231 1300
231 395
593 858
858 1809
231 1809
231 587
734 1238 1776 2709 2826
734 1238 1776 2410 2826
734 1238 1776 2380 2826
734 1238 1776 2826 3171
734 1238 1776 2704 2826
496 734 1776 2709 2826
496 734 1776 2410 2826
496 734 1776 2380 2826
496 734 1776 2826 3171
496 734 1776 2704 2826
496 734 1776 2360 2826
348 734 1238 2709 2826
348 734 1238 2410 2826
348 734 1238 2178 2826
348 734 1238 2380 2826
348 734 1238 2826 3171
348 734 1238 2826 3044
348 734 1238 2360 2826
348 734 1238 2463 2826
348 496 734 2709 2826
348 496 734 2380 2826
348 496 734 2704 2826
348 496 734 2826 3044
348 496 734 2360 2826
348 496 734 2463 2826
198 281 573 1891 3272
534 690 2176 2817
534 690 2817 3293
28 36 46 1583
489 741 1785 2587 2840
258 489 741 2840 3012
258 489 741 2587 2840
489 741 1965 2587 2840
348 489 741 2840 3012
348 489 741 2587 2840
227 489 741 2840 3012
227 489 741 2587 2840
227 493 911 914 2553
227 235 447 755 2482
227 235 447 755 2285
227 235 447 755 2471
227 447 755 809 2471
235 255 447 755 2285
255 447 755 809 2285
255 447 755 809 2471
235 447 755 943 2482
235 447 755 943 2285
447 755 809 943 2285
447 755 809 943 2471
235 348 447 755 2482
235 348 447 755 2285
235 348 447 755 2471
348 447 755 809 2482
198 348 1888 1890 3193
180 255 427 538 2403
110 134 173 1583
110 134 173 1573
503 1996
388 538 713 1956 2185
388 538 713 1956 2726
388 538 713 1956 3181
388 538 713 1956 2569
388 538 713 1956 2646
388 538 713 1956 2443
388 538 1956 1975 2185
388 538 1956 1975 2374
388 538 1956 1975 2726
388 538 1956 1975 3181
388 538 1956 1975 2646
388 538 1249 1956 2185
388 538 1249 1956 2374
388 538 1249 1956 2409
388 538 1249 1956 2726
388 538 1249 1956 2569
388 538 898 1956 2374
388 538 898 1956 2409
388 538 898 1956 2726
388 538 898 1956 3181
388 538 898 1956 2646
388 538 898 1956 2443
530 690 1666 2817 3145
258 530 1666 2817 3238
242 1858 2057 2826 3239
242 888 2057 2826 3239
348 1858 2057 2826 3239
348 817 888 2826 3239
348 888 2057 2826 3239
76 90 136 1583
958 2035
446 1291
1067 1291
233 1291
645 1291
388 1291
886 1291
439 1291
699 1291
1147 1291
1139 1291
423 1291
348 1844 1918 2440 2997
348 1844 1867 2440 2997
621 1844 1918 2440 2997
621 1844 1867 2440 2997
227 1844 1918 2440 2997
227 1844 1867 2440 2997
1211 1752
1752 1814
1752 1807
1752 1978
1572 1752
1673 1752
1707 1752
762 1752
846 1752
1752 1914
1214 1752
1134 1752
448 1752
1752 1847
234 907
234 894
234 891
234 1195
234 1435
234 893
234 1176
1786 2972
227 493 912 918 2272
348 942 1950 2528 2835
128 131 155 1583
621 1914 1978 2633 2829
621 1914 1978 2829 3311
621 1914 1978 2793 2829
621 1914 1978 2632 2829
621 1914 1978 2418 2829
230 621 1914 2633 2829
230 621 1914 2458 2829
230 621 1914 2829 3311
230 621 1914 2226 2829
230 621 1914 2702 2829
230 621 1914 2418 2829
19 27 46 1583
17 19 46 1583
30 34 47 1583
202 348 497 1062 2826
497 949 1062 2826 3374
202 497 949 1062 2826
227 497 1062 2826 3374
202 227 497 1062 2826
497 621 1062 2826 3374
202 497 621 1062 2826
15 19 44 1583
515 889 950 1970 2962
515 889 950 1970 2500
515 889 950 1970 2522
515 889 950 1970 3023
515 889 950 1970 2605
515 889 950 1970 2886
515 889 950 1970 2499
515 889 950 1970 2939
515 889 950 1958 2500
515 889 950 1958 2886
515 889 950 1958 2499
515 889 950 1958 2371
515 889 950 1958 2939
515 889 950 1958 2441
348 515 889 1970 2949
348 515 889 1970 2500
348 515 889 1970 2522
348 515 889 1970 3023
348 515 889 1970 2499
348 515 889 1970 2371
348 515 889 1970 2939
348 515 889 1970 2441
348 515 889 1970 3233
348 515 889 1958 2949
348 515 889 1958 2500
348 515 889 1958 2522
348 515 889 1958 3023
348 515 889 1958 2499
348 515 889 1958 2371
227 515 889 1970 2962
227 515 889 1970 2949
227 515 889 1970 2500
227 515 889 1970 3023
227 515 889 1970 2499
227 515 889 1970 2939
227 515 889 1970 2441
227 515 889 1958 3361
227 515 889 1958 2962
227 515 889 1958 2949
227 515 889 1958 2522
227 515 889 1958 2499
227 515 889 1958 2939
227 515 889 1958 2441
255 738 840 2641 2826
255 738 840 2182 2826
255 738 840 2251 2826
255 738 840 2826 3164
255 738 840 2392 2826
255 738 840 2826 3263
621 738 840 2826 3164
621 738 840 2392 2826
621 738 840 2475 2826
496 621 726 2826 3221
496 621 726 2360 2826
621 726 1237 2826 3221
621 726 1237 2360 2826
621 726 1693 2826 3221
621 726 1693 2360 2826
496 726 1776 2826 3221
726 1237 1776 2826 3221
726 1693 1776 2360 2826
348 496 726 2826 3221
348 496 726 2360 2826
348 726 1237 2360 2826
348 726 1693 2826 3221
227 496 726 2360 2826
227 726 1237 2826 3221
348 935 1281 2835 3371
227 935 1281 2835 3371
227 935 1281 2721 2835
748 950 1022 2122 2160
748 950 1872 2122 2160
748 950 1872 2122 2276
748 1022 1249 2122 2160
748 1022 1249 2122 2276
748 1249 1872 2122 2276
748 1249 1872 2122 2159
748 1022 1975 2122 2159
748 1872 1975 2122 2159
1211 1270 2655 2829
255 431 1045 2830 3203
431 943 1045 2830 3203
685 883
86 94 95 1583
906 1083
906 1042
975 1083
975 1042
222 678
349 678
482 678
335 678
678 1774
337 678
678 1533
612 678
678 2116
678 947
614 678
440 678
678 1773
270 678
678 1535
428 678
392 678
678 1534
678 1979
678 936
678 1795
678 3266
495 678
678 819
678 1701
678 1970
442 678
638 678
678 1289
678 1003
468 678
678 757
678 1438
543 678
457 678
678 859
301 678
309 678
678 1186
285 896 950 1250 3110
285 348 896 1250 3110
285 348 896 1250 3105
258 285 896 1250 3110
258 285 896 1250 3105
227 285 896 1250 3110
715 802 1270 1835 2237
715 802 1270 1835 2774
715 802 1270 1835 2654
715 802 1270 1835 2581
802 1270 1835 1925 2237
802 1270 1835 1925 2384
802 1270 1835 1925 2581
715 802 1835 2123 2237
715 802 1835 2123 2774
715 802 1835 2123 3177
715 802 1835 2123 2384
715 802 1835 2123 2210
802 1835 1925 2123 2237
802 1835 1925 2123 2774
802 1835 1925 2123 2654
802 1835 1925 2123 2384
802 1835 1925 2123 2581
802 1835 1925 2123 2648
802 1835 1925 2123 2210
799 949 1551 2822 2875
799 949 1551 2822 2877
949 1551 1788 2822 2877
949 1551 1788 2822 2947
799 949 1551 2611 2822
949 1551 1788 2611 2822
949 1006 1788 2822 2875
799 949 1006 2822 3080
799 949 1006 2822 2877
799 949 1006 2822 2900
949 1006 1788 2822 2900
799 949 1006 2822 2947
949 1006 1788 2822 2947
949 1006 1788 2611 2822
715 949 1551 1788 2875
715 949 1551 1788 3080
715 799 949 1551 2877
715 949 1551 1788 2877
715 799 949 1551 2900
715 949 1551 1788 2947
715 799 949 1551 2611
715 949 1551 1788 2611
715 799 949 1006 2875
715 949 1006 1788 2875
715 799 949 1006 3080
715 949 1006 1788 3080
715 949 1006 1788 2900
715 949 1006 1788 2947
715 949 1006 1788 2611
1551 1788 1975 2822 3080
1551 1788 1975 2822 2877
799 1551 1975 2822 2900
799 1551 1975 2822 2947
1551 1788 1975 2822 2947
799 1551 1975 2611 2822
1551 1788 1975 2611 2822
799 1006 1975 2822 2875
1006 1788 1975 2822 2877
799 1006 1975 2822 2900
1006 1788 1975 2822 2900
715 799 1551 1975 3080
715 1551 1788 1975 3080
715 799 1551 1975 2877
715 1551 1788 1975 2900
715 1551 1788 1975 2947
715 1006 1788 1975 2875
715 799 1006 1975 3080
715 1006 1788 1975 3080
715 799 1006 1975 2877
715 799 1006 1975 2900
715 1006 1788 1975 2947
715 1006 1788 1975 2611
799 950 1551 2822 2875
950 1551 1788 2822 2875
799 950 1551 2822 3080
950 1551 1788 2822 3080
799 950 1551 2822 2877
950 1551 1788 2822 2900
799 950 1551 2822 2947
950 1551 1788 2822 2947
950 1551 1788 2611 2822
799 950 1006 2822 2875
950 1006 1788 2822 2875
799 950 1006 2822 3080
950 1006 1788 2822 3080
799 950 1006 2822 2947
799 950 1006 2611 2822
950 1006 1788 2611 2822
715 950 1551 1788 2875
715 799 950 1551 3080
715 799 950 1551 2877
715 799 950 1551 2900
715 799 950 1551 2611
715 950 1551 1788 2611
715 799 950 1006 2875
715 950 1006 1788 2875
715 799 950 1006 3080
715 950 1006 1788 3080
715 950 1006 1788 2877
715 799 950 1006 2947
715 799 950 1006 2611
144 146 173 1573
258 320 322 2809 2871
258 319 322 2809 2871
320 322 621 2809 2871
319 322 621 2809 2871
348 1075 1847 2829 3289
348 1192 1847 2829 3289
348 1192 1847 2345 2829
715 857 1270 1835 2924
715 857 1270 1835 2883
715 857 1270 1835 2921
715 857 1270 1835 2937
857 1270 1835 1925 2924
857 1270 1835 1925 2883
857 1270 1835 1925 3080
857 1270 1835 1925 2921
857 1270 1835 1925 2937
715 857 1835 1975 2924
715 857 1835 1975 2883
715 857 1835 1975 3080
715 857 1835 1975 2921
715 857 1835 1975 2937
857 1835 1925 1975 2883
857 1835 1925 1975 2921
857 1835 1925 1975 2394
109 119 157 1573
255 292 550 2322 2819
264 759 1076 2808 3087
264 759 1076 2808 3352
264 759 1076 2808 3079
264 759 1076 2808 3077
264 759 1076 2808 3083
264 1076 1077 2808 3087
264 1076 1077 2808 3352
264 1076 1077 2808 3083
264 1076 1077 2808 3078
264 1076 1077 2808 3081
255 628 774 2692 2828
628 718 774 2391 2828
628 718 774 2692 2828
621 735 941 2213 2835
255 735 941 2475 2835
255 735 941 2256 2835
285 348 505 548 2253
285 348 505 838 2253
285 348 505 548 3143
285 348 505 837 3143
285 348 505 838 3143
285 348 505 548 2459
285 348 505 838 2459
285 348 826 838 2253
285 348 826 838 3143
285 348 548 826 2459
285 348 826 837 2459
285 348 826 838 2459
285 505 838 949 2253
285 505 548 949 3143
285 505 837 949 3143
285 505 838 949 3143
285 505 548 949 2459
285 505 837 949 2459
285 826 837 949 2253
285 826 838 949 2253
285 826 837 949 2459
285 826 838 949 2459
0 6 177 1583
215 252 294 2824 3243
252 294 521 2824 3243
252 294 521 2824 3288
252 294 521 2824 3224
264 647 1094 2821 2885
1998 3032
257 607
257 1793
257 351
257 615
622 678
678 885
299 678
255 1949 2721 2835 3386
255 1505 1949 2543 2835
621 1949 2543 2835 3386
621 1505 1949 2721 2835
621 1505 1949 2543 2835
258 313 1054 2826 2872
258 496 1054 2826 2872
258 313 1054 2679 2826
258 313 378 2679 2826
258 378 496 2679 2826
258 313 2064 2826 2872
258 496 2064 2826 2872
313 1054 2123 2826 2872
496 1054 2123 2826 2872
313 1054 2123 2679 2826
313 378 2123 2826 2872
378 496 2123 2826 2872
378 496 2123 2679 2826
313 2064 2123 2826 2872
496 2064 2123 2826 2872
313 2064 2123 2679 2826
496 2064 2123 2679 2826
313 521 1054 2826 2872
313 521 1054 2679 2826
496 521 1054 2679 2826
313 378 521 2826 2872
378 496 521 2826 2872
313 378 521 2679 2826
378 496 521 2679 2826
313 521 2064 2679 2826
227 313 1054 2826 2872
227 496 1054 2826 2872
227 313 1054 2679 2826
227 313 378 2826 2872
227 313 2064 2826 2872
227 496 2064 2826 2872
227 313 2064 2679 2826
227 496 2064 2679 2826
348 496 1054 2826 2872
313 348 1054 2679 2826
313 348 378 2826 2872
348 378 496 2826 2872
313 348 378 2679 2826
313 348 2064 2826 2872
348 496 2064 2826 2872
348 496 2064 2679 2826
242 810 2060 2826 3091
348 810 2060 2826 3091
521 810 2060 2826 3091
262 759
262 1066
262 1077
262 1602
262 596
262 1076
1051 1960
1960 1996
1107 1157
1107 1960
1157 2055
810 1157
810 1960
1198 1960
904 1157
904 1960
865 1157
865 1960
403 1157
403 1960
888 1157
888 1960
1157 1238
1238 1960
1157 1559
863 1157
863 1960
743 1960
497 1157
497 1960
1557 1960
1157 1433
728 1157
728 1960
1157 1704
1704 1960
1060 1157
1060 1960
864 1157
864 1960
1157 1864
402 1960
1062 1157
801 1157
801 1960
1157 2057
1960 2057
725 1157
725 1960
1727 1960
1157 1951
1951 1960
910 1960
1960 2106
972 1157
972 1960
1960 2047
1056 1157
867 1960
1157 2054
1960 2054
840 1157
840 1960
1157 1237
968 1157
584 1157
1157 2059
1960 2059
1157 1857
1857 1960
1157 1877
1157 1741
1741 1960
815 1157
815 1960
1058 1157
1058 1960
659 1960
1157 1901
1901 1960
1059 1157
1059 1960
1157 1823
1061 1157
1061 1960
869 1157
869 1960
498 1960
868 1157
313 1960
734 1960
499 1960
1157 2058
1960 2058
1725 1960
496 1960
738 1157
405 1960
1858 1960
740 1157
740 1960
1157 2053
1960 2053
726 1960
1054 1157
1054 1960
871 1960
1157 1599
1157 2023
1157 2060
818 1157
818 1960
736 1157
736 1960
816 1960
781 1157
781 1960
385 1157
385 1960
971 1960
1960 2062
866 1960
1693 1960
44 51 69 1573
44 51 69 1583
270 515 950 1773 2801
270 515 950 1773 2407
270 515 950 1773 2713
270 515 950 1773 2217
270 515 950 1773 2282
270 515 950 1773 2716
309 515 950 1773 2801
309 515 950 1773 2407
309 515 950 1773 2713
309 515 950 1773 2235
309 515 950 1773 2264
309 515 950 1773 2217
309 515 950 1773 2282
309 515 950 1773 2156
309 515 950 1773 2716
515 950 1738 1773 2801
515 950 1738 1773 2407
515 950 1738 1773 2713
515 950 1738 1773 2235
515 950 1738 1773 2264
515 950 1738 1773 2217
515 950 1738 1773 2282
515 950 1738 1773 3070
515 950 1738 1773 2716
270 323 515 1773 2801
270 323 515 1773 2235
270 323 515 1773 2264
270 323 515 1773 2503
270 323 515 1773 2282
270 323 515 1773 3070
270 323 515 1773 2156
270 323 515 1773 2716
309 323 515 1773 2407
309 323 515 1773 2713
309 323 515 1773 2517
309 323 515 1773 2503
309 323 515 1773 2282
309 323 515 1773 3070
323 515 1738 1773 2801
323 515 1738 1773 2407
323 515 1738 1773 2713
323 515 1738 1773 2217
323 515 1738 1773 2503
323 515 1738 1773 2282
323 515 1738 1773 3070
323 515 1738 1773 2156
323 515 1738 1773 2716
270 515 1773 1965 2801
270 515 1773 1965 2713
270 515 1773 1965 2235
270 515 1773 1965 2503
270 515 1773 1965 2282
270 515 1773 1965 3070
270 515 1773 1965 2156
309 515 1773 1965 2801
309 515 1773 1965 2713
309 515 1773 1965 2235
309 515 1773 1965 2264
309 515 1773 1965 2282
309 515 1773 1965 3070
309 515 1773 1965 2716
515 1738 1773 1965 2407
515 1738 1773 1965 2235
515 1738 1773 1965 2264
515 1738 1773 1965 2517
515 1738 1773 1965 2282
515 1738 1773 1965 2716
215 665 1784 2622 2824
215 665 1783 2622 2824
215 665 1783 2803 2824
385 728 1785 2678 2826
348 385 728 2754 2826
227 385 728 2678 2826
227 385 728 2754 2826
227 385 728 2826 3258
385 621 728 2678 2826
169 172 174 1573
551 2050
215 279 720 2359 2825
715 778
704 715
475 715
715 1222
715 1788
595 826 949 1863 2864
595 826 949 1863 3209
595 826 949 1863 2509
348 595 826 1863 3223
348 595 826 1863 2864
348 595 826 1863 3209
255 1141 1505 2576 2835
255 1141 1505 2835 3133
255 1140 1505 2576 2835
255 1140 1505 2835 3133
227 1140 1505 2576 2835
227 1140 1505 2835 3133
621 1141 1505 2835 3133
621 1140 1505 2835 3133
757 947 1976 2825 3071
757 947 1976 2206 2825
757 1438 1976 2212 2825
757 947 1976 2212 2825
110 137 151 1583
348 715 861 981 2861
348 715 861 981 3274
348 861 981 2861 3377
348 861 981 3274 3377
255 715 861 981 3274
255 715 861 981 2897
621 861 981 2861 3377
621 861 981 3274 3377
621 861 981 2897 3377
715 861 949 981 2861
715 861 949 981 3274
715 861 949 981 2897
861 949 981 2861 3377
225 1388
518 1388
814 1388
1388 2027
1078 1388
225 756
756 3034
756 1082
190 225
190 3034
190 1138
225 1394
518 1394
1394 3034
1394 2027
1082 1394
1078 1394
1138 1394
225 1398
1398 3034
814 1398
1398 2027
1082 1398
1138 1398
225 1395
518 1395
1395 3034
814 1395
1395 2027
1082 1395
1078 1395
1138 1395
225 996
996 3034
996 1078
996 1138
225 1384
1384 2027
518 1385
1385 3034
1385 2027
1138 1385
225 1389
518 1389
1389 3034
814 1389
1389 2027
1082 1389
518 1397
1397 3034
814 1397
1397 2027
518 1393
1393 3034
814 1393
1393 2027
225 1392
1392 3034
814 1392
1392 2027
1082 1392
192 518
192 1082
192 1078
225 1382
518 1382
1382 3034
814 1382
1382 2027
1082 1382
1078 1382
1138 1382
225 1387
518 1387
814 1387
1078 1387
1138 1387
518 1386
1386 3034
814 1386
1138 1386
225 1396
518 1396
1396 3034
814 1396
1396 2027
1082 1396
1138 1396
225 1390
518 1390
1390 3034
814 1390
1390 2027
1082 1390
225 1381
518 1381
1381 3034
1082 1381
1078 1381
518 1391
1391 2027
1082 1391
1138 1391
225 1383
814 1383
1082 1383
1138 1383
348 1280 2115 2327 2828
348 1280 2115 2738 2828
621 1280 2115 2736 2828
621 1280 2115 2828 2863
950 1569 1885 2852 3025
950 1569 1885 2629 3025
950 1569 1885 2796 3025
348 1569 1837 2852 3025
348 1569 1885 2852 3025
348 1569 1885 2898 3025
348 1569 1885 2629 3025
348 1569 1837 2796 3025
348 1569 1885 2796 3025
281 1569 1837 2898 3025
281 1569 1885 2898 3025
281 1569 1837 2629 3025
281 1569 1885 2629 3025
281 1569 1885 2796 3025
348 477 1288 1908 3268
348 477 1908 3036 3268
242 477 1288 1908 3268
242 477 1908 3036 3268
280 477 1908 3036 3268
281 477 1908 3036 3268
29 36 46 1583
29 36 46 1573
215 448 902 2656 2829
215 448 902 2474 2829
255 448 902 2656 2829
255 448 902 2173 2829
258 448 902 2474 2829
258 448 902 2173 2829
983 986 1270 2867 3377
983 986 1270 2931 3377
983 986 1270 2992 3377
983 986 1270 3115 3377
715 983 986 1270 2867
715 983 986 1270 2920
715 983 986 1270 2774
715 983 986 1270 2935
621 667 1021 2019 2913
621 667 1021 2019 2927
621 667 1021 2019 2592
621 667 1021 2019 2529
258 667 1021 2019 2913
258 667 1021 2019 2592
258 667 1021 2019 2529
348 667 1021 2019 2913
348 667 1021 2019 2592
348 667 1021 2019 2529
70 88 98 1573
317 417 662 715 2516
317 417 662 715 2154
317 417 662 715 2313
317 417 662 715 2586
317 417 662 715 2183
317 417 662 715 2300
317 417 662 715 2670
317 417 662 715 2355
317 417 662 715 2381
317 417 662 715 2770
317 417 662 715 2315
317 417 662 2516 3379
317 417 662 2337 3379
317 417 662 2154 3379
317 417 662 3141 3379
317 417 662 2313 3379
317 417 662 2586 3379
317 417 662 2183 3379
317 417 662 2343 3379
317 417 662 2300 3379
317 417 662 2355 3379
317 417 662 2381 3379
317 417 662 2770 3379
317 417 662 2732 3379
417 662 715 949 2154
417 662 715 949 2430
417 662 715 949 2762
417 662 715 949 2252
417 662 715 949 2183
417 662 715 949 2343
417 662 715 949 2355
417 662 715 949 2381
417 662 715 949 2770
417 662 715 949 2477
417 662 715 949 2315
417 662 715 949 2732
417 662 715 949 2547
417 662 949 2337 3379
417 662 949 2154 3379
417 662 949 2430 3379
417 662 949 3141 3379
417 662 949 2762 3379
417 662 949 2313 3379
417 662 949 2252 3379
417 662 949 2183 3379
417 662 949 2300 3379
417 662 949 2670 3379
417 662 949 2355 3379
417 662 949 2381 3379
417 662 949 2770 3379
417 662 949 2477 3379
417 662 949 2732 3379
417 662 949 2547 3379
80 99 115 1583
348 515 523 695 2501
255 467 515 695 2501
255 515 523 695 2501
255 515 523 695 2604
227 467 515 695 2604
227 515 523 695 2604
467 515 621 695 2501
515 523 621 695 2501
467 515 621 695 2604
515 523 621 695 2604
348 425 1906 2450 2835
348 425 476 2444 2835
258 712 1065 2129 2840
1061 1062 1785 2220 2826
1061 1062 1785 2182 2826
1061 1062 1785 2559 2826
1061 1062 1785 2419 2826
348 1061 1062 2745 2826
348 1061 1062 2771 2826
348 1061 1062 2559 2826
348 1061 1062 2419 2826
227 1061 1062 2745 2826
227 1061 1062 2771 2826
227 1061 1062 2559 2826
1543 1976 2007 2215 3033
324 1543 2007 2123 2215
324 949 1543 2007 2215
949 1543 2007 2215 3033
324 348 1543 2007 2215
223 822
253 258 2072 2824 3368
253 521 2072 2346 2824
253 521 2072 2824 3368
215 253 2072 2346 2824
215 253 2072 2824 3368
348 423 515 1795 2491
348 423 515 1795 2570
348 423 515 1795 2512
348 423 515 1795 2278
348 423 515 1795 3167
258 423 515 1795 2491
258 423 515 1795 2607
258 423 515 1795 2512
258 423 515 1795 3300
258 423 515 1795 2278
258 423 515 1795 2540
227 423 515 1795 2329
227 423 515 1795 2991
227 423 515 1795 2607
227 423 515 1795 2512
227 423 515 1795 3300
227 423 515 1795 2278
227 423 515 1795 3167
1018 1200
1200 2081
279 1200
721 1200
992 1200
392 1200
995 1200
1200 1645
956 2027
347 2027
2027 2954
712 2027
1065 2027
489 2027
1024 2027
633 2027
1772 2027
702 2027
741 2027
1137 2027
1646 2027
945 2027
288 2027
737 2027
289 2027
490 2027
2027 3269
348 1508 1715 2835 3139
84 99 120 1583
25 26 47 1583
30 37 46 1583
30 37 46 527
255 540 595 996 2170
258 1037 1522 1873 2987
258 1037 1522 1873 2986
258 1037 1522 1873 2988
258 715 1037 1522 2775
258 715 1037 1522 2987
258 715 1037 1522 2986
258 715 1037 1522 2988
950 1037 1522 1873 2986
950 1037 1522 1873 2988
715 950 1037 1522 2987
715 950 1037 1522 2988
281 1037 1522 1873 2775
281 1037 1522 1873 2987
281 1037 1522 1873 2986
281 1037 1522 1873 2988
281 715 1037 1522 2775
281 715 1037 1522 2987
281 715 1037 1522 2988
348 1037 1522 1873 2775
348 1037 1522 1873 2986
348 1037 1522 1873 2988
348 715 1037 1522 2775
348 715 1037 1522 2987
348 715 1037 1522 2986
348 715 1037 1522 2988
280 1037 1522 1873 2775
280 1037 1522 1873 2987
280 1037 1522 1873 2988
280 715 1037 1522 2775
280 715 1037 1522 2987
280 715 1037 1522 2986
258 1575 1577 2813 3366
215 1615 1616 2815 3132
21 43 46 1583
239 242 361 2870
239 242 361 2914
239 242 361 2917
239 242 361 2865
239 242 361 2936
239 361 950 2907
239 361 950 2870
239 361 950 2914
239 361 950 2917
239 361 950 2909
239 361 950 2936
348 1010 2836 3031
348 595 731 828 3024
348 595 731 828 2370
348 505 595 1236 3024
348 595 828 1236 3024
348 505 595 1236 2174
348 595 828 1236 2174
348 505 595 1236 2370
348 595 828 1236 2370
595 621 731 828 3024
595 621 731 828 2174
505 595 621 731 2370
505 595 621 1236 3024
505 595 621 1236 2174
595 621 828 1236 2370
258 505 595 731 3024
258 595 731 828 3024
258 505 595 731 2174
258 505 595 731 2370
258 505 595 1236 3024
258 595 828 1236 3024
258 505 595 1236 2174
258 595 828 1236 2174
258 505 595 1236 2370
258 595 828 1236 2370
227 595 731 828 3024
227 505 595 731 2174
227 595 731 828 2174
227 505 595 731 2370
227 595 731 828 2370
227 505 595 1236 3024
227 595 828 1236 3024
227 505 595 1236 2370
227 595 828 1236 2370
748 1069 1088 1976 2276
1117 1842
1117 1843
662 715 949 985 2887
662 715 949 985 2229
662 715 949 985 2378
662 715 949 985 2147
662 715 949 985 2368
662 715 949 985 2761
662 715 949 985 2714
662 715 949 985 2915
662 715 949 985 2948
662 715 949 985 2314
662 949 985 2887 3379
662 949 985 2923 3379
662 949 985 2895 3379
662 949 985 2229 3379
662 949 985 3017 3379
662 949 985 2147 3379
662 949 985 2761 3379
662 949 985 2714 3379
662 949 985 2314 3379
685 1654
195 348 1921 2807 3246
195 348 1921 2777 2807
195 621 1921 2807 3246
195 621 1921 2777 2807
752 949 1570 3054 3245
667 949 1825 3054 3245
667 752 949 3054 3245
248 883
57 76 136 1583
623 1224
70 91 98 1583
70 91 98 1573
339 621 2466 2836 3249
246 1251
246 833
246 1190
246 835
246 829
246 838
246 1185
246 825
246 830
246 967
246 306
246 505
246 312
246 964
246 701
246 670
246 661
246 1845
246 1713
246 837
246 2004
241 246
108 123 158 1573
121 128 172 1573
74 98 104 1573
281 595 829 837 2513
281 595 829 1760 2513
281 595 829 837 2589
281 595 829 1760 2589
281 595 661 837 2513
281 595 661 837 2589
281 595 661 1760 2589
281 595 670 1760 2513
281 595 670 1760 2589
281 595 1716 1760 2513
281 595 837 1716 2889
281 595 1716 1760 2889
348 595 829 837 2513
348 595 829 1760 2513
348 595 829 1760 2889
348 595 829 1760 2589
348 595 661 1760 2513
348 595 661 837 2889
348 595 661 837 2589
348 595 661 1760 2589
348 595 670 1760 2889
348 595 670 1760 2589
348 595 837 1716 2513
348 595 837 1716 2889
348 595 837 1716 2589
595 829 949 1760 2513
595 829 837 949 2889
595 829 949 1760 2889
595 829 949 1760 2589
595 661 949 1760 2513
595 661 949 1760 2889
595 661 837 949 2589
595 670 837 949 2513
595 670 949 1760 2513
595 670 837 949 2889
595 670 949 1760 2589
595 949 1716 1760 2513
595 837 949 1716 2589
595 949 1716 1760 2589
198 348 1011 1879 2718
198 348 1011 1879 2302
198 258 1011 1879 2718
47 64 76 1583
127 150 155 1583
281 291 1009 2129 2807
281 291 1009 2807 3173
281 291 1009 2128 2807
281 291 619 2128 2807
227 291 1009 2129 2807
227 291 1009 2807 3173
227 291 1009 2128 2807
227 291 619 2128 2807
28 33 47 1583
227 1252 1753 2834 3321
227 1252 1753 2834 3318
1252 1753 1976 2834 3318
1252 1753 2123 2834 3321
621 1252 1753 2834 3321
621 1252 1753 2834 3318
258 1462 1813 2816 3000
242 1661 1687 2817 3145
258 1661 1687 2817 3145
215 625 1699 2820 3244
215 625 1699 2141 2820
521 625 1699 2820 3244
521 625 1699 2141 2820
1400 1617
260 1400
1584 1617
260 1584
181 1617
181 260
1588 1617
260 1588
260 1430
1402 1617
260 1402
260 1432
1587 1617
260 1427
1589 1617
1428 1617
260 1428
260 1399
260 1851
1429 1617
260 1429
1585 1617
260 1585
1510 1617
260 851
1617 1640
260 1640
1497 1617
260 1497
1590 1617
260 1292
1592 1617
260 1592
1426 1617
852 1617
260 852
1586 1617
260 1586
1509 1617
260 1509
258 1707 1814 2693 2829
258 846 1707 2693 2829
258 846 1707 2786 2829
258 846 1707 2425 2829
258 1707 1814 2829 2901
258 846 1707 2829 2901
258 1707 1814 2422 2829
258 1673 1814 2693 2829
258 1673 1814 2786 2829
258 846 1673 2786 2829
258 1673 1814 2425 2829
258 846 1673 2425 2829
258 1673 1814 2422 2829
846 943 1707 2693 2829
943 1707 1814 2786 2829
943 1707 1814 2425 2829
846 943 1707 2425 2829
943 1707 1814 2829 2901
943 1707 1814 2422 2829
846 943 1707 2422 2829
943 1673 1814 2693 2829
943 1673 1814 2786 2829
846 943 1673 2786 2829
943 1673 1814 2425 2829
943 1673 1814 2829 2901
846 943 1673 2829 2901
943 1673 1814 2422 2829
348 846 1707 2693 2829
348 1707 1814 2786 2829
348 1707 1814 2425 2829
348 1707 1814 2829 2901
348 846 1707 2829 2901
348 846 1673 2693 2829
348 1673 1814 2786 2829
348 846 1673 2425 2829
348 1673 1814 2829 2901
348 1673 1814 2422 2829
937 1224
323 440 515 1792 3310
323 440 515 859 3310
323 440 515 1774 3310
323 440 515 859 2139
323 440 515 1774 2139
323 440 515 1774 3294
323 440 515 1792 2140
323 440 515 1792 2608
323 440 515 859 2608
323 440 515 1774 2608
323 440 515 1792 3296
323 440 515 1774 3296
323 440 515 859 3075
323 515 859 889 3310
323 515 889 1774 3310
323 515 889 1792 2139
323 515 889 1792 3294
323 515 859 889 3294
323 515 889 1774 3294
323 515 889 1774 2140
323 515 889 1792 2608
323 515 859 889 2608
323 515 889 1774 2608
323 515 889 1792 3296
323 515 859 889 3296
323 515 889 1792 3075
323 515 859 889 3075
323 515 889 1774 3075
440 515 859 950 3310
440 515 950 1792 2139
440 515 859 950 2139
440 515 950 1792 3294
440 515 859 950 3294
440 515 950 1792 2140
440 515 859 950 2140
440 515 950 1774 2140
440 515 950 1774 2608
440 515 950 1792 3296
440 515 859 950 3296
440 515 950 1774 3296
440 515 859 950 3075
440 515 950 1774 3075
515 859 889 950 3310
515 889 950 1792 2139
515 889 950 1774 2139
515 889 950 1792 3294
515 859 889 950 3294
515 889 950 1774 3294
515 889 950 1792 2140
515 889 950 1774 2140
515 889 950 1792 2608
515 889 950 1792 3296
515 859 889 950 3296
515 889 950 1792 3075
515 859 889 950 3075
76 87 98 1583
242 714 1171 3150 3379
242 821 1171 3150 3379
242 821 1171 2532 3379
242 821 1171 2943 3379
242 714 1171 3124 3379
242 821 1171 3124 3379
242 714 1171 3127 3379
242 667 714 3150 3379
242 667 821 3150 3379
242 667 714 2943 3379
242 667 821 2943 3379
242 667 714 3127 3379
242 667 821 3127 3379
242 714 715 1171 3147
242 715 821 1171 3147
242 714 715 1171 3150
242 715 821 1171 3150
242 714 715 1171 2532
242 715 821 1171 2532
242 714 715 1171 2943
242 715 821 1171 3124
242 714 715 1171 3127
242 667 715 821 3147
242 667 714 715 3150
242 667 715 821 3150
242 667 714 715 2532
242 667 715 821 2943
242 667 715 821 3124
242 667 714 715 3127
242 667 715 821 3127
258 821 1171 3147 3379
258 714 1171 3150 3379
258 821 1171 3150 3379
258 821 1171 2532 3379
258 714 1171 2943 3379
258 821 1171 2943 3379
258 821 1171 3124 3379
258 667 821 3147 3379
258 667 714 3150 3379
258 667 821 2943 3379
258 667 714 3124 3379
258 667 821 3124 3379
258 667 714 3127 3379
258 714 715 1171 3150
258 714 715 1171 3124
258 715 821 1171 3124
258 714 715 1171 3127
258 715 821 1171 3127
258 667 715 821 3147
258 667 715 821 3150
258 667 714 715 2532
258 667 715 821 2532
258 667 714 715 2943
258 667 714 715 3124
258 667 715 821 3124
258 667 714 715 3127
258 667 715 821 3127
348 714 1171 3147 3379
348 821 1171 3150 3379
348 714 1171 2532 3379
348 821 1171 2532 3379
348 821 1171 2943 3379
348 714 1171 3124 3379
348 821 1171 3124 3379
348 821 1171 3127 3379
348 667 714 2532 3379
348 667 821 2532 3379
348 667 821 2943 3379
348 667 714 3124 3379
348 715 821 1171 3147
348 715 821 1171 3150
348 714 715 1171 2532
348 715 821 1171 2943
348 714 715 1171 3124
348 715 821 1171 3124
348 715 821 1171 3127
348 667 715 821 3147
348 667 715 821 2532
348 667 715 821 2943
348 667 715 821 3124
348 667 714 715 3127
714 949 1171 3147 3379
821 949 1171 3147 3379
714 949 1171 3150 3379
821 949 1171 3150 3379
821 949 1171 2532 3379
714 949 1171 2943 3379
821 949 1171 2943 3379
714 949 1171 3124 3379
821 949 1171 3127 3379
667 714 949 3147 3379
667 714 949 3150 3379
667 821 949 3150 3379
667 821 949 2532 3379
667 714 949 2943 3379
667 821 949 2943 3379
667 821 949 3124 3379
667 714 949 3127 3379
714 715 949 1171 3147
715 821 949 1171 3147
714 715 949 1171 3150
715 821 949 1171 3150
714 715 949 1171 2532
714 715 949 1171 2943
715 821 949 1171 2943
714 715 949 1171 3124
714 715 949 1171 3127
667 714 715 949 3150
667 714 715 949 2532
667 714 715 949 2943
667 715 821 949 2943
667 714 715 949 3124
667 714 715 949 3127
667 715 821 949 3127
621 728 1198 2736 2826
621 728 1198 2642 2826
227 728 1198 2377 2826
227 728 1198 2312 2826
227 728 1198 2642 2826
348 728 1198 2736 2826
348 728 1198 2377 2826
348 728 1198 2312 2826
545 690 1900 2555 2817
121 128 176 1583
521 525 2073 2757 3050
521 525 2073 2804 3050
215 525 2073 2757 3050
242 525 2073 2757 3050
2 6 11 1583
62 84 97 1583
215 1726 2013 3038 3187
348 789 1508 2683 2835
348 789 1508 2392 2835
348 789 1508 2220 2835
348 789 1508 2213 2835
346 604 715 1270 2648
346 604 715 1270 2929
346 604 715 1270 2878
346 604 715 1270 2951
346 604 715 1270 2383
604 715 982 1270 2878
604 715 982 1270 2994
346 604 1270 2648 3377
346 604 1270 2929 3377
346 604 1270 2878 3377
346 604 1270 2951 3377
346 604 1270 2383 3377
604 982 1270 2994 3377
604 982 1270 2951 3377
604 982 1270 2383 3377
215 590 2087 2340 3052
515 931 1186 1975 3313
515 931 1186 1975 2854
348 742 1986 2807 3340
348 742 1986 2807 3324
348 742 1986 2807 3257
348 742 1986 2270 2807
348 742 1986 2650 2807
258 742 1986 2807 3340
258 742 1986 2436 2807
258 742 1986 2807 3257
258 742 1986 2650 2807
258 742 1986 2386 2807
255 742 1986 2807 3340
255 742 1986 2807 3324
255 742 1986 2436 2807
255 742 1986 2270 2807
255 742 1986 2386 2807
621 742 1986 2807 3340
621 742 1986 2807 3324
621 742 1986 2436 2807
621 742 1986 2270 2807
621 742 1986 2650 2807
621 742 1986 2386 2807
742 1270 1986 2807 3340
742 1270 1986 2270 2807
742 1270 1986 2386 2807
95 109 115 1583
79 82 99 1583
32 36 47 1583
1636 2020
1170 2020
744 2020
1636 3264
515 621 794 1979 2304
515 621 794 1979 2274
515 621 794 1979 2278
258 515 794 1979 2274
515 794 949 1979 2304
515 794 949 1979 2274
515 794 949 1979 2278
227 515 794 1979 2304
227 515 794 1979 2274
227 515 794 1979 2278
348 515 794 1979 2304
348 515 794 1979 2274
348 515 794 1979 2278
12 35
243 337 348 515 2615
243 337 348 515 2259
337 348 515 2615 3319
337 348 515 2259 3319
243 255 337 515 2615
255 337 515 2259 3319
243 337 515 949 2369
337 515 949 2259 3319
227 243 337 515 2369
227 337 515 2369 3319
227 337 515 2259 3319
337 515 1785 2615 3319
337 515 1785 2369 3319
337 515 1785 2259 3319
621 715 1032 2323 3101
621 715 1032 2797 3101
621 715 1032 3101 3225
621 715 1032 3101 3142
621 715 733 2224 3101
621 715 733 3101 3351
621 715 733 2387 3101
621 715 733 3101 3142
621 715 733 2616 3101
356 621 715 2323 3101
356 621 715 3101 3351
356 621 715 2797 3101
356 621 715 2387 3101
356 621 715 2956 3101
356 621 715 2289 3101
356 621 715 3101 3225
356 621 715 3101 3142
356 621 715 2974 3101
621 1032 2836 3101 3351
621 1032 2797 2836 3101
621 1032 2836 2956 3101
621 1032 2836 3101 3225
621 1032 2836 2974 3101
621 733 2836 3101 3351
621 733 2797 2836 3101
621 733 2387 2836 3101
621 733 2375 2836 3101
621 733 2836 2956 3101
621 733 2289 2836 3101
621 733 2836 3101 3225
621 733 2616 2836 3101
356 621 2224 2836 3101
356 621 2323 2836 3101
356 621 2836 3101 3351
356 621 2387 2836 3101
356 621 2289 2836 3101
356 621 2836 3101 3225
356 621 2836 3101 3142
356 621 2616 2836 3101
356 621 2836 2974 3101
486 943 1015 1196 2135
486 943 1015 1196 2133
486 943 1015 1196 2134
486 943 1015 1196 2137
486 943 1015 1196 2136
943 1015 1196 2138 3377
943 1015 1196 2133 3377
943 1015 1196 2132 3377
943 1015 1196 2137 3377
943 1015 1196 2136 3377
486 621 1015 1196 2134
486 621 1015 1196 2132
486 621 1015 1196 2136
621 1015 1196 2135 3377
621 1015 1196 2133 3377
621 1015 1196 2134 3377
621 1015 1196 2132 3377
621 1015 1196 2137 3377
337 515 1249 2116 2695
337 515 1249 2116 3286
337 515 1249 2116 3309
337 515 1249 2116 3291
337 515 1249 2116 2925
255 337 515 2116 2744
255 337 515 2116 3286
255 337 515 2116 3303
255 337 515 2116 2925
337 515 898 2116 3286
337 515 898 2116 3303
337 515 898 2116 2925
337 515 1963 2116 2695
337 515 1963 2116 2744
337 515 1963 2116 3286
337 515 1963 2116 3309
227 370 516 1519 2755
370 516 943 1519 2271
370 516 943 1519 2755
1 5 9 527
410 1116
434 1116
228 413
413 1116
228 1915
1116 1915
228 455
228 1739
1116 1739
228 433
433 1116
463 1116
228 409
435 1116
761 778 1270 2836 3360
715 761 778 1270 3360
258 295 946 999 2367
258 295 946 999 2789
295 348 946 999 2789
295 348 571 623 2730
295 348 571 623 2269
295 348 571 998 2590
295 348 571 998 2730
227 295 571 623 2730
227 295 571 623 2269
227 295 571 998 2590
227 295 571 998 2730
950 1710 1895 2689 3025
950 1711 1895 2689 3025
950 1711 1895 2230 3025
281 1710 1895 2696 3025
281 1710 1895 2689 3025
281 1710 1895 2230 3025
281 1711 1895 2689 3025
281 1711 1895 2230 3025
1245 1502
1501 1730
1245 1501
323 664 1825 2532 3377
323 664 1825 2593 3377
323 664 1825 2209 3377
323 664 1825 2196 3377
323 664 1825 2645 3377
323 664 1825 2368 3377
323 664 1825 2545 3377
323 664 1825 2663 3377
323 664 1825 2544 3377
323 664 1825 3118 3377
323 664 1825 2707 3377
323 664 1825 2199 3377
323 664 1825 2279 3377
323 664 1825 2315 3377
323 664 1825 2169 3377
323 664 1825 2560 3377
323 664 1825 2592 3377
323 513 664 2532 3377
323 513 664 2593 3377
323 513 664 2209 3377
323 513 664 2196 3377
323 513 664 2645 3377
323 513 664 2663 3377
323 513 664 2753 3377
323 513 664 2248 3377
323 513 664 2437 3377
323 513 664 3118 3377
323 513 664 2707 3377
323 513 664 2199 3377
323 513 664 2279 3377
323 513 664 2169 3377
323 513 664 2560 3377
323 513 664 2592 3377
323 664 1008 2532 3377
323 664 1008 2593 3377
323 664 1008 2196 3377
323 664 1008 2645 3377
323 664 1008 2396 3377
323 664 1008 2544 3377
323 664 1008 2591 3377
323 664 1008 2248 3377
323 664 1008 3118 3377
323 664 1008 2707 3377
323 664 1008 2199 3377
323 664 1008 2698 3377
323 664 1008 2169 3377
323 664 1008 2592 3377
664 949 1825 2532 3377
664 949 1825 2209 3377
664 949 1825 2368 3377
664 949 1825 2753 3377
664 949 1825 2544 3377
664 949 1825 2248 3377
664 949 1825 3118 3377
664 949 1825 2279 3377
664 949 1825 2169 3377
664 949 1825 2592 3377
513 664 949 2532 3377
513 664 949 2593 3377
513 664 949 2209 3377
513 664 949 2317 3377
513 664 949 2368 3377
513 664 949 2591 3377
513 664 949 3118 3377
513 664 949 2707 3377
513 664 949 2315 3377
513 664 949 2698 3377
513 664 949 2560 3377
513 664 949 2592 3377
664 949 1008 2317 3377
664 949 1008 2196 3377
664 949 1008 2645 3377
664 949 1008 2368 3377
664 949 1008 2663 3377
664 949 1008 2396 3377
664 949 1008 2707 3377
664 949 1008 2279 3377
664 949 1008 2315 3377
664 949 1008 2698 3377
664 949 1008 2169 3377
664 949 1008 2560 3377
664 949 1008 2592 3377
258 715 938 1737 2562
258 715 938 1737 3232
258 938 1737 2836 3355
258 938 1737 2836 3232
521 715 938 1737 2562
521 715 938 1737 3355
521 715 938 1737 3232
521 938 1737 2562 2836
727 1056 1776 2526 2826
727 1056 1776 2826 3171
727 1056 1776 2826 3068
348 727 1056 2526 2826
348 727 1056 2294 2826
348 727 1056 2826 3171
348 727 1056 2826 2899
727 943 1056 2294 2826
727 943 1056 2826 3171
727 943 1056 2826 3068
727 943 1056 2448 2826
727 943 1056 2826 2899
621 727 1056 2294 2826
621 727 1056 2826 2899
348 515 1531 1536 2731
348 942 1806 2835 3139
1462 1954
197 348 1061 2202 2826
197 348 1061 2240 2826
197 348 1061 2246 2826
197 348 1061 2192 2826
197 348 1061 2258 2826
197 348 1061 2767 2826
197 621 1061 2240 2826
197 621 1061 2246 2826
197 621 1061 2258 2826
197 621 1061 2767 2826
348 548 595 827 2519
348 595 827 837 2519
348 548 595 827 2253
348 595 827 837 2253
348 548 595 827 2577
348 595 827 837 2577
348 595 827 837 2763
348 548 595 671 2519
348 548 595 671 2253
348 595 671 837 2253
348 548 595 671 2763
348 595 671 837 2763
548 595 827 949 2519
595 827 837 949 2519
548 595 827 949 2253
595 827 837 949 2253
595 827 837 949 2577
548 595 671 949 2519
595 671 837 949 2253
548 595 671 949 2577
548 595 671 949 2763
595 671 837 949 2763
538 645 886 1785 3010
538 645 886 1785 3129
538 645 886 1785 2185
538 601 886 1785 2795
538 601 886 1785 2153
538 645 886 1785 2903
538 601 886 1785 2903
538 601 886 1785 3202
348 538 645 886 3010
348 538 601 886 3010
348 538 645 886 3129
348 538 645 886 2185
348 538 645 886 2795
348 538 601 886 2795
348 538 645 886 2153
348 538 601 886 2153
348 538 645 886 2903
348 538 601 886 2903
348 538 645 886 3202
348 538 601 886 3202
227 538 601 886 3010
227 538 645 886 3129
227 538 601 886 3129
227 538 645 886 2795
227 538 601 886 2795
227 538 645 886 2903
227 538 645 886 3202
227 538 601 886 3202
255 538 645 886 3010
255 538 601 886 3010
255 538 645 886 3129
255 538 601 886 3129
255 538 645 886 2795
255 538 601 886 2795
255 538 601 886 2153
255 538 645 886 2903
255 538 645 886 3202
255 538 601 886 3202
538 645 886 1965 3010
538 601 886 1965 3129
538 645 886 1965 2185
538 601 886 1965 2795
538 601 886 1965 2153
538 645 886 1965 2903
538 601 886 1965 2903
538 645 886 1965 3202
129 143 160 1583
64 66 97 1583
521 546 2092 2776 2835
521 546 2092 2703 2835
258 546 2092 2316 2835
258 546 2092 2703 2835
215 546 2092 2835 3341
215 546 2092 2703 2835
289 712 1965 2145 2840
289 712 1965 2840 3367
289 712 1965 2840 2961
203 289 712 1965 2840
289 1646 1965 2145 2840
289 1646 1965 2840 3367
289 1646 1965 2840 2961
289 1646 1965 2840 3376
203 289 1646 1965 2840
289 348 712 2145 2840
289 348 712 2840 3367
289 348 1646 2145 2840
289 348 1646 2840 3367
289 348 1646 2840 2961
289 348 1646 2840 3376
203 289 348 1646 2840
305 595 621 1716 2290
595 621 964 1716 2290
227 305 595 1716 2548
227 305 595 1716 3060
227 305 595 1716 2290
227 305 595 1716 2580
227 595 964 1716 2548
227 595 964 1716 3060
227 595 964 1716 2290
258 305 595 1716 2548
258 305 595 1716 3060
258 305 595 1716 2290
258 305 595 1716 2580
258 595 964 1716 2548
258 595 964 1716 3060
258 595 964 1716 2290
258 595 964 1716 2580
305 348 595 1716 2290
305 348 595 1716 2580
13 44 57 3100
521 1575 1822 2813 3149
949 1575 1822 2813 3149
227 684 1723 2734 2814
348 684 1723 2814 3212
348 684 1723 2734 2814
255 684 1723 2734 2814
22 28 46 1583
501 1294
193 501
501 1643
501 1293
1293 1937
501 1299
501 1296
1296 1937
501 1298
1298 1937
501 1295
1295 1937
240 563
240 1415
715 2086
240 938
240 1005
715 1005
364 715
715 1414
240 1417
715 1417
240 754
715 754
240 800
715 1191
240 1419
240 862
715 862
240 1631
715 1631
715 1420
715 873
240 1416
240 1418
715 1418
240 778
240 341
341 715
240 266
266 715
240 1153
715 1413
240 267
267 715
269 715
240 268
268 715
240 272
272 715
240 747
715 747
240 1422
521 549 1017 2820 3161
13 57 136 3100
234 1101
234 1625
234 2952
298 2121
234 2121
234 1623
298 2094
298 1626
348 515 611 612 3231
1084 1461
1042 1461
1042 1453
1042 1476
1042 1475
1084 1458
1042 1458
1084 1460
1084 1459
1042 1454
1084 1450
1042 1450
1084 1455
1042 1455
1084 1437
1084 1477
1042 1477
1084 1449
1042 1449
1036 1042
1084 1452
675 1084
675 1042
1084 1451
1042 1451
1084 1985
1288 1838
477 1288
1288 1908
258 339 1737 2401 2836
258 339 1737 2794 2836
258 339 1737 2261 2836
258 339 1737 2494 2836
258 339 715 1737 2261
258 339 715 1737 2494
258 339 715 1737 2975
215 339 1737 2401 2836
215 339 1737 2794 2836
215 339 1737 2261 2836
215 339 1737 2836 2975
215 339 1737 2249 2836
215 339 715 1737 2494
215 339 715 1737 2975
215 339 715 1737 2249
229 1919
480 914
480 918
480 912
255 513 1015 2451 3377
255 1008 1015 2479 3377
255 513 1015 2479 3377
255 513 1015 2902 3377
621 1008 1015 2451 3377
513 621 1015 2451 3377
621 1008 1015 2479 3377
513 621 1015 2479 3377
75 98 107 1573
246 447
246 547
180 538 901 943 2301
180 538 901 943 3305
180 538 901 943 2434
180 538 901 943 2403
180 538 901 943 2470
180 538 901 943 2798
180 538 901 943 2231
180 538 901 943 2612
180 538 943 973 2301
180 538 943 973 3305
180 538 943 973 2338
180 538 943 973 2434
180 538 943 973 2802
180 538 943 973 2179
180 538 943 973 2470
180 538 943 973 2798
180 538 943 973 2552
180 538 943 973 2231
180 538 621 901 2301
180 538 621 901 2802
180 538 621 901 2187
180 538 621 901 2179
180 538 621 901 2552
180 538 621 973 3305
180 538 621 973 2338
180 538 621 973 2802
180 538 621 973 2179
180 538 621 973 2403
180 538 621 973 2470
180 538 621 973 2798
180 538 621 973 2552
180 538 621 973 2231
180 538 621 973 2612
180 348 538 901 3305
180 348 538 901 2338
180 348 538 901 2802
180 348 538 901 2179
180 348 538 901 2403
180 348 538 901 2470
180 348 538 901 2798
180 348 538 901 2552
180 348 538 973 2301
180 348 538 973 3305
180 348 538 973 2338
180 348 538 973 2434
180 348 538 973 2187
180 348 538 973 2470
180 348 538 973 2798
180 348 538 973 2552
180 348 538 973 2231
180 348 538 973 2612
295 348 484 946 2759
295 348 484 1824 2759
295 348 484 946 2358
295 348 484 1824 2358
1091 1551 1975 2462 2822
1091 1551 1975 2822 3259
949 1091 1551 2462 2822
949 1091 1551 2822 3259
121 132 160 1583
691 1137 1776 2432 2840
1614 1615
1614 1846
1614 1833
218 1614
381 458 950 2850 3252
348 381 458 2464 2850
348 381 458 2850 3252
227 381 458 2245 2850
952 1733 1776 2814 2873
952 1733 1776 2814 3196
952 1735 1776 2814 3191
952 1735 1776 2814 2873
952 1735 1776 2814 3168
952 1735 1776 2814 3195
255 952 1733 2814 3191
255 952 1733 2814 2873
255 952 1733 2814 3196
255 952 1735 2814 3191
255 952 1735 2814 2873
255 952 1735 2814 3168
943 952 1733 2814 3191
943 952 1733 2814 3168
943 952 1733 2814 3195
943 952 1733 2814 3196
943 952 1735 2814 3195
943 952 1735 2814 3196
783 952 1733 2814 3191
783 952 1733 2814 3168
783 952 1733 2814 3196
783 952 1735 2814 2873
783 952 1735 2814 3196
898 952 1733 2814 3191
898 952 1733 2814 2873
898 952 1733 2814 3195
898 952 1735 2814 3191
898 952 1735 2814 3168
898 952 1735 2814 3196
952 1733 2123 2814 3191
952 1733 2123 2814 3168
952 1735 2123 2814 3191
952 1735 2123 2814 2873
952 1735 2123 2814 3168
952 1735 2123 2814 3195
952 1735 2123 2814 3196
952 1733 1976 2814 3195
952 1733 1976 2814 3196
952 1735 1976 2814 3191
952 1735 1976 2814 2873
952 1735 1976 2814 3195
952 1735 1976 2814 3196
255 2254 2819 2953 2985
255 2222 2819 2953 2985
255 2819 2953 2985 3240
255 2603 2819 2953 2985
255 2819 2953 2985 3175
255 2303 2819 2953 2985
255 2342 2819 2953 2985
255 2504 2819 2953 2985
348 2729 2819 2953 2985
348 2222 2819 2953 2985
348 2819 2953 2985 3240
348 2447 2819 2953 2985
348 2819 2953 2985 3273
348 2303 2819 2953 2985
348 2717 2819 2953 2985
348 2504 2819 2953 2985
943 2729 2819 2953 2985
943 2254 2819 2953 2985
943 2222 2819 2953 2985
943 2819 2953 2985 3240
943 2603 2819 2953 2985
943 2447 2819 2953 2985
943 2819 2953 2985 3273
943 2303 2819 2953 2985
943 2717 2819 2953 2985
943 2504 2819 2953 2985
621 2819 2953 2985 3240
621 2603 2819 2953 2985
621 2819 2953 2985 3273
621 2342 2819 2953 2985
258 617 1679 2334 2812
258 617 1679 2799 2812
258 617 1679 2510 2812
258 617 1679 2201 2812
617 1644 1679 2334 2812
617 1644 1679 2799 2812
617 1644 1679 2618 2812
617 1644 1679 2510 2812
617 1644 1679 2201 2812
617 621 1679 2799 2812
617 621 1679 2618 2812
617 621 1679 2510 2812
617 621 1679 2201 2812
215 617 1679 2334 2812
215 617 1679 2799 2812
215 617 1679 2618 2812
215 617 1679 2510 2812
227 937 998 2186 3033
937 949 998 2186 3033
572 949 998 2186 3033
348 998 1549 2186 3033
348 937 998 2186 3033
348 572 998 2186 3033
949 981 1513 3054 3222
86 99 105 1583
485 577
485 1098
485 625
485 1100
485 1632
485 2084
485 686
485 549
485 2048
485 876
485 1110
485 3027
649 1042
518 649
649 1084
519 649
518 624
1084 1085
519 1085
1042 1635
1084 1635
246 1635
518 540
540 1084
246 540
790 1042
518 790
790 1084
246 790
518 1038
1038 1084
519 1038
61 79 97 1583
15 23 44 1583
348 515 613 614 3242
348 1163 1748 2814 2847
348 1163 1748 2814 3152
348 1163 1748 2814 3219
950 1163 1748 2814 2847
950 1163 1748 2814 3152
950 1163 1748 2814 3219
376 3090
424 3090
653 809 943 944 2610
653 809 943 944 2969
809 943 944 2063 2412
809 943 944 2063 2969
258 653 809 944 2610
258 809 944 2063 2412
258 809 944 2063 2610
258 809 944 2063 2969
255 941 1141 2184 2835
255 941 1141 2348 2835
941 943 1141 2184 2835
239 242 308 1701 2869
239 242 308 1701 3111
239 242 308 1701 3218
239 308 348 1701 3226
239 308 348 1701 2869
239 308 348 1701 3111
239 308 348 1701 3218
239 308 950 1701 3226
239 308 950 1701 3155
239 308 950 1701 3241
940 949 1967 2473 2822
940 949 1967 2640 2822
348 940 1967 2473 2822
348 940 1967 2640 2822
227 940 1967 2640 2822
397 521 1521 2806 3380
397 690 1521 2813 3380
397 690 1521 2806 3380
215 397 1521 2813 3380
215 397 1521 2806 3380
221 397 1521 2813 3380
221 397 1521 2806 3380
258 894 907 2842 3030
258 894 907 2751 2842
242 894 907 2842 3030
242 894 907 2751 2842
44 70 79 1583
53 80 95 1583
223 348 714 822 2918
223 348 714 822 2880
223 348 714 822 3031
348 714 822 2169 2851
348 714 822 2851 2918
348 714 822 2851 2943
348 714 822 2308 2851
348 714 715 822 2918
348 714 715 822 2880
348 714 715 822 2943
348 714 715 822 2723
348 714 715 822 2308
223 714 822 949 2169
223 714 822 949 2918
223 714 822 949 2880
223 714 822 949 2723
223 714 822 949 2308
714 822 949 2169 2851
714 822 949 2851 2918
714 822 949 2851 2880
714 822 949 2851 3031
714 822 949 2851 2904
714 822 949 2723 2851
714 822 949 2308 2851
714 715 822 949 2169
714 715 822 949 2880
714 715 822 949 2943
714 715 822 949 3031
714 715 822 949 2904
714 715 822 949 2308
60 80 96 1583
384 689
389 715
389 689
599 715
599 689
689 806
348 499 736 2720 2826
264 499 736 2720 2826
519 540
296 515 889 950 2989
296 515 819 950 2533
296 515 819 950 2989
296 515 819 950 2486
296 515 819 950 2708
227 296 515 889 2533
227 296 515 889 2486
227 296 515 889 2708
227 296 515 819 2533
227 296 515 819 2989
227 296 515 819 2486
227 296 515 819 2708
258 296 515 889 2989
258 296 515 889 2486
258 296 515 889 2708
296 348 515 889 2533
296 348 515 889 2989
296 348 515 819 2533
296 348 515 819 2486
511 521 1092 1966 3359
511 521 1966 3051 3359
215 511 1092 1966 3359
215 511 1966 3051 3359
221 511 1092 1966 3359
221 511 1966 3051 3359
715 985
715 1902
537 715
344 715
662 715
345 715
715 1002
715 1757
441 715
715 919
715 903
1716 1937
246 1716
1713 1937
834 1937
305 1937
246 1315
246 1364
1102 1937
246 1102
656 1937
246 656
717 1937
832 1937
246 832
1759 1937
1362 1937
246 1362
1352 1937
246 1352
1213 1937
246 1213
246 657
716 1937
246 716
1250 1937
896 1937
246 896
246 655
1353 1937
1920 1937
246 1920
1937 1955
246 1955
959 960
254 960
465 959
254 465
678 1437
678 1909
678 934
678 1862
227 247 515 1003 2959
227 247 515 1003 3292
227 247 515 1003 2148
227 247 515 1003 2958
227 247 515 1003 2991
247 515 621 1003 3292
247 515 621 1003 2958
247 258 515 1003 3292
247 258 515 1003 2287
247 258 515 1003 2148
247 258 515 1003 3290
247 258 515 1003 2958
247 258 515 1003 2991
247 348 515 1003 2959
247 348 515 1003 3292
247 348 515 1003 2287
247 348 515 1003 2148
247 348 515 1003 3290
247 348 515 1003 2991
348 1987 1991 2823 3354
348 1987 1991 2823 2966
348 1987 1991 2584 2823
348 805 1987 2823 2856
348 805 1987 2823 2966
348 805 1987 2584 2823
227 1987 1991 2823 3354
227 1987 1991 2584 2823
227 805 1987 2823 3354
227 805 1987 2584 2823
340 348 2527 2850
340 621 2527 2850
340 621 2137 2850
340 621 2697 2850
255 340 2694 2850
255 340 2137 2850
81 99 102 1583
44 58 70 1583
198 258 1675 1887 2888
198 258 1675 1887 2999
198 258 1675 1887 3193
198 258 1675 1685 2888
198 258 1675 1685 2647
198 258 1675 1685 3193
198 348 1675 1887 2888
198 348 1675 1887 2999
198 348 1675 1887 2858
198 348 1675 1887 2647
198 348 1675 1887 3193
198 348 1675 1685 2999
198 348 1675 1685 2858
198 348 1675 1685 3193
54 89 139 1573
139 150 164 1583
44 58 65 1583
591 718 1706 2372 3048
255 591 1706 2372 3048
348 1481 1856 2404 3032
348 1481 1856 2669 3032
348 1481 1856 2404 3378
258 1481 1856 2669 3032
258 1481 1856 2404 3378
227 1481 1856 2404 3032
227 1481 1856 2404 3378
227 1481 1856 2669 3378
255 1481 1856 2404 3032
255 1481 1856 2404 3378
255 1481 1856 2669 3378
621 1481 1856 2404 3032
621 1481 1856 2669 3032
621 1481 1856 2669 3378
254 1695
348 548 595 827 2393
306 348 595 827 2393
198 1889
408 621 1286 2834 3095
3 9 13 1583
1748 1965 2340 2814 3381
1748 1785 2340 2814 3381
615 950 2093 2827 3315
615 950 2093 2827 3299
615 950 2093 2684 2827
258 1634 1846 2815 3116
258 471 1634 2815 3116
258 471 1634 2557 2815
215 1634 1846 2815 3116
215 1634 1846 2557 2815
1812 2126
400 2126
1136 2126
438 621 742 2777 2807
853 1519
853 1936
853 2114
853 1105
853 1718
370 853
853 877
853 1111
853 1109
687 853
648 718 1951 2585 2826
348 648 1951 2826 3018
648 1270 1951 2826 3018
648 1270 1951 2826 3216
827 949 964 2839 3217
827 949 964 2290 2839
348 827 964 2700 2839
348 827 964 2839 2950
258 827 964 2700 2839
258 827 964 2839 2950
258 827 964 2290 2839
258 827 964 2699 2839
242 827 964 2839 2950
242 827 964 2699 2839
227 2055 2058 2826 3004
348 2055 2058 2826 3162
348 1602 1978 2808 3086
227 1602 1978 2808 3086
255 354 709 2833 3066
82 94 95 1583
515 950 1957 3346
515 950 1957 2882
515 950 1957 2243
515 950 1957 2933
515 950 1957 2884
515 950 1957 2876
515 950 1957 2945
515 950 1957 2957
950 1957 2838 2882
950 1957 2838 2933
950 1957 2838 2884
950 1957 2457 2838
950 1957 2838 2932
950 1957 2427 2838
950 1957 2838 2891
950 1957 2838 2892
348 515 1957 3346
348 515 1957 2882
348 515 1957 2894
348 515 1957 2243
348 515 1957 2933
348 515 1957 2457
348 515 1957 2932
348 515 1957 2427
348 515 1957 2891
348 515 1957 2892
348 515 1957 2957
348 1957 2838 2882
348 1957 2243 2838
348 1957 2457 2838
348 1957 2838 2891
348 1957 2838 2945
348 1957 2838 2957
258 515 1957 2882
258 515 1957 2933
258 515 1957 2884
258 515 1957 2457
258 515 1957 2932
258 515 1957 2876
258 515 1957 2427
258 515 1957 2892
258 1957 2838 2882
258 1957 2243 2838
258 1957 2457 2838
258 1957 2838 2932
258 1957 2605 2838
258 1957 2427 2838
258 1957 2838 2957
227 515 610 1533 3002
515 610 1533 2123 3002
289 348 1865 2840 3278
227 289 1865 2456 2840
227 289 1865 2840 3278
289 1865 1965 2840 3278
258 289 1865 2456 2840
80 83 99 1583
621 719 2825 3186
621 719 2825 3109
348 719 2825 3134
348 719 2825 3186
348 719 2825 3109
348 719 2417 2825
348 719 2825 3283
348 2034 2052 2595 2850
348 2034 2052 2850 3255
950 2034 2052 2595 2850
950 2034 2052 2850 3255
950 2034 2052 2579 2850
227 2034 2052 2595 2850
227 2034 2052 2850 3255
227 2034 2052 2850 3350
650 707 949 1118 2741
348 707 1118 2741 3033
673 949 1167 2675 2828
673 1167 1785 2675 2828
348 673 1167 2675 2828
286 718 1864 2826 3067
718 910 1864 2826 3067
348 910 1864 2826 3067
621 910 1864 2826 3067
25 26 46 1583
281 565 1938 2255 2835
281 565 576 2255 2835
281 564 576 2255 2835
215 565 1938 2255 2835
215 565 576 2255 2835
215 564 1938 2255 2835
215 564 576 2255 2835
621 1733 1734 2814 3262
621 692 1733 2814 3262
348 1733 1734 2814 3262
1800 1965 1988 2715 2823
1800 1965 1988 2683 2823
1800 1965 1988 2559 2823
348 1800 1988 2715 2823
348 1800 1988 2251 2823
348 1800 1988 2683 2823
348 1800 1988 2559 2823
227 1800 1988 2683 2823
72 98 102 1573
72 98 102 1583
285 348 896 1219 3105
285 348 896 1219 3117
242 285 896 1219 3105
242 285 896 1219 3117
258 285 896 1219 3117
285 896 950 1219 3105
536 715 903 949 2455
536 715 903 949 2205
536 903 949 2205 3379
258 536 715 903 2455
258 536 715 903 2205
258 536 903 2455 3379
258 536 903 2564 3379
258 536 903 2205 3379
348 536 715 903 2455
348 536 715 903 2205
348 536 903 2455 3379
348 536 903 2564 3379
227 536 715 903 2455
227 536 903 2205 3379
1223 1873
1602 1776 2083 2808 3008
1602 1776 2083 2808 3370
255 1602 2083 2808 3008
255 1602 2083 2808 3370
255 1602 2083 2808 3163
255 1602 2083 2808 3085
268 621 715 747 2361
268 621 715 747 2791
621 715 747 2361
621 715 747 2791
267 621 715 747 2791
268 621 747 2361 3039
268 621 747 2791 3039
621 747 2361 3039
621 747 2791 3039
267 621 747 2791 3039
621 747 2791 2836
267 621 747 2361 2836
268 348 715 747 2791
348 715 747 2361
348 715 747 2791
267 348 715 747 2361
268 348 747 2361 3039
268 348 747 2791 3039
348 747 2361 3039
348 747 2791 3039
268 348 747 2791 2836
348 747 2361 2836
267 348 747 2361 2836
227 268 715 747 2361
227 268 715 747 2791
227 715 747 2361
227 267 715 747 2361
227 267 715 747 2791
227 268 747 2361 3039
227 747 2361 3039
227 267 747 2361 3039
227 267 747 2791 3039
227 268 747 2361 2836
227 747 2791 2836
227 267 747 2361 2836
227 267 747 2791 2836
255 268 715 747 2361
255 268 715 747 2791
255 267 715 747 2361
255 267 715 747 2791
255 268 747 2361 3039
255 268 747 2791 3039
255 747 2361 3039
255 267 747 2361 3039
255 747 2361 2836
255 747 2791 2836
255 267 747 2791 2836
274 348 729 2225 2833
258 274 729 2225 2833
1628 1751
1926 2066
488 1762
1679 1926
1515 1926
488 980
980 1926
488 1768
488 1971
1926 1971
488 2000
1926 2000
488 2039
1926 2039
488 1952
1926 1952
450 1926
488 1609
488 1682
1682 1926
488 1767
1767 1926
488 2041
1926 2041
488 2003
488 2002
1926 2002
488 1717
1123 1926
488 2067
1779 1926
1926 2001
1926 2042
488 772
488 1485
1485 1926
488 570
766 1926
488 767
767 1926
488 1089
1089 1926
488 1793
1793 1926
1926 1932
488 1593
1593 1926
1926 2070
488 2068
1926 2068
488 617
617 1926
1201 1926
488 1619
1619 1926
488 1778
575 1926
1571 1926
488 1766
1766 1926
451 1926
1034 3020
227 910 1052 2424 2826
227 497 910 2826 3363
227 910 1052 2826 3363
227 497 910 2826 2862
910 1052 1965 2424 2826
910 1052 1965 2826 3363
910 1052 1965 2826 2862
258 910 1052 2826 3363
258 497 910 2826 2862
258 910 1052 2826 2862
348 497 910 2826 3363
408 1678
1252 1678
1678 1781
1678 1753
615 950 1810 2827 3204
348 615 1810 2827 3204
715 857
715 856
456 715
715 1104
715 1035
715 1021
3 5 8 1583
621 773 956 2840 3151
258 773 956 2840 3151
348 773 956 2840 3151
348 1787 1905 2643 2835
348 942 1905 2643 2835
103 105 141 1583
103 105 141 1573
380 949 2575 2810 2850
380 949 2810 2850 3165
227 380 2710 2810 2850
227 380 2810 2850 3165
227 380 2357 2810 2850
227 380 2621 2810 2850
348 380 2710 2810 2850
348 380 2810 2850 3165
348 380 2691 2810 2850
348 380 2244 2810 2850
348 380 2357 2810 2850
681 950 1652 2816 3285
281 681 1652 2816 3285
281 681 1652 2525 2816
348 681 1652 2525 2816
215 421 1827 3052 3114
94 98 102 1583
215 520 1639 2476 2816
898 1018 2081 2155 2825
898 1018 1645 2130 2825
898 1018 2081 2130 2825
1018 1645 1975 2130 2825
1018 1975 2081 2130 2825
621 1018 1645 2130 2825
621 1018 2081 2130 2825
258 285 825 1716 3223
258 285 825 1716 3227
258 285 825 1716 2657
285 825 949 1716 3223
285 825 949 1716 3227
285 825 949 1716 2657
285 825 949 1716 2319
285 825 949 1716 2390
285 825 949 1716 2320
285 348 825 1716 2868
285 348 825 1716 2657
285 348 825 1716 2319
285 348 825 1716 2320
1245 1491
1491 1937
492 1245
492 1937
1611 1937
1580 1937
1504 1580
1618 1937
1504 1618
823 1937
823 1504
1937 3251
1468 1937
1468 1504
360 1245
360 1937
209 1245
209 1504
206 1245
1245 1436
1436 1937
732 1937
732 1504
1030 1245
1603 1937
1504 1603
1245 1469
1469 1937
1469 1504
1245 2008
1504 2008
1026 1245
1026 1504
1245 1658
1504 1658
362 1245
362 1937
1245 1961
1937 1961
1504 1961
1473 1504
1574 1937
1125 1245
788 1504
1245 1821
1821 1937
1504 1578
1245 1968
1937 1968
785 1937
1245 1876
1876 1937
1245 1471
1501 1937
1504 1798
1500 1937
1500 1504
1245 1736
1467 1937
1467 1504
1245 1470
1470 1504
703 1937
1177 1937
1576 1937
1245 2032
1504 2032
1128 1245
1128 1937
1245 1648
1504 1648
603 1504
1124 1245
1124 1937
1124 1504
1217 1937
609 1245
609 1504
553 1245
553 1937
553 1504
1579 1937
1245 1822
1822 1937
1647 1937
1504 1647
552 1245
552 1937
552 1504
1245 1577
1504 1577
1245 1488
1488 1937
1488 1504
1504 1828
722 1245
722 1937
1245 1969
1504 1969
1245 1770
1770 1937
1504 1770
1245 1466
1245 1490
1490 1937
1245 1465
1465 1937
808 1245
808 1937
808 1504
1245 1472
1472 1937
1472 1504
977 1245
977 1504
1245 1575
1575 1937
510 1937
510 1504
1245 1943
1937 1943
514 1504
989 1245
989 1937
955 1245
955 1937
574 1937
1245 3089
1504 3089
751 1245
751 1937
1245 3208
1937 3208
1504 3208
1245 1503
1126 1937
1126 1504
1048 1245
798 1937
798 1504
1245 1489
1245 1487
1487 1937
1487 1504
1245 1537
1245 1606
1606 1937
1504 1606
776 1937
787 1937
787 1504
1937 1989
666 1245
666 1937
666 1504
1245 1521
1521 1937
1504 1521
951 1245
951 1937
951 1504
786 1245
786 1937
786 1504
1871 3385
1666 3385
534 3385
545 3385
1662 3385
1665 3385
1663 3385
1664 3385
627 3385
530 3385
1112 3385
1687 3385
227 381 473 2710 2850
348 381 473 2710 2850
381 473 949 2710 2850
221 974 1912 2273 2815
521 974 1912 2815 2984
521 974 1912 2273 2815
217 621 1145 2353 2807
217 255 1145 2807 3154
217 227 1145 2353 2807
217 227 1145 2807 3154
217 1145 1270 2807 3154
217 1145 1270 2807 3356
227 1564 1582 3054 3064
255 1564 1582 3054 3064
621 1564 1582 3054 3064
348 633 737 2353 2840
621 633 737 2353 2840
141 161 164 1583
943 1581 1633 2411 3054
943 1601 1633 2411 3054
255 1581 1633 2411 3054
255 1601 1633 2411 3054
348 1581 1633 2411 3054
348 1601 1633 2411 3054
950 1209 1999 2561 2850
950 1209 1999 2277 2850
227 1209 1999 2561 2850
227 1209 1999 2850 3210
227 1209 1999 2277 2850
348 1209 1999 2561 2850
348 1209 1999 2850 3210
348 1209 1999 2277 2850
95 111 116 1583
845 2076
288 348 945 2840 2860
288 348 945 2840 3138
288 945 1776 2840 2860
347 945 1776 2840 2860
288 945 1776 2234 2840
347 945 1776 2234 2840
288 945 1776 2840 3138
347 945 1776 2840 3138
255 347 945 2840 2860
255 288 945 2234 2840
255 347 945 2234 2840
255 288 945 2840 3138
255 347 945 2840 3138
348 841 1064 2505 2823
348 900 2089 2445 2836
281 900 2089 2724 2836
900 950 2089 2445 2836
524 1967
524 1091
524 1006
524 940
591 697
211 697
697 1613
511 521 1959 3051 3295
511 521 1092 1959 3295
215 511 1092 1959 3295
516 521 1718 1936 3229
516 521 1718 1936 2402
215 516 1718 1936 3229
215 516 1718 1936 2402
258 516 1718 1936 3229
65 81 97 1583
348 1081 1114 2546 2808
1081 1114 1776 2546 2808
1066 1081 1776 2546 2808
521 1112 1871 2817 3238
650 707
258 861 981 2944 3377
621 664 981 2861 3377
621 664 715 981 2944
664 949 981 2861 3377
664 949 981 2944 3377
861 949 981 2944 3377
715 861 949 981 2944
621 1135 1777 2293 3032
621 1135 1190 2515 3032
621 1135 1777 3032 3280
621 1135 1777 2896 3032
621 1135 1190 2293 3378
621 1135 1777 2515 3378
621 1135 1190 3280 3378
621 1135 1777 3280 3378
621 1135 1190 2896 3378
621 1135 1777 2896 3378
227 1135 1190 2293 3032
227 1135 1777 2293 3032
227 1135 1190 2515 3032
227 1135 1190 2293 3378
227 1135 1777 2293 3378
227 1135 1190 2515 3378
227 1135 1777 2515 3378
227 1135 1190 2896 3378
227 1135 1777 2896 3378
258 1135 1190 2293 3032
258 1135 1777 2293 3032
258 1135 1190 2515 3032
258 1135 1777 2515 3032
258 1135 1190 3032 3280
258 1135 1777 3032 3280
258 1135 1190 2896 3032
258 1135 1777 2293 3378
258 1135 1190 3280 3378
255 1135 1190 2293 3032
255 1135 1777 2293 3032
255 1135 1190 2515 3032
255 1135 1777 2515 3032
255 1135 1190 3032 3280
255 1135 1777 3032 3280
255 1135 1777 2896 3032
255 1135 1777 2515 3378
255 1135 1777 3280 3378
255 1135 1190 2896 3378
348 1135 1190 2293 3032
348 1135 1777 2293 3032
348 1135 1190 2515 3032
348 1135 1777 2515 3032
348 1135 1190 3032 3280
348 1135 1190 2896 3032
348 1135 1777 2896 3032
348 1135 1777 2293 3378
348 1135 1777 2515 3378
348 1135 1777 3280 3378
348 1135 1777 2896 3378
242 1135 1190 2293 3032
242 1135 1777 2293 3032
242 1135 1190 2515 3032
242 1135 1777 2515 3032
242 1135 1777 3032 3280
242 1135 1190 2896 3032
242 1135 1777 2896 3032
242 1135 1190 2293 3378
242 1135 1777 2293 3378
242 1135 1777 2515 3378
242 1135 1190 3280 3378
242 1135 1777 3280 3378
242 1135 1190 2896 3378
108 118 157 1573
108 118 157 1583
277 365
348 441 1104 2019 2653
348 1104 1513 2019 2199
348 441 1104 2019 2199
348 1104 1513 2019 2752
348 441 1104 2019 2752
348 441 456 2019 2653
348 456 1513 2019 2199
348 441 456 2019 2752
348 441 715 1104 2653
348 715 1104 1513 2199
348 441 715 1104 2199
348 715 1104 1513 2752
348 456 715 1513 2653
348 456 715 1513 2199
348 441 456 715 2199
348 456 715 1513 2752
258 1104 1513 2019 2653
258 441 1104 2019 2199
258 441 1104 2019 2752
258 456 1513 2019 2653
258 441 456 2019 2199
258 456 1513 2019 2752
258 441 456 2019 2752
258 441 715 1104 2653
258 441 715 1104 2199
258 441 715 1104 2752
258 456 715 1513 2653
258 441 456 715 2199
621 1104 1513 2019 2653
441 621 1104 2019 2653
621 1104 1513 2019 2199
441 621 1104 2019 2199
621 1104 1513 2019 2752
441 621 1104 2019 2752
441 456 621 2019 2653
456 621 1513 2019 2199
441 456 621 2019 2199
456 621 1513 2019 2752
621 715 1104 1513 2653
441 621 715 1104 2653
456 621 715 1513 2653
441 456 621 715 2653
456 621 715 1513 2199
441 456 621 715 2199
441 456 621 715 2752
348 1749 1787 2584 2835
348 1749 1787 2835 3343
348 1749 1787 2773 2835
950 1881 1893 3025 3182
117 131 139 1583
49 56 95 1583
62 75 97 1583
949 1571 1750 2827 3137
949 1571 1750 2827 3169
621 1571 1750 2827 3137
227 1571 1750 2827 3137
227 1571 1750 2827 3169
348 1571 1750 2827 3137
348 1571 1750 2827 3169
685 860
494 1776 2117 2828 2908
164 170 172 1583
326 343
298 326
343 1511
298 1511
298 693
457 515 950 2096 2321
348 457 515 2096 2321
934 949 1909 2725 3282
348 934 1909 2973 3282
348 934 1909 2725 3282
263 949 1201 2812 3329
263 949 1089 2812 3329
263 949 1089 2568 2812
263 949 1201 2812 3220
263 949 1089 2812 3220
950 1593 1952 2216 2812
950 1593 1952 2191 2812
950 1593 1952 2634 2812
950 1593 1952 2812 3328
950 1593 1952 2728 2812
950 1593 1952 2414 2812
348 1593 1952 2216 2812
348 1593 1952 2634 2812
348 1593 1952 2812 3328
348 1593 1952 2790 2812
348 1593 1952 2659 2812
348 1593 1952 2812 3214
348 1593 1952 2728 2812
348 1593 1952 2414 2812
949 1593 1952 2191 2812
949 1593 1952 2634 2812
949 1593 1952 2790 2812
949 1593 1952 2659 2812
949 1593 1952 2728 2812
949 1593 1952 2350 2812
215 512 1092 1933 3295
215 512 1933 3051 3295
512 521 1092 1933 3295
221 512 1092 1933 3295
221 512 1933 3051 3295
797 988 1785 2828 3176
797 988 1785 2828 3158
797 988 1785 2828 3162
348 797 988 2828 3158
227 797 988 2828 3176
227 797 988 2828 3158
227 797 988 2828 3162
424 1776 1794 2637 2832
255 424 1794 2637 2832
141 167 169 1583
715 857 949 1804 2926
715 857 949 1804 2431
715 857 949 1804 2883
715 857 949 1804 2928
715 857 949 1804 2947
857 949 1804 2431 2809
857 949 1804 2809 2928
715 857 1804 1975 2926
715 857 1804 1975 2431
715 857 1804 1975 2883
715 857 1804 1975 2928
857 1804 1975 2809 2926
857 1804 1975 2431 2809
857 1804 1975 2809 2928
857 1804 1975 2809 2947
227 1944 2575 2811 2850
348 1944 2575 2811 2850
443 1790
255 531 542 2807 3003
255 531 542 2587 2807
227 531 542 2807 3003
719 949 2189 2825
719 949 991 2189 2825
719 949 2825 3283
719 949 991 2825 3283
719 949 993 2331 2825
719 949 2788 2825
719 949 993 2788 2825
719 949 991 2788 2825
719 949 993 2685 2825
719 949 991 2685 2825
719 949 2297 2825
719 949 993 2297 2825
719 949 2168 2825
719 949 993 2168 2825
719 949 991 2168 2825
719 949 2825 3169
719 949 993 2825 3169
719 949 2825 2960
719 949 993 2825 2960
719 949 991 2825 2960
719 949 2733 2825
719 949 993 2733 2825
719 949 991 2733 2825
949 991 993 2189 2825
949 991 2189 2825
949 991 993 2825 3283
719 949 991 2331 2825
949 991 993 2331 2825
949 991 2331 2825
949 991 2297 2825
949 991 2168 2825
719 949 991 2825 3169
949 991 993 2825 2960
949 991 2825 2960
949 991 993 2733 2825
949 991 2733 2825
621 719 993 2189 2825
621 719 991 2189 2825
621 719 993 2825 3283
621 719 991 2825 3283
621 719 2331 2825
621 719 2788 2825
621 719 991 2788 2825
621 719 2685 2825
621 719 993 2685 2825
621 719 2297 2825
621 719 991 2297 2825
621 719 2168 2825
621 719 993 2168 2825
621 719 2825 3169
621 719 991 2825 2960
621 991 2189 2825
621 991 2825 3283
621 991 2331 2825
621 991 2788 2825
621 991 993 2685 2825
621 719 991 2168 2825
621 991 993 2168 2825
621 991 993 2825 3169
621 991 2825 2960
621 719 991 2733 2825
621 991 993 2733 2825
621 991 2733 2825
719 1965 2189 2825
719 993 1965 2189 2825
719 993 1965 2825 3283
719 991 1965 2825 3283
719 1965 2331 2825
719 993 1965 2331 2825
719 991 1965 2331 2825
719 993 1965 2788 2825
719 991 1965 2788 2825
719 1965 2685 2825
719 993 1965 2685 2825
719 991 1965 2685 2825
719 993 1965 2297 2825
719 991 1965 2297 2825
719 1965 2168 2825
719 993 1965 2825 3169
719 1965 2825 2960
719 993 1965 2825 2960
719 991 1965 2825 2960
719 1965 2733 2825
719 993 1965 2733 2825
719 991 1965 2733 2825
719 991 1965 2189 2825
991 993 1965 2825 3283
991 993 1965 2331 2825
991 1965 2331 2825
991 1965 2685 2825
719 991 1965 2168 2825
991 1965 2168 2825
991 993 1965 2825 3169
991 1965 2825 3169
991 993 1965 2825 2960
991 993 1965 2733 2825
595 701 833 950 2324
348 595 701 833 2596
13 18 44 1583
44 50 53 1583
345 715 943 2006 2769
345 715 943 2006 2682
345 715 943 2006 2275
345 943 2006 2769 3379
345 943 2006 3323 3379
345 943 2006 2275 3379
345 621 715 2006 2769
345 621 715 2006 2565
345 621 715 2006 2352
345 621 715 2006 2571
345 621 2006 3323 3379
345 621 2006 2565 3379
345 621 2006 2682 3379
345 621 2006 2275 3379
345 621 2006 2571 3379
255 491 647 2382 2821
264 491 647 2382 2821
353 491 647 2382 2821
439 538 1683 1976 2439
348 443 1801 2746 3378
258 443 1801 2746 3378
237 443 949 1801 2746
443 949 1801 2746 3378
227 237 443 1801 2746
227 443 1801 2746 3378
255 375 1867 2970 2997
375 949 1867 2970 2997
375 949 1867 2968 2997
86 94 141 1573
323 537 1209 3375 3379
323 357 537 3375 3379
323 357 537 3267 3379
323 537 1209 3107 3379
323 357 537 3107 3379
323 537 1209 2853 3379
323 537 1209 3254 3379
323 357 537 3254 3379
323 537 1209 3199 3379
323 357 537 3199 3379
323 537 1209 3320 3379
323 357 537 3320 3379
323 357 537 3237 3379
323 357 536 3375 3379
323 357 536 3267 3379
323 357 536 3107 3379
323 536 1209 3254 3379
323 357 536 3199 3379
323 536 1209 3237 3379
265 323 1209 3375 3379
265 323 357 3375 3379
265 323 1209 3107 3379
265 323 357 3107 3379
265 323 1209 3254 3379
265 323 357 3199 3379
265 323 357 3320 3379
258 357 537 3375 3379
258 537 1209 3267 3379
258 357 537 2853 3379
258 537 1209 3254 3379
258 537 1209 3199 3379
258 357 537 3237 3379
258 536 1209 3267 3379
258 536 1209 3107 3379
258 357 536 3107 3379
258 357 536 2853 3379
258 536 1209 3254 3379
258 357 536 3254 3379
258 536 1209 3320 3379
258 357 536 3320 3379
258 536 1209 3237 3379
258 265 357 3375 3379
258 265 1209 3267 3379
258 265 357 3107 3379
258 265 1209 2853 3379
258 265 357 2853 3379
258 265 1209 3254 3379
258 265 357 3254 3379
258 265 357 3199 3379
258 265 1209 3320 3379
258 265 357 3320 3379
258 265 1209 3237 3379
258 265 357 3237 3379
357 537 1976 3267 3379
357 537 1976 3107 3379
537 1209 1976 2853 3379
357 537 1976 2853 3379
537 1209 1976 3320 3379
357 537 1976 3237 3379
536 1209 1976 3375 3379
357 536 1976 3375 3379
536 1209 1976 3267 3379
357 536 1976 3267 3379
536 1209 1976 2853 3379
357 536 1976 2853 3379
536 1209 1976 3199 3379
357 536 1976 3199 3379
357 536 1976 3320 3379
536 1209 1976 3237 3379
357 536 1976 3237 3379
265 1209 1976 3267 3379
265 1209 1976 3107 3379
265 357 1976 3107 3379
265 1209 1976 2853 3379
265 357 1976 3254 3379
265 1209 1976 3199 3379
265 357 1976 3199 3379
537 950 1209 3267 3379
537 950 1209 3107 3379
357 537 950 3107 3379
537 950 1209 2853 3379
357 537 950 3254 3379
537 950 1209 3320 3379
357 537 950 3320 3379
537 950 1209 3237 3379
357 537 950 3237 3379
357 536 950 3375 3379
536 950 1209 3267 3379
357 536 950 3267 3379
536 950 1209 3107 3379
357 536 950 3107 3379
536 950 1209 2853 3379
536 950 1209 3199 3379
357 536 950 3199 3379
357 536 950 3320 3379
265 950 1209 3375 3379
265 950 1209 3267 3379
265 357 950 3267 3379
265 357 950 3107 3379
265 950 1209 2853 3379
265 357 950 2853 3379
265 950 1209 3254 3379
265 357 950 3254 3379
265 950 1209 3199 3379
265 950 1209 3320 3379
265 357 950 3320 3379
265 950 1209 3237 3379
265 357 950 3237 3379
348 537 1209 3375 3379
348 537 1209 3267 3379
348 357 537 3267 3379
348 357 537 3107 3379
348 537 1209 2853 3379
348 357 537 2853 3379
348 537 1209 3254 3379
348 357 537 3254 3379
348 537 1209 3199 3379
348 357 537 3199 3379
348 537 1209 3320 3379
348 357 537 3320 3379
348 537 1209 3237 3379
348 357 537 3237 3379
348 536 1209 3267 3379
348 357 536 3107 3379
348 536 1209 3199 3379
348 536 1209 3320 3379
348 536 1209 3237 3379
348 357 536 3237 3379
265 348 357 3375 3379
265 348 1209 3267 3379
265 348 1209 3107 3379
265 348 357 3107 3379
265 348 1209 2853 3379
265 348 357 2853 3379
265 348 357 3254 3379
265 348 1209 3199 3379
265 348 357 3199 3379
265 348 1209 3237 3379
348 595 768 2024 3339
348 595 768 2024 2508
348 595 768 2024 2644
348 595 768 2024 2472
258 595 768 2024 3339
258 595 768 2024 3347
258 595 768 2024 2644
258 595 768 2024 2472
258 595 768 2024 2238
227 595 768 2024 3339
227 595 768 2024 2333
227 595 768 2024 3347
227 595 768 2024 2472
227 595 768 2024 2238
595 768 950 2024 3339
595 768 950 2024 2508
83 99 105 1583
1651 1763
709 1763
1078 2049
1078 1367
1078 1371
518 1371
518 1086
978 1078
1078 1377
518 1377
518 1379
1078 1369
518 1369
1078 1374
518 1374
1078 1621
518 1621
1078 1370
518 1370
1078 1464
518 1464
1078 1368
518 1368
1078 1463
518 1463
518 1375
1078 1378
1078 1366
1078 1372
1078 1380
518 1380
1078 1376
518 1376
1078 1079
1078 1373
1078 1080
518 1365
228 1525
430 433
430 435
409 430
430 455
430 1915
228 432
430 1739
430 434
410 430
639 1788
80 85 136 1583
348 2056 2059 2826 3091
1877 1965 2047 2826 3345
1877 1965 2047 2325 2826
1877 1965 2047 2424 2826
348 1877 2047 2325 2826
348 1877 2047 2628 2826
348 1877 2047 2424 2826
227 1877 2047 2826 3345
227 1877 2047 2424 2826
258 1877 2047 2826 3345
258 1877 2047 2628 2826
61 78 97 1583
10 11 44 1583
949 969 1680 2812 3230
949 969 1680 2582 2812
949 969 1680 2191 2812
949 969 1680 2812 2905
949 969 1680 2812 3130
949 969 1680 2568 2812
949 969 1680 2190 2812
348 969 1680 2812 3230
348 969 1680 2582 2812
348 969 1680 2812 2971
348 969 1680 2812 3096
348 969 1680 2812 2905
348 969 1680 2812 3130
348 969 1680 2568 2812
348 969 1680 2190 2812
348 969 1680 2812 3248
348 969 1680 2578 2812
580 685
348 1841 1843 2845 2997
348 1841 1842 2845 2997
348 1841 1843 2997 3270
348 1841 1842 2997 3270
387 621 1842 2997 3270
621 1841 1843 2845 2997
621 1841 1843 2997 3270
621 1841 1842 2997 3270
227 387 1843 2845 2997
227 387 1842 2845 2997
227 387 1843 2997 3270
227 387 1842 2997 3270
227 1841 1843 2845 2997
227 1841 1842 2845 2997
348 1715 1850 2450 2835
215 229 365 1919 3205
215 229 365 1919 2800
215 365 1919 3035 3205
229 365 521 1919 3205
229 365 521 1919 3059
229 365 521 1919 2800
365 521 1919 2800 3035
348 1160 1435 2842 3235
348 1160 1435 2842 3104
348 1160 1435 2842 3157
242 1160 1435 2842 3235
242 1160 1435 2842 3104
242 1160 1435 2842 3157
740 1674 1776 2373 3037
255 740 1057 2373 3037
255 740 1674 2373 3037
710 1096 1965 2249 2836
710 775 1965 2249 2836
710 1096 1965 2676 2836
710 1096 1965 2836 2976
710 775 1965 2836 2976
710 775 1965 2836 3180
710 1096 1965 2299 2836
710 1096 1965 2836 3124
710 775 1965 2836 3124
710 1096 1965 2836 3335
710 775 1965 2836 3207
710 775 1965 2554 2836
710 1096 1965 2836 2918
710 775 1965 2836 2918
710 1096 1965 2454 2836
710 775 1965 2454 2836
710 1096 1965 2289 2836
710 775 1965 2289 2836
710 775 1965 2405 2836
710 1096 1965 2249 3377
710 775 1965 2249 3377
710 1096 1965 2676 3377
710 1096 1965 2976 3377
710 775 1965 2976 3377
710 1096 1965 3180 3377
710 775 1965 3180 3377
710 1096 1965 2299 3377
710 1096 1965 3124 3377
710 775 1965 3335 3377
710 1096 1965 2544 3377
710 775 1965 3207 3377
710 775 1965 2636 3377
710 1096 1965 2554 3377
710 775 1965 2554 3377
710 1096 1965 2289 3377
710 775 1965 2405 3377
710 1096 1965 2249 3039
710 775 1965 2249 3039
710 1096 1965 2976 3039
710 775 1965 2976 3039
710 1096 1965 3039 3180
710 1096 1965 3039 3124
710 775 1965 3039 3124
710 1096 1965 2544 3039
710 1096 1965 3039 3207
710 1096 1965 2636 3039
710 775 1965 2636 3039
710 775 1965 2554 3039
710 1096 1965 2454 3039
710 775 1965 2454 3039
710 775 1965 2289 3039
710 1096 1965 2405 3039
710 775 1965 2405 3039
258 765 1064 2823 3007
258 765 1063 2823 3007
227 765 1063 2823 3007
348 765 1063 2823 3007
621 765 1064 2823 3007
621 765 1063 2823 3007
242 765 1064 2823 3007
242 765 1063 2823 3007
304 394 950 2574 2850
304 394 950 2438 2850
304 394 950 2496 2850
227 304 394 2438 2850
227 304 394 2496 2850
304 348 394 2438 2850
304 348 394 2496 2850
304 394 1976 2574 2850
304 394 1976 2496 2850
690 1662 1668 2523 2817
690 1662 1666 2523 2817
690 1662 1668 2227 2817
690 1662 1666 2227 2817
258 1662 1666 2227 2817
1256 1937
1937 1940
1244 1937
966 1937
966 1935
1361 1935
636 1937
1904 1935
1152 1937
241 1937
241 1935
1937 2045
674 1935
605 1935
746 1937
746 1935
1258 1935
965 1937
965 1935
731 1935
1903 1937
1903 1935
1254 1937
1254 1935
730 1937
730 1935
837 1935
1004 1935
312 1937
1243 1935
680 1937
1834 1935
222 1937
222 1935
1131 1937
1131 1935
1255 1935
1540 1937
1540 1935
1314 1935
989 1935
764 1937
1357 1937
1357 1935
1363 1935
416 1937
416 1935
828 1935
963 1937
963 1935
1538 1937
1538 1935
1840 1937
1840 1935
827 1937
827 1935
1743 1937
1206 1937
1206 1935
1937 2098
1935 2098
1358 1937
1358 1935
1359 1935
1539 1937
1539 1935
1099 1937
1099 1935
258 414 1953 2834 3189
664 949 1209 2452 2850
664 949 1209 2740 2850
664 949 1209 2670 2850
664 949 1209 2502 2850
664 949 1209 2670 3377
664 949 1209 2502 3377
664 715 949 1209 2452
664 715 949 1209 2740
664 950 1209 2740 2850
664 950 1209 2452 3377
664 950 1209 2740 3377
664 950 1209 2670 3377
664 950 1209 2502 3377
664 715 950 1209 2670
664 715 950 1209 2502
215 516 1105 1109 2990
516 521 1105 1109 2990
258 516 1105 1109 2990
126 155 1583
122 151 176 1583
258 315 319 2809 3184
315 319 621 2809 3184
283 319 621 2809 3184
315 319 348 2809 3184
324 353 2110 3098 3357
353 2110 3033 3098 3357
10 33 47 1583
348 1121 1723 2814 2979
1121 1723 1965 2814 2983
1121 1723 1965 2814 3159
227 1121 1723 2814 3159
227 1121 1723 2814 2978
347 1772 1776 2398 2840
347 1596 1776 2398 2840
347 1596 1776 2840 3344
255 347 1772 2433 2840
255 347 1772 2840 3344
255 347 1772 2638 2840
347 348 1772 2433 2840
347 348 1596 2433 2840
347 348 1772 2398 2840
347 348 1596 2398 2840
347 348 1772 2840 3344
347 348 1596 2840 3344
347 348 1772 2638 2840
347 348 1596 2638 2840
227 347 1772 2433 2840
227 347 1596 2433 2840
227 347 1772 2398 2840
227 347 1772 2638 2840
122 140 149 1583
253 258 330 2460 2824
215 253 330 2460 2824
236 1306
284 1896
284 883
236 883
284 1946
236 1946
284 1868
236 1868
316 321 2123 2465 2809
227 316 321 2809 2871
214 515 638 1976 2175
215 1667 1671 2550 2817
215 627 1667 2550 2817
215 627 1667 2817 3106
258 1667 1671 2550 2817
258 1667 1671 2817 3106
258 627 1667 2817 3106
348 1753 1781 2834 3275
348 1753 1781 2834 3097
621 1753 1781 2834 3097
215 582 1833 2815 3006
215 585 1833 2815 3006
258 585 1833 2815 3006
131 145 173 1573
131 145 173 1583
510 950 2837 3277 3349
946 1224
629 1270 1572 2335 2829
1270 1572 1692 2335 2829
12 42
198 348 1115 1675 3019
198 348 1115 1675 2497
198 348 1115 1675 3121
198 348 1115 1675 2629
198 348 1115 1675 2696
198 281 1115 1675 2497
198 281 1115 1675 3121
198 281 1115 1675 2629
198 950 1115 1675 3019
198 950 1115 1675 2629
3 7 9 1583
71 91 97 1583
258 1136 1653 2831 3287
212 626
212 925
436 706 1776 2807 3138
436 796 1776 2807 3138
436 796 1776 2807 3076
436 706 2123 2807 2919
436 706 2123 2807 3076
436 796 2123 2807 2919
436 796 2123 2807 3138
436 796 2123 2807 3076
255 436 706 2807 2919
255 436 706 2807 3076
255 436 796 2807 2919
255 436 796 2807 3138
255 436 796 2807 3076
215 904 2058 2197 2826
521 904 2058 2197 2826
258 904 2058 2197 2826
255 595 633 1676 2623
255 595 633 1676 3188
255 595 633 1676 2356
595 633 943 1676 3188
595 633 943 1676 2781
258 1775 1806 2599 2835
255 504 781 2678 2826
55 101
348 797 1090 2666 2828
348 797 1090 2639 2828
348 509 797 2639 2828
227 509 797 2666 2828
227 797 1090 2480 2828
227 509 797 2480 2828
227 797 1090 2639 2828
797 1090 1965 2666 2828
509 797 1965 2666 2828
797 1090 1965 2480 2828
509 797 1965 2480 2828
797 1090 1965 2639 2828
509 797 1965 2639 2828
509 797 949 2666 2828
509 797 949 2480 2828
242 1711 1884 2718 3025
281 1711 1884 2963 3025
281 1711 1884 2688 3025
950 1711 1884 2718 3025
227 473 2244 2811 2850
348 473 2811 2850 3178
348 473 2244 2811 2850
473 949 2244 2811 2850
45 73 86 1583
348 958 1686 2511 3055
227 500 648 2826 3333
227 500 648 2826 3334
227 500 648 2826 3331
227 500 648 2826 3332
227 500 648 2826 3358
258 500 648 2826 3334
348 500 648 2826 3333
348 500 648 2826 3334
348 500 648 2826 3331
348 500 648 2826 3332
285 716 783 1845 3126
285 716 783 1845 2268
285 716 783 1845 3144
285 716 783 1845 2354
285 755 783 1845 2298
285 755 783 1845 2268
285 755 783 1845 3144
285 755 783 1845 2354
255 738 1433 2826 3234
255 738 1433 2826 3135
621 738 1433 2826 3135
78 98 105 1583
227 538 699 1067 2977
227 538 699 1067 2617
227 538 699 1067 2408
227 538 699 1067 2938
348 538 699 1067 2977
348 538 699 1067 3119
348 538 699 1067 2617
348 538 699 1067 2408
348 538 699 1067 2701
348 538 699 1067 3014
348 538 699 1067 2938
538 699 949 1067 2977
538 699 949 1067 2617
538 699 949 1067 2701
538 699 949 1067 3014
148 153 155 1583
678 1958
678 1957
621 809 1612 2735
621 809 1612 2471
621 809 1612 3043
621 809 1612 2664
621 809 1612 3113
621 809 1612 3338
621 809 1612 2631
621 809 1612 2420
621 809 1612 2594
621 809 1612 3040
621 809 1612 2490
621 809 1612 2879
621 809 1612 2461
621 809 1130 1612 2471
621 809 1130 1612 2664
621 809 1130 1612 2613
621 809 1130 1612 3042
621 809 1130 1612 2631
621 809 1130 1612 3041
621 809 1130 1612 2420
621 809 1130 1612 2893
621 809 1130 1612 2490
621 809 1612 2063 2735
621 809 1612 2063 3043
621 809 1612 2063 2280
621 809 1612 2063 3125
621 809 1612 2063 2664
621 809 1612 2063 2613
621 809 1612 2063 3113
621 809 1612 2063 3338
621 809 1612 2063 2631
621 809 1612 2063 2594
621 809 1612 2063 3040
621 809 1612 2063 2879
621 809 1612 2063 2461
809 943 1612 2735
809 943 1612 2471
809 943 1612 3043
809 943 1612 3125
809 943 1612 2664
809 943 1612 2613
809 943 1612 3113
809 943 1612 3338
809 943 1612 2756
809 943 1612 3042
809 943 1612 2631
809 943 1612 2893
809 943 1612 3040
809 943 1612 2490
809 943 1612 2879
809 943 1612 2461
809 943 1130 1612 2735
809 943 1130 1612 2471
809 943 1130 1612 3043
809 943 1130 1612 2280
809 943 1130 1612 3125
809 943 1130 1612 2613
809 943 1130 1612 3113
809 943 1130 1612 3338
809 943 1130 1612 2756
809 943 1130 1612 3042
809 943 1130 1612 3041
809 943 1130 1612 2594
809 943 1130 1612 2893
809 943 1130 1612 3040
809 943 1130 1612 2490
809 943 1130 1612 2879
809 943 1130 1612 2461
809 943 1612 2063 2735
809 943 1612 2063 2471
809 943 1612 2063 3043
809 943 1612 2063 2280
809 943 1612 2063 2664
809 943 1612 2063 2613
809 943 1612 2063 3113
809 943 1612 2063 3338
809 943 1612 2063 2756
809 943 1612 2063 3041
809 943 1612 2063 2594
809 943 1612 2063 2893
809 943 1612 2063 3040
809 943 1612 2063 2490
809 943 1612 2063 2879
809 943 1612 2063 2461
222 227 335 515 2498
199 222 258 335 515
222 258 335 515 2498
199 222 335 515 1976
222 335 515 1976 2498
222 335 348 515 2498
222 335 515 521 2498
348 398 415 2339 2850
398 415 950 2339 2850
208 521 620 2824 3387
521 620 2520 2824 3387
208 258 620 2824 3387
258 620 2520 2824 3387
207 258 620 2824 3387
258 620 2824 3326 3387
661 828 949 2706 2839
661 828 949 2839 2864
670 828 949 2839 3247
661 828 949 2839 3247
661 828 949 2839 2906
348 670 828 2706 2839
348 670 828 2839 2864
348 661 828 2839 2864
348 670 828 2839 2868
348 661 828 2839 2868
348 661 828 2839 3247
348 670 828 2839 2906
258 670 828 2706 2839
258 661 828 2706 2839
258 670 828 2839 2864
258 661 828 2839 2864
258 670 828 2839 2868
258 661 828 2839 2868
258 670 828 2839 3247
258 661 828 2839 3247
258 670 828 2839 2906
258 661 828 2839 2906
242 661 828 2706 2839
242 670 828 2839 2864
242 661 828 2839 2864
242 661 828 2839 2868
242 661 828 2839 3247
242 670 828 2839 2906
258 934 2090 3167 3282
258 934 2090 2151 3282
317 934 2090 3167 3282
621 1259 2167 2652 3045
255 1259 2167 2652 3045
777 1975 2081 2625 2825
777 1975 2081 2825 3302
777 1975 2081 2620 2825
777 898 2081 2625 2825
777 898 2081 2825 3063
777 898 2081 2825 3302
777 898 2081 2620 2825
715 2811
847 2086
407 715
407 847
466 715
466 847
679 715
679 847
634 715
634 847
715 917
847 917
381 715
708 847
304 847
398 847
715 1995
663 715
473 715
473 847
715 2052
715 1999
847 1183
459 715
459 847
366 847
453 847
715 2034
847 2034
715 1020
847 1020
668 847
715 1184
847 1184
715 2810
715 1595
847 1595
595 835 836 950 2204
595 835 836 950 2364
348 595 835 836 2311
348 595 835 836 2364
227 731 967 2524 2839
227 731 967 2262 2839
227 731 967 2421 2839
227 731 967 2257 2839
227 731 967 2390 2839
227 731 967 2839 3024
227 731 967 2221 2839
348 731 967 2524 2839
348 731 967 2257 2839
348 731 967 2390 2839
348 731 967 2839 3024
258 731 967 2262 2839
258 731 967 2421 2839
258 731 967 2257 2839
258 731 967 2390 2839
258 731 967 2839 3024
258 731 967 2588 2839
258 731 967 2764 2839
258 731 967 2221 2839
731 949 967 2257 2839
731 949 967 2390 2839
731 949 967 2221 2839
50 95 142 3100
30 33 47 1583
348 1905 1938 2599 2835
805 949 1761 2823 3011
949 1607 1761 2823 3001
949 1607 1761 2642 2823
949 1607 1761 2823 2843
348 805 1761 2823 3011
348 805 1761 2642 2823
348 805 1761 2823 2843
348 1607 1761 2823 3011
348 1607 1761 2823 3001
348 1607 1761 2642 2823
348 1607 1761 2823 2843
1806 1848
1848 1949
1848 1938
1848 1906
1749 1848
576 1848
1281 1848
1775 1848
565 1848
1140 1848
935 1848
735 1848
569 1848
1505 1848
428 515 557 950 2651
428 515 950 2651 2855
348 428 515 557 2651
348 428 515 2651 2855
227 428 515 2651 2855
293 348 715 1046 2658
348 715 821 1046 2658
348 715 1046 1691 2658
348 715 821 1047 2658
348 715 1047 1691 2658
293 348 1046 1925 2658
348 1046 1691 1925 2658
348 821 1047 1925 2658
348 1047 1691 1925 2658
293 715 950 1046 2658
715 821 950 1046 2658
715 950 1046 1691 2658
293 715 950 1047 2658
715 821 950 1047 2658
821 950 1046 1925 2658
950 1046 1691 1925 2658
293 950 1047 1925 2658
213 227 533 2161 2807
213 533 949 2161 2807
213 348 533 2161 2807
715 3053
715 1013
715 1290
715 1014
348 856 1104 2019 3194
348 856 1104 2019 2366
348 715 856 1104 2366
348 715 1035 1104 2930
348 715 1035 1104 3194
348 715 1035 1104 2366
258 856 1104 2019 3194
258 1035 1104 2019 2930
258 1035 1104 2019 3194
258 1035 1104 2019 2366
258 715 856 1104 2930
258 715 856 1104 3194
258 715 856 1104 2366
258 715 1035 1104 2930
258 715 1035 1104 3194
258 715 1035 1104 2366
621 856 1104 2019 2930
621 715 856 1104 2930
621 715 856 1104 3194
621 715 1035 1104 3194
998 1224
185 594 621 809 3108
185 258 594 809 3108
138 152 163 527
374 715
374 2841
715 1860
1860 2841
1492 2841
597 715
1266 2841
715 881
881 2841
371 715
715 1528
1528 2841
715 1818
715 1530
1530 2841
715 1815
1815 2841
1494 2841
715 1493
715 1523
1523 2841
715 1223
1223 2841
715 1927
1927 2841
715 1037
1037 2841
715 1526
1526 2841
1945 2841
535 715
532 715
532 2841
715 753
715 1097
1097 2841
602 2841
715 961
961 2841
1495 2841
583 715
583 2841
1216 2841
1691 2841
715 1496
1496 2841
715 1529
1529 2841
715 1816
1816 2841
715 880
880 2841
715 1025
715 1817
688 715
801 950 1053 2826 3004
227 743 801 2826 3004
227 801 1053 2826 3004
258 743 801 2826 3004
297 431
297 1045
286 504 621 2379 2826
286 504 621 2826 3213
286 504 621 2377 2826
286 504 621 2826 2843
255 286 504 2768 2826
255 286 504 2327 2826
255 286 504 2826 3213
255 286 504 2377 2826
255 286 504 2826 2843
281 1882 1894 2785 3025
348 1882 1894 2785 3025
258 1882 1894 2785 3025
348 683 892 2619 2814
683 892 949 2619 2814
683 949 1777 2619 2814
227 683 1777 2619 2814
683 892 1965 2619 2814
348 510 1820 2813 3362
348 1606 1820 2813 3362
348 510 1820 2739 2813
348 1606 1820 2739 2813
510 950 1820 2813 3362
950 1606 1820 2813 3362
281 1606 1820 2813 3362
281 510 1820 2739 2813
258 510 1820 2813 3362
281 477 1839 3036 3342
281 477 1288 1839 3342
348 1161 2100 2814 3102
621 1161 2100 2814 3102
258 1161 2100 2814 3102
242 1161 2100 2814 3102
285 348 896 1251 3117
258 285 896 1251 3110
715 855 943 1196 2609
715 855 943 1196 2965
715 855 943 1196 3274
715 855 943 1196 2769
715 855 943 1196 2400
715 855 943 1196 2749
715 854 943 1196 2609
715 854 943 1196 2413
715 854 943 1196 3274
715 854 943 1196 2769
715 854 943 1196 2749
855 943 1196 2609 3377
855 943 1196 2236 3377
855 943 1196 2413 3377
855 943 1196 2250 3377
854 943 1196 2609 3377
854 943 1196 2965 3377
854 943 1196 2769 3377
854 943 1196 2749 3377
621 715 855 1196 2609
621 715 855 1196 2236
621 715 855 1196 2413
621 715 855 1196 2250
621 715 855 1196 3274
621 715 855 1196 2769
621 715 855 1196 2400
621 715 855 1196 2749
621 715 854 1196 2236
621 715 854 1196 2965
621 715 854 1196 2250
621 715 854 1196 3274
621 715 854 1196 2749
621 855 1196 2413 3377
621 855 1196 2965 3377
621 855 1196 3274 3377
621 855 1196 2400 3377
621 854 1196 2609 3377
621 854 1196 2236 3377
621 854 1196 2965 3377
621 854 1196 2250 3377
621 854 1196 3274 3377
621 854 1196 2769 3377
621 854 1196 2749 3377
1070 1937
246 1070
246 1069
246 469
246 1849
246 1022
246 1068
246 879
882 1937
246 882
1872 1937
246 1872
1875 1937
246 1796
1499 1937
246 1499
379 1937
246 379
246 1520
246 1524
348 532 715 1691 3148
348 532 715 1691 3122
348 532 715 1691 2211
532 949 1691 1873 3148
532 949 1691 1873 3122
532 949 1691 1873 2211
532 715 949 1691 3148
532 715 949 1691 2211
532 950 1691 1873 2211
532 715 950 1691 2211
281 532 1691 1873 3148
281 532 1691 1873 2211
281 532 715 1691 3148
281 532 715 1691 2211
799 898 919 2881 3379
799 898 919 2649 3379
799 919 949 2890 3379
799 919 949 2881 3379
799 919 949 2649 3379
799 919 949 2531 3379
242 1161 1733 2814 3200
348 1161 2125 2814 3200
348 1161 1733 2814 3200
621 1161 2125 2814 3200
348 755 1998 2896 3378
348 755 1998 2665 3378
348 755 1998 2194 3378
348 755 1998 2896 3032
348 755 1998 3032 3279
348 755 1998 2665 3032
348 755 1998 2194 3032
255 755 1998 3279 3378
255 755 1998 3032 3279
755 943 1998 2896 3378
755 943 1998 2665 3378
755 943 1998 3032 3279
755 943 1998 2665 3032
281 1882 1883 2999 3025
348 1882 1883 2999 3025
281 1029 2051 2805 3211
281 1029 2051 2805 3215
280 1029 2051 2805 3211
280 1029 2051 2805 3215
35 63
348 1223 1526 1873 2866
281 715 1223 1526 2866
281 715 1223 1526 2680
281 1223 1526 1873 2866
715 950 1223 1526 2866
715 950 1223 1526 2680
950 1223 1526 1873 2866
809 949 1185 1694 2395
348 891 1176 2488 2842
348 891 1176 2288 2842
258 893 1176 2751 2842
258 891 1176 2751 2842
258 891 1176 2488 2842
258 891 1176 2288 2842
255 809 1039 2127
255 809 1039 3322
255 809 1039 2912
255 809 1039 3043
809 1039 1965 2127
809 1039 1965 3172
348 809 1039 2127
348 809 1039 3322
348 809 1039 3172
348 809 1039 2912
258 266 733 2219 2836
255 733 1260 2219 2836
255 266 733 2219 2836
417 715 950 1897 2337
715 950 1897 1902 2337
715 950 1897 1902 2667
417 715 950 1897 2469
715 950 1897 1902 2426
417 715 950 1897 2228
715 950 1897 1902 2328
715 950 1897 1902 2283
417 715 950 1897 2241
715 950 1897 1902 2241
417 715 950 1897 2307
715 950 1897 1902 2307
417 715 950 1897 2310
417 715 950 1897 2677
715 950 1897 1902 2677
417 715 950 1897 2309
715 950 1897 1902 2309
715 950 1897 1902 2572
417 715 950 1897 2993
715 950 1897 1902 2993
417 950 1897 2337 3379
950 1897 1902 2667 3379
417 950 1897 2469 3379
950 1897 1902 2469 3379
950 1897 1902 2426 3379
950 1897 1902 2228 3379
417 950 1897 2328 3379
417 950 1897 2283 3379
950 1897 1902 2241 3379
950 1897 1902 2310 3379
417 950 1897 2677 3379
950 1897 1902 2677 3379
417 950 1897 2162 3379
417 950 1897 2309 3379
950 1897 1902 2309 3379
417 950 1897 2572 3379
950 1897 1902 2572 3379
417 950 1897 2993 3379
950 1897 1902 2993 3379
417 715 949 1897 2337
715 949 1897 1902 2337
417 715 949 1897 2667
417 715 949 1897 2469
417 715 949 1897 2426
715 949 1897 1902 2426
715 949 1897 1902 2228
417 715 949 1897 2248
715 949 1897 1902 2248
715 949 1897 1902 2328
715 949 1897 1902 2283
417 715 949 1897 2241
417 715 949 1897 2307
715 949 1897 1902 2310
417 715 949 1897 2677
715 949 1897 1902 2677
417 715 949 1897 2162
417 715 949 1897 2309
715 949 1897 1902 2309
417 715 949 1897 2572
715 949 1897 1902 2572
715 949 1897 1902 2993
949 1897 1902 2337 3379
949 1897 1902 2667 3379
417 949 1897 2469 3379
417 949 1897 2426 3379
949 1897 1902 2426 3379
949 1897 1902 2228 3379
949 1897 1902 2283 3379
417 949 1897 2241 3379
417 949 1897 2307 3379
949 1897 1902 2307 3379
417 949 1897 2310 3379
417 949 1897 2677 3379
949 1897 1902 2677 3379
949 1897 1902 2162 3379
949 1897 1902 2309 3379
417 949 1897 2572 3379
949 1897 1902 2993 3379
138 161 164 1583
58 70 97 1583
1143 1676
225 1676
1082 2082
225 2082
369 1082
1082 2088
1143 2088
225 2088
367 1082
225 367
1082 2077
225 2077
1082 2071
225 2071
225 2074
368 1082
225 368
839 1082
839 1143
225 839
418 715
715 1246
314 715
314 1869
861 1869
715 1565
749 1869
927 1869
715 1799
1290 1869
332 1869
449 715
449 1869
293 715
1002 1869
715 953
271 1869
1087 1869
715 811
182 715
676 715
676 1869
1316 1869
715 1853
715 926
715 1677
1677 1869
715 1861
715 1830
715 1173
1173 1869
715 1273
331 715
331 1869
1869 1947
1869 1910
715 1221
1221 1869
812 1869
715 875
875 1869
513 715
715 1241
1241 1869
1196 1869
982 1869
844 1869
1008 1869
715 1354
715 1016
1016 1869
1869 1983
1869 2086
1207 1869
715 2030
1869 2030
411 715
411 1869
715 1684
604 715
604 1869
1329 1869
598 1869
696 1869
715 1597
1597 1869
715 1248
1869 1982
1869 1898
715 1168
1168 1869
715 981
981 1869
341 1869
1869 2166
1012 1869
507 715
507 1869
715 842
842 1869
445 715
715 3382
1869 3382
715 1287
715 1015
1015 1869
715 813
813 1869
261 715
261 1869
745 1869
715 1096
1096 1869
715 1604
1604 1869
715 1984
1869 1984
358 715
358 1869
715 2118
715 1240
1240 1869
983 1869
420 715
420 1869
1205 1869
715 1169
1169 1869
664 715
664 1869
843 1869
1869 3250
715 2075
1869 2075
377 715
377 1869
855 1869
1869 2085
715 1913
1869 1913
715 1517
715 1917
1317 1869
715 874
874 1869
357 715
357 1869
715 1594
1869 2031
352 1869
220 308 515 949 2792
308 515 949 1795 2296
220 308 515 949 2296
308 515 949 1795 2891
220 308 515 949 2891
308 515 949 1795 2291
308 515 949 1795 3005
220 308 515 949 3005
308 515 949 1795 3290
220 308 515 949 3290
308 515 949 1795 2765
220 308 515 949 2765
220 308 515 950 2149
220 308 515 950 2792
308 515 950 1795 2296
220 308 515 950 2296
220 308 515 950 2886
220 308 515 950 2891
308 515 950 1795 2291
220 308 515 950 2291
308 515 950 1795 3005
220 308 515 950 3005
220 308 515 950 3290
308 515 950 1795 2765
220 308 515 950 2765
130 133 159 1583
421 3099
590 3099
2087 3099
348 921 1271 1925 3029
348 715 921 1271 2934
715 921 950 1271 2934
715 921 950 1271 3029
258 663 715 981 2564
258 715 981 1008 2564
258 715 981 1008 2260
258 663 981 2564 3377
258 981 1008 2564 3377
258 981 1008 2363 3377
258 663 981 2260 3377
663 715 949 981 2363
949 981 1008 2564 3377
663 949 981 2363 3377
949 981 1008 2363 3377
663 949 981 2260 3377
348 663 715 981 2564
348 715 981 1008 2564
348 663 715 981 2363
348 663 715 981 2260
348 981 1008 2564 3377
242 1635 2049 3047 3153
227 1635 2049 3047 3093
348 649 1635 2521 3047
348 1635 2049 3047 3128
258 1635 2049 3047 3153
649 1635 2123 3047 3153
1635 2049 2123 3047 3093
348 489 1810 2840 3166
950 1134 2829 3061 3065
950 1134 1914 2793 2829
950 1134 1914 2506 2829
348 1134 2758 2829 3065
348 1134 1914 2758 2829
215 577 658 2143 2820
577 690 1992 2142 2820
242 577 1992 2143 2820
242 577 1992 2142 2820
242 577 1992 2144 2820
621 1014 2012 2750 3377
621 696 1096 3021 3377
621 696 1096 2750 3377
621 715 1014 1096 2332
621 715 1014 2012 3022
621 715 1014 2012 2323
621 696 715 2012 2332
348 1014 1096 2332 3377
348 1014 2012 3021 3377
348 715 1014 1096 2332
348 715 1014 1096 2323
348 696 715 1096 2332
348 696 715 1096 3021
348 696 715 2012 2750
258 1014 2012 3022 3377
258 1014 2012 2711 3377
258 696 1096 3022 3377
258 696 1096 2711 3377
258 696 2012 2323 3377
258 715 1014 2012 2750
258 696 715 2012 3022
258 696 715 1096 3022
258 696 715 2012 2323
1033 3058
1448 3058
1899 3058
1446 3385
1440 3058
227 537 1757 3028 3379
537 715 950 1757 3028
345 348 2012 3015 3379
345 348 1096 2163 3379
345 621 2012 3015 3379
345 621 2012 2163 3379
345 621 2012 2980 3379
345 621 715 1096 3015
258 345 2012 2797 3379
258 345 1096 3015 3379
258 345 2012 2163 3379
258 345 2012 2750 3379
258 345 715 2012 2797
258 345 715 1096 2163
258 345 715 2012 2980
258 345 715 1096 2750
147 162 172 1583
258 372 1994 2831 3197
660 690 2084 2820 3013
39 46 49 1583
204 255 930 1651 2833
275 1322
275 1323
275 1324
158 162 167 1583
1088 1755
275 1088
275 2122
348 515 1003 1774 2685
348 515 923 1003 3070
348 515 885 923 2157
348 515 885 923 2158
337 348 515 885 3070
337 515 621 1003 2158
515 621 885 1774 3123
515 621 885 1774 2158
515 621 885 923 2158
337 515 621 885 3070
515 621 885 923 3070
215 1663 1664 2624 2817
303 562
303 1218
273 1714
273 803
273 1188
303 1113
303 1566
303 391
273 647
303 1023
273 464
303 464
273 561
303 318
273 483
255 1705 1729 2823 2942
718 1705 1729 2823 2942
348 1782 1808 2834 3275
1148 1784
333 1564
333 1513
333 1570
1973 2086
502 774 943 2362 2819
502 774 1776 2779 2819
255 502 774 2779 2819
739 1776 2453 2840 2954
739 1776 2840 2954 3304
739 1776 2840 2954 3353
255 739 2453 2840 3269
255 739 2840 2954 3304
255 739 2840 3269 3304
592 1797
1797 1802
287 1144
287 2009
1267 1797
1028 1143
1797 2065
542 1143
619 1144
619 2009
526 1797
1143 1907
796 1797
796 1143
1144 1269
1269 2009
1144 1262
1262 2009
291 1144
637 1797
531 1144
996 1143
631 1797
436 1797
1143 1166
1142 2009
1143 1277
1143 1558
2009 2113
1439 1797
1144 1265
1143 1265
1264 1797
1264 2009
705 1143
1144 1672
1672 1797
1144 1145
213 1144
213 1797
1009 2009
300 1144
1143 1279
1143 1803
1921 2009
1268 1797
1143 1268
706 1797
437 2009
1144 1276
1276 2009
533 1797
1479 1797
302 1144
302 1797
422 1143
290 1797
1143 1278
1143 1282
386 1797
390 1797
390 2009
255 438 631 2146 2807
438 631 1965 2146 2807
438 631 1965 2145 2807
621 1272 2487 2829 3206
621 1272 2549 2829 3206
621 1272 2351 2829 3206
1272 1965 2487 2829 3206
762 1965 2305 2829 3206
762 1965 2748 2829 3206
348 569 1775 2722 2835
210 621 1167 2626 2828
210 621 1167 2341 2828
210 621 1167 2563 2828
210 621 1167 2828 2996
210 621 1167 2760 2828
210 621 1650 2341 2828
210 255 1167 2341 2828
210 255 1167 2760 2828
210 255 1167 2223 2828
210 255 1167 2743 2828
210 255 1650 2660 2828
210 255 1650 2828 2941
210 255 1650 2341 2828
210 255 1650 2563 2828
210 255 1650 2492 2828
210 255 1650 2760 2828
258 299 885 2150 2838
258 299 885 2435 2838
299 621 885 2435 2838
299 621 885 2329 2838
299 621 885 2838 2959
299 348 885 2329 2838
278 1711
278 1885
278 1882
238 872
715 872
715 1073
621 1747 1782 2834 3321
621 1747 1781 2834 3321
1747 1782 1976 2834 3317
1747 1782 1976 2834 3321
1092 1933
171 172 175 1583
327 1552
327 1103
324 1103
298 1103
650 1103
324 579
298 579
579 650
650 984
1234 1550
298 1234
1550 2033
1228 1550
259 1228
650 1228
183 327
259 1231
650 1231
327 1159
1550 1554
650 1229
1227 1550
324 1227
1550 1555
650 1555
650 1233
258 1165 1735 2281 2814
227 1165 1735 2281 2814
1887 2014
1879 2014
1888 2014
216 763
216 520
282 1516
282 1988
538 621 973 1964 2784
538 621 973 1139 2198
348 1653 1812 2831 3112
258 1653 1812 2831 3201
281 1653 1812 2831 3192
242 1653 1812 2831 3192
215 1653 1812 2831 3112
621 702 1866 2681 2840
621 702 1866 2436 2840
255 702 1866 2681 2840
227 702 1866 2681 2840
227 702 1977 2485 2840
227 702 1977 2535 2840
348 702 1866 2681 2840
348 702 1866 2485 2840
348 702 1977 2840 3348
348 702 1866 2840 3348
258 970 1665 2468 2817
215 970 1665 2817 3337
215 970 1665 2555 2817
292 1719
245 1719
1284 1719
338 1719
1637 1974
234 1637
997 3026
678 997
328 2091
678 1210
327 1210
1208 1974
327 1208
327 508
328 508
234 508
234 1151
328 946
328 1568
999 3026
678 999
623 1974
327 623
328 623
1656 3026
1656 1974
327 1656
328 1656
1974 1981
328 1981
884 937 949 2673 3046
348 884 937 2673 3046
227 884 937 2673 3033
1156 1158 1785 2814 3200
242 1156 1158 2814 3200
1156 1158 1965 2814 3200
1156 1748 1965 2814 3200
348 1156 1158 2814 3200
258 724 902 2558 2829
258 724 902 2181 2829
215 724 902 2538 2829
215 724 902 2697 2829
215 724 902 2134 2829
319 694
272 348 715 2466
272 621 2361 2836
226 1280
226 673
226 494
258 669 2016 2495 2814
258 669 2016 2782 2814
669 1963 2016 2318 2814
669 1963 2016 2518 2814
227 669 2016 2495 2814
227 669 2016 2518 2814
255 669 2016 2726 2814
621 669 2016 2635 2814
348 669 2016 2318 2814
775 1518
710 1518
1518 1737
341 1518
454 792
348 515 1534 3074 3140
521 642 1195 2423 2842
715 3284
715 1047
715 1046
363 920 1270 2922 3057
363 715 920 1270 2922
363 920 1270 2995 3039
227 1761 2004 2823 3258
348 1761 2004 2823 3258
460 791 887 3056 3261
460 791 943 3056 3307
460 791 943 3056 3261
460 715 791 943 2365
258 840 1055 2826 2846
258 840 1055 2674 2826
621 840 1055 2826 2846
227 840 1055 2674 2826
442 457 515 950 2747
595 949 1716 1760 2541
348 595 1716 1760 2772
258 801 2056 2826 3176
242 801 810 2826 3176
293 348 1982 3297 3377
293 348 1982 3306 3377
258 293 1982 3297 3377
293 950 1982 3301 3377
1478 1948
224 952
224 1748
224 2104
1478 2107
1164 1478
224 444
224 1162
224 1308
224 2103
1478 2016
224 835
224 2026
487 1478
224 780
224 1855
224 2101
1163 1478
1175 1478
1106 1478
539 1478
224 1939
224 669
224 1179
1478 1720
1478 2021
1313 1478
224 1312
224 1165
1165 1478
224 1721
224 990
224 1608
224 1697
224 1723
227 891 1712 2842 3156
227 894 1712 2842 3156
348 891 1712 2842 3156
27 32 46 1583
515 949 1289 1701 2208
515 949 1289 1701 2152
515 949 1289 1701 2347
258 515 1289 1701 2267
258 515 1289 1701 2208
1198 1785 2047 2233 2826
1198 1785 2047 2349 2826
227 1198 2047 2242 2826
205 227 1198 2047 2826
227 1198 2047 2826 3276
205 348 1198 2047 2826
348 1198 2047 2325 2826
554 979
249 1411
249 895
554 2025
249 2025
327 2025
249 1412
327 1412
554 635
327 635
554 1408
554 1732
327 1732
234 1700
249 1410
234 1746
234 1074
327 1409
554 1000
327 1000
554 1093
554 1405
249 250
249 251
234 251
554 1703
249 1702
249 2017
554 1407
554 1044
327 1044
554 1403
249 1403
554 939
234 1404
327 1924
249 556
234 541
298 883
650 1620
327 1620
324 2029
327 2029
327 1548
298 644
324 644
327 2007
650 1546
324 1043
298 1623
324 1514
324 1545
324 1547
572 650
298 2079
484 650
327 848
650 1556
650 1197
324 1197
324 382
327 382
650 987
650 1689
324 769
298 462
324 462
298 567
324 1740
298 884
650 1625
298 1041
327 1041
324 461
327 461
650 2952
650 2097
650 1544
324 1544
298 1660
324 1659
256 1130
621 683 1734 2814 3136
683 943 1734 2814 3136
595 621 838 1498 2326
595 621 838 1253 2513
595 621 838 1253 2539
595 621 838 1253 3041
595 621 838 1498 3041
595 621 838 1498 2484
595 621 838 1498 2336
595 621 838 1498 2541
548 595 621 1253 2326
548 595 621 1498 2218
548 595 621 1253 2265
548 595 621 1253 2177
281 595 838 1498 2326
281 595 838 1253 2513
281 595 838 1498 2513
281 595 838 1498 3041
281 595 838 1498 2484
281 595 838 1498 2265
281 548 595 1253 3041
281 548 595 1498 3041
281 548 595 1253 2541
281 548 595 1253 3384
281 548 595 1498 3384
348 595 838 1498 2388
348 595 838 1253 2513
348 595 838 1498 2336
348 595 838 1253 2541
348 548 595 1498 2336
348 548 595 1253 2177
258 595 838 1498 2326
258 595 838 1498 2513
258 595 838 1498 3041
258 595 838 1253 2484
258 595 838 1253 2218
258 595 838 1498 2336
258 548 595 1498 2484
258 548 595 1253 2218
258 548 595 1498 2265
595 838 949 1253 2388
595 838 949 1498 2513
595 838 949 1498 3041
595 838 949 1253 2484
595 838 949 1498 2218
595 838 949 1253 2766
595 838 949 1498 2177
595 838 949 1498 3384
548 595 949 1498 2388
548 595 949 1253 2539
548 595 949 1498 2484
548 595 949 1253 2218
548 595 949 1498 2514
348 498 1951 2826 2910
348 727 1951 2826 3228
348 727 1951 2826 2908
348 498 1951 2826 3088
255 727 1951 2826 3228
227 727 1951 2826 3228
227 498 1951 2826 3228
227 498 1951 2826 2946
227 727 1951 2826 3336
227 700 809 976 2395
227 700 809 1185 2218
227 700 809 976 2787
227 700 809 976 3183
227 700 809 1185 3183
227 700 809 1185 2668
348 700 809 1185 2969
348 700 809 976 2783
348 700 809 1185 2218
348 700 809 976 2582
348 700 809 976 3183
348 700 809 1185 2668
348 700 809 976 2661
255 700 809 1185 2292
255 700 809 1185 2783
255 700 809 976 2582
255 700 809 1185 2582
255 700 809 976 2481
255 700 809 976 2668
700 809 949 976 2295
700 809 949 1185 2582
700 809 949 976 2481
700 809 949 1185 2481
700 809 949 976 2668
700 809 949 1185 2661
258 1064 1800 2823 3016
348 1064 1800 2823 3016
227 1064 1800 2823 3016
227 1064 1800 2505 2823
348 841 1728 2528 2823
1341 1960
924 1341
908 1960
924 1331
924 1344
924 1347
758 909
1336 1960
1343 1960
1345 1960
924 1340
1339 1960
924 1339
924 1342
200 1960
200 924
1333 1960
758 1346
231 393
231 580
231 1304
189 858
231 1549
231 588
231 1880
858 1506
231 1506
858 1215
452 858
858 2005
589 858
231 589
858 1929
231 2080
231 1930
395 858
858 1155
231 1155
231 593
587 858
734 1238 1776 2178 2826
496 734 1776 2178 2826
496 734 1776 2826 3044
496 734 1776 2463 2826
348 496 734 2178 2826
258 534 2176 2817
258 534 2817 3293
489 741 1785 2840 3012
348 493 911 914 2553
258 493 911 914 2553
227 447 755 809 2285
235 255 447 755 2471
235 447 755 943 2471
348 447 755 809 2285
388 538 713 1956 2374
388 538 713 1956 2409
388 538 1956 1975 2569
388 538 1249 1956 3181
388 538 1249 1956 2646
388 538 898 1956 2569
530 690 1666 2817 3238
258 530 1666 2817 3145
242 817 1858 2826 3239
348 817 1858 2826 3239
1180 1291
641 1291
1291 1786
1291 1482
973 1291
1291 1964
1844 1867 1976 2440 2997
1075 1752
219 1752
723 1752
629 1752
1192 1752
230 1752
234 672
234 1160
234 1878
234 642
348 493 912 918 2272
255 1563 1972 3185 3377
1 4 8 1583
621 1914 1978 2458 2829
621 1914 1978 2226 2829
230 621 1914 2131 2829
230 621 1914 2793 2829
348 497 1062 2826 3374
515 889 950 1970 3361
515 889 950 1970 2441
515 889 950 1970 3233
515 889 950 1958 3361
515 889 950 1958 2522
515 889 950 1958 3233
348 515 889 1970 2605
348 515 889 1958 2886
348 515 889 1958 2939
348 515 889 1958 2441
227 515 889 1970 3361
227 515 889 1970 2522
227 515 889 1970 2886
227 515 889 1970 2371
227 515 889 1958 2500
227 515 889 1958 2371
227 515 889 1958 3233
255 738 840 2286 2826
621 738 840 2641 2826
621 738 840 2182 2826
621 738 840 2251 2826
621 738 840 2826 3263
496 726 1776 2360 2826
348 726 1237 2826 3221
227 726 1237 2360 2826
227 726 1693 2360 2826
227 935 1281 2835 3253
748 950 1022 2122 2276
748 950 1022 2122 2159
748 950 1872 2122 2159
748 1022 1975 2122 2160
748 1872 1975 2122 2160
748 1022 1975 2122 2276
348 431 1045 2830 3203
557 678
220 678
296 678
523 678
263 678
467 678
678 1738
361 678
630 678
613 678
678 695
610 678
678 889
285 896 950 1250 3105
227 285 896 1250 3105
715 802 1270 1835 3177
715 802 1270 1835 2384
715 802 1270 1835 2648
715 802 1270 1835 2210
802 1270 1835 1925 2648
715 802 1835 2123 2654
949 1006 1788 2822 3080
949 1006 1788 2822 2877
715 799 949 1551 2875
715 799 949 1551 3080
715 799 949 1006 2877
715 799 949 1006 2900
799 1551 1975 2822 2875
1551 1788 1975 2822 2875
799 1551 1975 2822 2877
1006 1788 1975 2822 2875
799 1006 1975 2822 2877
799 1006 1975 2822 2947
1006 1788 1975 2822 2947
799 1006 1975 2611 2822
715 1551 1788 1975 2875
715 1551 1788 1975 2877
715 799 1551 1975 2900
715 799 1551 1975 2947
715 799 1551 1975 2611
715 1551 1788 1975 2611
715 799 1006 1975 2875
715 1006 1788 1975 2877
950 1551 1788 2822 2877
799 950 1006 2822 2877
799 950 1006 2822 2900
950 1006 1788 2822 2947
715 950 1551 1788 3080
715 950 1551 1788 2877
715 950 1551 1788 2900
715 950 1551 1788 2947
715 799 950 1006 2877
715 950 1006 1788 2900
348 1075 1847 2345 2829
348 1192 1847 2829 3094
715 857 1270 1835 2394
857 1270 1835 1925 2394
857 1835 1925 1975 2924
857 1835 1925 1975 3080
348 712 957 2598 2840
348 957 1480 2598 2840
348 957 1561 2598 2840
255 292 550 2222 2819
264 759 1076 2808 3081
264 1076 1077 2808 3079
264 1076 1077 2808 3077
621 735 941 2745 2835
255 735 941 2213 2835
285 348 505 837 2253
285 348 505 837 2459
285 348 826 837 3143
285 505 837 949 2253
285 548 826 949 2253
285 548 826 949 2459
0 6 177 527
215 252 294 2824 3288
215 252 294 2824 3224
252 258 294 2824 3243
252 258 294 2824 3288
252 258 294 2824 3224
353 647 1094 2821 2885
647 718 1094 2821 2885
522 1224
257 1480
257 1571
257 1750
582 1655
621 1949 2721 2835 3386
258 313 378 2826 2872
258 313 2064 2679 2826
496 1054 2123 2679 2826
496 521 1054 2826 2872
313 348 2064 2679 2826
262 1754
262 1214
1157 2061
1157 2028
1960 2028
1157 1198
504 1157
504 1960
817 1960
1559 1960
1157 1172
1172 1960
1433 1960
1864 1960
402 1157
1052 1157
1052 1960
1826 1960
1055 1960
910 1157
286 1157
286 1960
1157 2106
1157 2047
648 1960
404 1157
404 1960
727 1157
378 1157
378 1960
968 1960
584 1960
1877 1960
659 1157
1823 1960
498 1157
868 1960
313 1157
1053 1157
1053 1960
1960 2056
1157 1725
738 1960
726 1157
1599 1960
1960 2023
1960 2060
1157 2062
866 1157
1157 1693
270 515 950 1773 2264
270 515 950 1773 2517
270 515 950 1773 3070
309 515 950 1773 2517
309 515 950 1773 3070
515 950 1738 1773 2503
515 950 1738 1773 2156
270 323 515 1773 2713
309 323 515 1773 2264
309 323 515 1773 2217
309 323 515 1773 2156
323 515 1738 1773 2264
323 515 1738 1773 2517
270 515 1773 1965 2264
270 515 1773 1965 2217
270 515 1773 1965 2517
270 515 1773 1965 2716
309 515 1773 1965 2407
309 515 1773 1965 2217
309 515 1773 1965 2503
309 515 1773 1965 2156
515 1738 1773 1965 2713
515 1738 1773 1965 2503
515 1738 1773 1965 3070
515 1738 1773 1965 2156
385 728 1785 2826 3258
385 621 728 2754 2826
169 172 174 1583
595 826 949 1863 3223
227 1141 1505 2835 3133
621 1141 1505 2576 2835
133 156 165 1583
757 1438 1976 2206 2825
348 715 861 981 2897
255 861 981 2861 3377
255 861 981 2897 3377
621 715 861 981 2861
621 715 861 981 3274
861 949 981 3274 3377
861 949 981 2897 3377
1388 3034
518 756
756 814
756 1078
756 1138
190 518
190 814
518 1398
1078 1398
518 996
814 996
996 1082
518 1384
814 1384
1078 1384
1138 1384
225 1385
814 1385
1082 1397
1078 1397
1138 1392
192 2027
192 1138
1387 3034
1387 2027
1082 1386
1078 1386
1078 1396
1138 1390
225 1391
1078 1391
518 1383
1383 2027
1078 1383
348 1280 2115 2736 2828
348 1280 2115 2828 2863
950 1569 1837 2852 3025
950 1569 1885 2898 3025
950 1569 1837 2629 3025
348 1569 1837 2898 3025
348 1569 1837 2629 3025
281 1569 1837 2852 3025
280 477 1288 1908 3268
255 448 902 2474 2829
258 448 902 2656 2829
448 690 902 2173 2829
983 986 1270 2920 3377
983 986 1270 2935 3377
715 983 986 1270 2931
715 983 986 1270 3115
317 417 662 715 2337
317 417 662 715 3141
317 417 662 715 2732
317 417 662 715 2547
317 417 662 2430 3379
317 417 662 2762 3379
317 417 662 2670 3379
317 417 662 2477 3379
317 417 662 2547 3379
417 662 715 949 2516
417 662 715 949 2337
417 662 715 949 3141
417 662 715 949 2313
417 662 715 949 2586
417 662 715 949 2670
417 662 949 2516 3379
417 662 949 2315 3379
348 467 515 695 2604
348 515 523 695 2604
227 467 515 695 2501
227 515 523 695 2501
348 425 576 2737 2835
348 425 1906 2444 2835
712 1065 1965 2598 2840
227 712 1065 2598 2840
348 712 1065 2598 2840
348 712 1065 2129 2840
258 712 1065 2598 2840
1061 1062 1785 2745 2826
348 1061 1062 2220 2826
348 1061 1062 2182 2826
227 1061 1062 2182 2826
227 1061 1062 2419 2826
258 625 1699 2820 3244
227 324 1543 2007 2215
223 366
253 258 2072 2346 2824
348 423 515 1795 2329
348 423 515 1795 3308
348 423 515 1795 2991
348 423 515 1795 2607
348 423 515 1795 2540
258 423 515 1795 2570
258 423 515 1795 3167
227 423 515 1795 2491
227 423 515 1795 2570
1200 1247
351 1200
777 1200
719 1200
993 1200
739 2027
1561 2027
1977 2027
773 2027
540 595 996 1776 3072
255 540 595 996 3072
258 1037 1522 1873 2775
950 1037 1522 1873 2775
715 950 1037 1522 2986
281 715 1037 1522 2986
280 1037 1522 1873 2986
348 1575 1577 2813 3366
258 292 1615 2815 3132
11 40 46 1583
255 1010 2836 3031
227 1010 2836 3031
348 505 595 731 3024
348 595 731 828 2174
348 505 595 731 2370
595 621 731 828 2370
595 621 828 1236 3024
595 621 828 1236 2174
258 595 731 828 2370
227 505 595 1236 2174
17 22 47 1583
1117 1841
1117 1844
662 715 949 985 2895
662 715 949 985 3017
662 715 949 985 2940
662 949 985 2378 3379
662 949 985 2368 3379
195 348 1921 2807 3154
54 89 139 1583
484 1224
246 671
246 836
246 1863
246 548
246 834
246 2024
108 123 158 1583
281 595 829 837 2889
281 595 829 1760 2889
281 595 661 1760 2513
281 595 661 837 2889
281 595 670 837 2513
281 595 670 837 2589
281 595 837 1716 2513
281 595 1716 1760 2589
348 595 829 837 2889
348 595 829 837 2589
348 595 661 837 2513
348 595 661 1760 2889
348 595 670 837 2513
348 595 670 1760 2513
348 595 670 837 2589
595 829 837 949 2589
595 661 837 949 2513
595 670 837 949 2589
595 837 949 1716 2513
595 837 949 1716 2889
198 348 1011 1879 2556
198 258 1011 1879 2302
281 291 619 2172 2807
227 291 619 2807 3173
1252 1753 2123 2834 3318
255 1252 1753 2834 3318
242 1462 1813 2816 3000
690 1661 1687 2817 3145
20 47 1583
1430 1617
1427 1617
260 1589
260 1510
260 1590
1425 1617
1292 1617
260 1426
1431 1617
260 1431
258 1707 1814 2786 2829
258 1707 1814 2425 2829
258 846 1673 2829 2901
258 846 1673 2422 2829
846 943 1673 2422 2829
348 1707 1814 2422 2829
348 846 1707 2422 2829
348 846 1673 2786 2829
309 515 621 794 2551
323 440 515 859 2140
323 440 515 859 3296
323 440 515 1774 3075
323 515 859 889 2139
323 515 889 1774 3296
440 515 950 1774 3310
440 515 950 1774 2139
440 515 950 1774 3294
440 515 950 1792 2608
440 515 859 950 2608
515 889 950 1774 3310
515 859 889 950 2140
515 889 950 1774 2608
242 821 1171 3147 3379
242 714 1171 2532 3379
242 714 1171 2943 3379
242 667 714 3147 3379
242 667 821 3147 3379
242 667 714 3124 3379
242 715 821 1171 2943
242 714 715 1171 3124
242 715 821 1171 3127
242 667 714 715 3147
242 667 714 715 2943
242 667 714 715 3124
258 714 1171 3147 3379
258 714 1171 2532 3379
258 821 1171 3127 3379
258 667 821 3150 3379
258 667 714 2532 3379
258 667 821 3127 3379
258 715 821 1171 2532
258 667 714 715 3147
258 667 714 715 3150
258 667 715 821 2943
348 714 1171 3150 3379
348 714 1171 2943 3379
348 667 714 3147 3379
348 667 821 3150 3379
348 667 821 3127 3379
348 714 715 1171 3150
348 714 715 1171 2943
348 667 715 821 3150
348 667 714 715 2532
348 667 714 715 3124
348 667 715 821 3127
821 949 1171 3124 3379
667 821 949 3147 3379
667 714 715 949 3147
667 715 821 949 3124
621 728 1198 2377 2826
621 728 1198 2312 2826
227 728 1198 2736 2826
348 728 1198 2642 2826
242 525 2073 2804 3050
29 47 1583
215 1726 2013 3038 3364
258 1726 2013 3038 3187
604 715 982 1270 2648
604 715 982 1270 2951
346 604 1270 2994 3377
604 982 1270 2648 3377
658 690 2820 3027 3327
515 931 950 1186 3313
515 931 950 1186 2854
23 30 46 1583
348 742 1986 2386 2807
255 742 1986 2807 3257
742 1270 1986 2436 2807
742 1270 1986 2807 3257
742 1270 1986 2650 2807
34 43 46 1583
258 515 794 1979 2304
258 515 794 1979 2278
348 1745 1886 2376 3025
348 1745 1886 3025 3256
348 1745 1886 2689 3025
950 1745 1886 2376 3025
281 1745 1886 2376 3025
243 337 348 515 2369
337 348 515 2369 3319
243 255 337 515 2259
255 337 515 2369 3319
337 515 949 2615 3319
337 515 949 2369 3319
227 243 337 515 2615
227 337 515 2615 3319
621 715 1032 2224 3101
621 715 1032 2387 3101
621 715 1032 2956 3101
621 715 1032 2289 3101
621 715 1032 2616 3101
621 715 733 2323 3101
621 715 733 2797 3101
621 715 733 2956 3101
621 715 733 2289 3101
621 715 733 3101 3225
621 715 733 2974 3101
356 621 715 2224 3101
356 621 715 2616 3101
621 1032 2224 2836 3101
621 1032 2323 2836 3101
621 1032 2375 2836 3101
621 1032 2836 3101 3142
621 733 2224 2836 3101
621 733 2323 2836 3101
621 733 2836 2974 3101
356 621 2797 2836 3101
486 943 1015 1196 2138
486 621 1015 1196 2135
486 621 1015 1196 2133
621 1015 1196 2136 3377
62 72 97 1583
255 337 515 2116 3291
337 515 898 2116 2744
337 515 898 2116 3309
337 515 898 2116 3291
337 515 1963 2116 3303
227 370 516 1519 2271
412 1116
228 435
761 778 1270 2232 2836
715 761 778 1270 2387
295 348 946 999 2367
295 348 571 623 2590
72 75 100 1583
1291 1683
950 1710 1895 2696 3025
950 1710 1895 2230 3025
950 1711 1895 2696 3025
1502 1730
44 92 102 1583
323 664 1825 2317 3377
323 664 1825 2248 3377
323 664 1825 2698 3377
323 513 664 2317 3377
323 513 664 2368 3377
323 513 664 2545 3377
323 513 664 2396 3377
323 513 664 2591 3377
323 664 1008 2209 3377
323 664 1008 2753 3377
323 664 1008 2437 3377
323 664 1008 2315 3377
323 664 1008 2560 3377
664 949 1825 2317 3377
664 949 1825 2645 3377
664 949 1825 2545 3377
664 949 1825 2663 3377
664 949 1825 2396 3377
664 949 1825 2707 3377
664 949 1825 2199 3377
664 949 1825 2315 3377
664 949 1825 2698 3377
664 949 1825 2560 3377
513 664 949 2645 3377
513 664 949 2545 3377
513 664 949 2663 3377
513 664 949 2753 3377
513 664 949 2544 3377
513 664 949 2248 3377
513 664 949 2437 3377
513 664 949 2169 3377
664 949 1008 2532 3377
664 949 1008 2544 3377
664 949 1008 2199 3377
258 715 938 1737 3355
521 938 1737 2836 3355
521 938 1737 2836 3232
727 1056 1776 2448 2826
348 727 1056 2448 2826
621 727 1056 2826 3068
621 727 1056 2448 2826
227 515 1531 1536 2731
197 348 1061 2536 2826
197 621 1061 2536 2826
197 621 1061 2192 2826
348 548 595 671 2577
548 595 827 949 2577
548 595 827 949 2763
595 827 837 949 2763
595 671 837 949 2519
538 601 886 1785 2185
538 645 886 1785 2795
227 538 645 886 2185
227 538 601 886 2185
255 538 645 886 2185
255 538 601 886 2903
538 645 886 1965 2795
521 546 2092 2316 2835
521 546 2092 2835 3341
258 546 2092 2835 3341
258 546 2092 2776 2835
215 546 2092 2776 2835
305 595 621 1716 2548
305 595 621 1716 3060
305 595 621 1716 2580
595 621 964 1716 3060
595 621 964 1716 2580
227 595 964 1716 2580
305 348 595 1716 2548
348 595 964 1716 2548
348 595 964 1716 3060
348 1575 1822 2813 3149
684 1723 1965 2814 3212
255 684 1723 2814 3212
1294 1937
1643 1937
1299 1937
501 1049
187 1937
1937 2120
501 1146
1146 1937
1297 1937
544 1937
563 715
240 1424
240 2086
240 1182
715 1182
240 364
715 800
240 1756
240 873
715 1153
715 1421
240 1413
215 549 1017 2820 3161
234 1627
234 2094
234 1626
234 1624
515 611 612 2123 3231
258 1667 1669 2817 3106
690 1667 1669 2523 2817
690 1667 1669 2817 3106
1084 1453
1084 1476
1042 1459
1084 1095
1042 1095
1042 1437
1042 1452
1084 1457
1042 1457
1084 1474
1084 1456
1042 1456
1288 1839
258 339 715 1737 2401
258 339 715 1737 2794
258 339 715 1737 2249
215 339 1737 2494 2836
215 339 715 1737 2401
255 1008 1015 2451 3377
255 1008 1015 2902 3377
621 1008 1015 2902 3377
75 98 107 1583
246 1708
180 538 901 943 2338
180 538 901 943 2179
180 538 901 943 2552
180 538 943 973 2403
180 538 621 901 2338
180 538 621 901 2403
180 538 621 901 2470
180 538 621 901 2612
180 538 621 973 2434
180 538 621 973 2187
180 348 538 901 2301
180 348 538 901 2231
180 348 538 901 2612
180 348 538 973 2179
334 1614
1614 1616
1614 1638
506 1614
471 1614
376 1614
381 458 950 2245 2850
227 381 458 2464 2850
952 1733 1776 2814 3191
952 1733 1776 2814 3168
952 1733 1776 2814 3195
952 1735 1776 2814 3196
255 952 1733 2814 3195
255 952 1735 2814 3195
255 952 1735 2814 3196
943 952 1733 2814 2873
943 952 1735 2814 3191
943 952 1735 2814 2873
943 952 1735 2814 3168
783 952 1735 2814 3168
898 952 1733 2814 3168
898 952 1733 2814 3196
952 1733 2123 2814 3195
952 1733 1976 2814 2873
952 1735 1976 2814 3168
255 2729 2819 2953 2985
255 2717 2819 2953 2985
943 2819 2953 2985 3175
621 2729 2819 2953 2985
621 2254 2819 2953 2985
621 2447 2819 2953 2985
621 2717 2819 2953 2985
621 2504 2819 2953 2985
617 621 1679 2334 2812
397 782
530 690 1670 2817 3069
485 660
485 1992
624 1042
1042 1085
540 1042
519 790
246 1038
227 515 613 614 3242
653 809 943 944 2412
258 653 809 944 2412
258 653 809 944 2969
941 943 1141 2348 2835
239 242 308 1701 3103
239 308 348 1701 3241
239 308 950 1701 3103
239 308 950 1701 3218
397 521 1521 2813 3380
69 78 97 1583
223 348 714 822 2169
223 348 714 822 2943
223 348 714 822 2904
223 348 714 822 2723
223 348 714 822 2308
348 714 822 2851 2904
348 714 715 822 3031
348 714 715 822 2904
223 714 822 949 3031
290 1262 2123 2807 3076
111 119 157 1583
586 689
384 715
715 806
296 515 889 950 2486
296 515 889 950 2708
227 296 515 889 2989
258 296 515 889 2533
258 296 515 819 2533
258 296 515 819 2989
296 348 515 889 2708
296 348 515 819 2989
715 1171
219 715
715 920
536 715
715 1897
1219 1937
246 1219
1236 1937
191 1937
191 246
657 1937
246 1250
227 247 515 1003 2287
247 515 621 1003 2959
247 515 621 1003 3298
247 515 621 1003 2148
247 515 621 1003 3290
247 515 621 1003 2991
247 348 515 1003 3298
247 348 515 1003 2958
348 1987 1991 2823 2856
348 805 1987 2823 3354
227 805 1987 2823 2856
227 805 1987 2823 2966
340 621 2694 2850
255 340 2527 2850
198 258 1675 1887 2858
198 348 1675 1685 2888
198 348 1675 1685 2647
2 33 41 1583
258 1481 1856 2669 3378
621 1481 1856 2404 3378
258 408 1286 2834 3095
615 950 1769 2827 3315
615 950 1769 2827 3299
615 950 1769 2684 2827
258 1634 1846 2557 2815
1994 2126
853 1187
648 718 1951 2826 3018
648 718 1951 2826 3216
348 648 1951 2826 3216
348 648 1951 2585 2826
648 1270 1951 2585 2826
827 949 964 2700 2839
348 827 964 2839 3217
348 827 964 2290 2839
348 827 964 2699 2839
258 827 964 2839 3217
242 827 964 2700 2839
242 827 964 2290 2839
354 621 709 2833 3066
515 950 1957 2894
515 950 1957 2457
515 950 1957 2605
515 950 1957 2891
515 950 1957 2892
950 1957 2838 3346
950 1957 2838 2876
950 1957 2838 2945
348 515 1957 2605
348 515 1957 2945
348 1957 2838 2894
348 1957 2838 2933
348 1957 2605 2838
348 1957 2427 2838
258 515 1957 2894
258 515 1957 2957
258 1957 2838 3346
258 1957 2838 2894
289 348 1865 2456 2840
289 1865 1965 2456 2840
621 719 2825 3134
584 1059 2123 2826 3082
348 2034 2052 2850 3350
348 2034 2052 2579 2850
348 2034 2052 2566 2850
950 2034 2052 2566 2850
227 2034 2052 2566 2850
348 650 707 1118 2741
673 1167 1965 2675 2828
286 348 1864 2826 3067
286 621 1864 2826 3067
348 692 1733 2814 3262
1800 1965 1988 2251 2823
72 104 172 1583
258 285 896 1219 3105
285 896 950 1219 3117
536 903 949 2455 3379
258 536 715 903 2564
348 536 715 903 2564
227 536 715 903 2205
267 621 715 747 2361
268 621 747 2361 2836
268 621 747 2791 2836
267 621 747 2791 2836
268 348 715 747 2361
267 348 747 2361 3039
268 348 747 2361 2836
348 747 2791 2836
267 348 747 2791 2836
227 715 747 2791
227 268 747 2791 3039
227 747 2791 3039
227 747 2361 2836
255 747 2791 3039
255 268 747 2791 2836
255 267 747 2361 2836
274 729 949 2225 2833
227 274 729 2225 2833
1926 2095
1762 1926
488 2119
488 1679
1768 1926
488 1680
1680 1926
488 1649
1649 1926
1609 1926
488 2043
1926 2043
488 1123
1926 2067
488 2001
488 766
488 1932
488 1285
1285 1926
488 1239
1239 1926
451 488
227 497 910 2424 2826
227 910 1052 2826 2862
497 910 1965 2424 2826
497 910 1965 2826 3363
497 910 1965 2826 2862
348 910 1052 2826 3363
348 910 1052 2826 2862
70 93 98 1573
1678 1953
1678 1808
1286 1678
281 615 1810 2827 3204
667 715
242 773 956 2840 3151
25 28 47 1583
380 949 2710 2810 2850
380 949 2244 2810 2850
380 949 2621 2810 2850
227 380 2575 2810 2850
227 380 2691 2810 2850
348 380 2575 2810 2850
348 681 1652 2816 3285
215 1110 1632 2820 3236
898 1018 1645 2155 2825
1018 1975 2081 2155 2825
621 1018 1645 2155 2825
258 285 825 1716 2868
258 285 825 1716 2319
258 285 825 1716 2390
258 285 825 1716 2320
285 825 949 1716 2868
1245 1611
1245 1580
823 1245
360 1504
209 1937
1436 1504
732 1245
1937 2008
1026 1937
1658 1937
1473 1937
1504 1574
1125 1937
1125 1504
788 1245
788 1937
1245 1578
1578 1937
1504 1968
1245 1610
1610 1937
1504 1610
1245 1486
1486 1937
1486 1504
1471 1937
1798 1937
1736 1937
1504 1736
1502 1504
1245 1467
1470 1937
703 1245
703 1504
1245 1576
1504 1576
1937 2032
1127 1245
1127 1504
1648 1937
603 1245
603 1937
1217 1245
609 1937
1245 1579
1245 1647
1465 1504
1504 1943
1937 3089
1503 1937
798 1245
1489 1937
1537 1937
787 1245
1245 1989
1504 1989
970 3385
1990 3385
1667 3385
1671 3385
1669 3385
221 974 1912 2815 2984
215 974 1912 2273 2815
217 621 1145 2807 3356
217 255 1145 2353 2807
217 255 1145 2807 3356
217 227 1145 2807 3356
217 1145 1270 2353 2807
348 633 737 2727 2840
621 633 737 2727 2840
621 1581 1633 2411 3054
621 1601 1633 2411 3054
950 1209 1999 2850 3210
950 1209 1999 2850 3320
950 1209 1999 2850 3271
227 1209 1999 2850 3271
348 1209 1999 2850 3320
348 1209 1999 2850 3271
288 348 945 2234 2840
347 348 945 2234 2840
347 348 945 2840 3138
348 900 2089 2724 2836
281 900 2089 2445 2836
524 1551
524 1187
697 1706
215 511 1959 3051 3295
258 516 1718 1936 2402
348 1066 1081 2546 2808
258 664 981 2944 3377
258 664 715 981 2861
258 715 861 981 2861
621 861 981 2944 3377
621 664 715 981 2861
664 715 949 981 2861
621 1135 1190 2293 3032
621 1135 1190 2896 3032
621 1135 1190 2515 3378
227 1135 1777 3032 3280
227 1135 1777 2896 3032
227 1135 1190 3280 3378
258 1135 1190 2293 3378
258 1135 1777 3280 3378
258 1135 1190 2896 3378
258 1135 1777 2896 3378
255 1135 1190 2896 3032
255 1135 1190 2293 3378
348 1135 1190 2293 3378
348 1135 1190 2515 3378
348 1135 1190 3280 3378
242 1135 1190 3032 3280
242 1135 1190 2515 3378
242 1135 1777 2896 3378
348 1104 1513 2019 2653
348 715 1104 1513 2653
258 441 1104 2019 2653
258 1104 1513 2019 2752
258 715 1104 1513 2653
258 715 1104 1513 2199
258 715 1104 1513 2752
258 441 456 715 2653
258 441 456 715 2752
441 456 621 2019 2752
621 715 1104 1513 2752
441 621 715 1104 2752
456 621 715 1513 2752
348 1749 1806 2584 2835
164 170 172 1573
326 342
348 1516 1991 2823 2849
934 949 1909 2973 3282
950 1593 1952 2790 2812
950 1593 1952 2812 3214
950 1593 1952 2483 2812
348 1593 1952 2684 2812
348 1593 1952 2483 2812
949 1593 1952 2812 3328
512 521 1933 3051 3295
797 988 1965 2828 3176
797 988 1965 2828 3158
348 797 988 2828 3176
348 797 988 2828 3162
715 857 949 1804 2874
857 949 1804 2809 2926
857 1804 1975 2809 2874
949 1944 2575 2811 2850
348 1944 2811 2850 3170
1790 1856
531 542 1965 2807 3003
719 949 2685 2825
949 991 2788 2825
949 991 993 2685 2825
949 991 993 2825 3169
949 991 2825 3169
621 719 991 2331 2825
621 719 993 2788 2825
621 719 991 2685 2825
621 719 991 2825 3169
621 719 2825 2960
621 719 993 2825 2960
621 991 993 2189 2825
621 991 993 2331 2825
621 991 993 2788 2825
621 991 2297 2825
621 991 2168 2825
621 991 2825 3169
719 1965 2825 3283
719 1965 2297 2825
719 1965 2825 3169
991 993 1965 2189 2825
991 1965 2825 3283
991 993 1965 2788 2825
991 1965 2297 2825
991 1965 2825 2960
991 1965 2733 2825
281 595 701 833 2306
348 595 701 833 2324
345 715 943 2006 3323
345 943 2006 2565 3379
345 943 2006 2352 3379
345 621 715 2006 3323
345 621 2006 2769 3379
255 375 1867 2968 2997
86 94 141 1583
323 536 1209 2853 3379
323 536 1209 3199 3379
323 357 536 3320 3379
323 357 536 3237 3379
265 323 357 3267 3379
265 323 357 2853 3379
265 323 1209 3199 3379
258 537 1209 3375 3379
258 357 537 3107 3379
258 357 537 3254 3379
258 357 537 3199 3379
258 537 1209 3320 3379
258 357 537 3320 3379
258 537 1209 3237 3379
258 536 1209 3375 3379
258 357 536 3375 3379
258 536 1209 2853 3379
258 265 1209 3375 3379
258 265 357 3267 3379
258 265 1209 3107 3379
258 265 1209 3199 3379
537 1209 1976 3254 3379
537 1209 1976 3199 3379
357 537 1976 3199 3379
537 1209 1976 3237 3379
536 1209 1976 3107 3379
357 536 1976 3254 3379
536 1209 1976 3320 3379
265 357 1976 3375 3379
265 357 1976 3267 3379
265 357 1976 2853 3379
265 1209 1976 3254 3379
265 1209 1976 3320 3379
265 1209 1976 3237 3379
265 357 1976 3237 3379
537 950 1209 3375 3379
357 537 950 3375 3379
537 950 1209 3199 3379
357 537 950 3199 3379
536 950 1209 3375 3379
357 536 950 2853 3379
536 950 1209 3320 3379
536 950 1209 3237 3379
357 536 950 3237 3379
265 357 950 3199 3379
348 357 537 3375 3379
348 357 536 3375 3379
348 536 1209 3107 3379
348 536 1209 2853 3379
348 536 1209 3254 3379
348 357 536 3254 3379
348 357 536 3199 3379
265 348 1209 3254 3379
265 348 1209 3320 3379
265 348 357 3237 3379
348 595 768 2024 3347
258 595 768 2024 2508
227 595 768 2024 2508
595 768 950 2024 2333
729 1763
274 1763
518 1367
1078 1086
518 1366
518 1372
518 1373
518 1080
1034 1644 1688 2614 3049
430 1525
413 430
412 430
430 432
430 463
348 869 2056 2826 3091
348 1877 2047 2826 3345
258 1877 2047 2325 2826
258 1877 2047 2424 2826
949 969 1680 2812 2971
949 969 1680 2812 3096
949 969 1680 2578 2812
348 969 1680 2214 2812
348 969 1680 2191 2812
348 969 1680 2812 3330
348 387 1843 2845 2997
348 387 1843 2997 3270
387 621 1843 2845 2997
621 1841 1842 2845 2997
227 1841 1843 2997 3270
227 1841 1842 2997 3270
215 229 365 1919 3059
215 365 1919 2800 3035
317 932 933 3146 3282
258 932 933 3146 3282
710 775 1965 2299 2836
710 775 1965 2836 3335
710 1096 1965 2544 2836
710 1096 1965 2836 3207
710 775 1965 2636 2836
710 775 1965 2299 3377
710 775 1965 3124 3377
710 1096 1965 3335 3377
710 1096 1965 2636 3377
710 1096 1965 2918 3377
710 775 1965 2918 3377
710 1096 1965 2454 3377
710 775 1965 2454 3377
710 1096 1965 2405 3377
710 1096 1965 2299 3039
710 775 1965 3039 3335
710 775 1965 3039 3207
710 1096 1965 2918 3039
710 1096 1965 2289 3039
348 765 1064 2823 3007
227 304 394 2574 2850
304 348 394 2574 2850
304 394 1976 2438 2850
1256 1935
1935 1940
1244 1935
1361 1937
636 1935
1935 1942
1257 1937
1257 1935
1360 1937
1360 1935
831 1937
831 1935
1258 1937
1356 1935
731 1937
837 1937
1935 1941
1004 1937
312 1935
1255 1937
355 1935
1363 1937
414 621 1953 2834 3189
664 949 1209 2740 3377
664 715 949 1209 2670
664 715 950 1209 2740
283 319 348 2809 3184
53 58 95 1583
53 58 95 1573
95 102 1583
258 516 687 1109 2981
348 1121 1723 2814 2983
348 1121 1723 2814 3159
348 1121 1723 2814 2978
1121 1723 1965 2814 2978
227 1121 1723 2814 2983
347 1772 1776 2433 2840
347 1596 1776 2433 2840
347 1772 1776 2840 3344
347 1772 1776 2638 2840
255 347 1596 2398 2840
255 347 1596 2840 3344
255 347 1596 2638 2840
227 347 1596 2398 2840
221 253 330 2460 2824
284 1261
236 1261
316 321 2123 2809 2871
316 321 621 2809 2871
214 515 638 2123 2175
258 627 1667 2550 2817
258 582 1833 2815 3006
258 807 841 2823 3016
281 510 2837 3277 3349
348 510 2837 3277 3349
1270 1572 1692 2690 2829
1270 1572 1692 2416 2829
198 281 1115 1675 3019
436 706 1776 2807 2919
436 796 1776 2807 2919
436 706 2123 2807 3138
348 1775 1806 2599 2835
281 1775 1806 2599 2835
255 504 781 2826 3084
504 621 781 2826 3084
348 509 797 2666 2828
348 797 1090 2480 2828
348 509 797 2480 2828
227 797 1090 2666 2828
797 949 1090 2666 2828
797 949 1090 2480 2828
797 949 1090 2639 2828
242 1711 1884 2963 3025
242 1711 1884 2688 3025
281 1711 1884 2718 3025
950 1711 1884 2963 3025
950 1711 1884 2688 3025
473 949 2811 2850 3178
95 113 117 1583
348 595 756 830 2606
258 500 648 2826 3333
258 500 648 2826 3331
258 500 648 2826 3332
348 500 648 2826 3358
285 716 783 1845 2964
285 755 783 1845 3126
285 755 783 1845 3131
285 755 783 1845 2964
621 738 1433 2826 3234
227 738 1433 2826 3234
227 538 699 1067 2602
538 699 949 1067 3119
538 699 949 1067 3120
538 699 949 1067 2602
538 699 949 1067 2938
517 2038
621 809 1612 2280
621 809 1612 2613
621 809 1612 3041
621 809 1612 2893
621 809 1130 1612 2735
621 809 1130 1612 3043
621 809 1130 1612 2280
621 809 1130 1612 3125
621 809 1130 1612 3113
621 809 1130 1612 3338
621 809 1130 1612 2594
621 809 1130 1612 3040
621 809 1130 1612 2461
621 809 1612 2063 3042
621 809 1612 2063 3041
621 809 1612 2063 2490
809 943 1612 2420
809 943 1612 2594
809 943 1130 1612 2631
199 222 227 335 515
199 222 335 348 515
199 222 335 515 521
227 398 415 2339 2850
208 215 620 2824 3387
215 620 2824 3326 3387
670 828 949 2706 2839
670 828 949 2839 2864
348 670 828 2839 3247
348 661 828 2839 2906
242 670 828 2839 2868
242 661 828 2839 2906
317 934 2090 2151 3282
777 1975 2081 2825 3063
847 2811
458 715
458 847
847 1002
568 847
394 715
380 715
380 847
708 715
715 1183
415 715
711 715
715 1911
847 1911
453 715
715 1120
847 1120
847 2810
227 731 967 2764 2839
258 731 967 2524 2839
731 949 967 2524 2839
731 949 967 2839 3024
731 949 967 2588 2839
154 168 172 1583
154 168 172 1573
805 949 1761 2823 3001
805 949 1761 2642 2823
805 949 1761 2823 2843
348 805 1761 2823 3001
1848 1850
1508 1848
789 1848
1141 1848
564 1848
425 1848
227 428 515 557 2651
348 526 533 2161 2807
715 994
348 856 1104 2019 2930
348 715 856 1104 2930
258 856 1104 2019 2366
621 1035 1104 2019 2930
621 1035 1104 2019 2366
185 255 594 809 3108
715 1522
1522 2841
715 1494
1493 2841
535 2841
753 2841
602 715
715 1216
1025 2841
1129 2841
618 2841
1817 2841
688 2841
743 801 950 2826 3004
258 801 1053 2826 3004
286 504 621 2768 2826
255 286 504 2601 2826
37 48 1583
227 515 558 1535 2446
510 950 1820 2739 2813
950 1606 1820 2739 2813
281 510 1820 2813 3362
281 1606 1820 2739 2813
1161 1758 2100 2814 3102
285 348 896 1251 3110
258 285 896 1251 3117
285 896 950 1251 3117
715 855 943 1196 2236
715 855 943 1196 2413
715 854 943 1196 2236
715 854 943 1196 2965
715 854 943 1196 2400
855 943 1196 2965 3377
855 943 1196 2769 3377
855 943 1196 2749 3377
854 943 1196 2413 3377
854 943 1196 2250 3377
854 943 1196 3274 3377
854 943 1196 2400 3377
621 715 855 1196 2965
621 715 854 1196 2609
621 715 854 1196 2400
621 855 1196 2236 3377
621 855 1196 2769 3377
621 855 1196 2749 3377
469 1937
383 1937
246 383
1829 1937
246 1829
246 1071
246 1875
201 1937
348 532 1691 1873 3148
348 532 1691 1873 3122
532 715 950 1691 3148
532 715 950 1691 3122
799 898 919 2890 3379
255 755 1998 2665 3378
255 755 1998 2194 3032
755 943 1998 2194 3378
950 1029 2051 2805 3211
348 715 1223 1526 2866
348 715 1223 1526 2680
281 1223 1526 1873 2680
281 1223 1526 1873 2200
715 950 1223 1526 2200
950 1223 1526 1873 2680
348 893 1176 2751 2842
348 891 1176 2751 2842
258 893 1176 2288 2842
809 1039 1965 3043
348 809 1039 3043
258 733 1260 2219 2836
715 950 1897 1902 2469
417 715 950 1897 2248
715 950 1897 1902 2248
417 715 950 1897 2328
417 715 950 1897 2283
715 950 1897 1902 2310
715 950 1897 1902 2162
417 950 1897 2228 3379
950 1897 1902 2283 3379
417 950 1897 2241 3379
417 950 1897 2307 3379
950 1897 1902 2307 3379
417 950 1897 2310 3379
950 1897 1902 2162 3379
715 949 1897 1902 2469
417 715 949 1897 2228
715 949 1897 1902 2307
417 715 949 1897 2310
715 949 1897 1902 2162
417 949 1897 2337 3379
949 1897 1902 2469 3379
417 949 1897 2248 3379
949 1897 1902 2248 3379
949 1897 1902 2241 3379
369 1143
1143 2074
1246 1869
1565 1869
715 927
1799 1869
366 1869
332 715
953 1869
271 715
715 1087
811 1869
182 1869
346 1869
715 1316
1853 1869
715 986
513 1869
715 1196
1354 1869
715 1983
1869 3073
715 1207
1684 1869
598 715
696 715
1248 1869
715 1898
715 1012
663 1869
445 1869
600 1869
1869 2118
419 1869
472 1869
606 715
460 715
460 1869
715 1355
715 843
715 3250
184 715
715 855
715 2085
1869 1917
715 854
1594 1869
220 308 515 949 2149
220 308 515 949 2886
308 515 949 1795 2530
220 308 515 949 2291
308 515 950 1795 2955
308 515 950 1795 2149
308 515 950 1795 2886
308 515 950 1795 2530
220 308 515 950 2530
308 515 950 1795 3290
13 25 44 1583
258 663 715 981 2363
258 715 981 1008 2363
258 663 715 981 2260
258 981 1008 2260 3377
715 949 981 1008 2564
663 715 949 981 2260
715 949 981 1008 2260
663 949 981 2564 3377
949 981 1008 2260 3377
348 715 981 1008 2363
348 663 981 2564 3377
